time_register,email,student_name,student_id,dob,gender,cccd,phone_number,student_email,faculty,major,class,year,gpa,address,distance,priority_reasons,evidence_images,note
29/01/2026 15:05:52,lethidieu1@gmail.com,Lê Thị Diệu,2251164001,09/03/2006,Nữ,1205000001,0438885818,lethidieu1@sv.tlu.edu.vn,Ngôn ngữ học,Ngôn ngữ Anh,66NNA1,năm 4,3.31,Gia Lai,236,"Hộ nghèo cận nghèo, Vùng sâu vùng xa",https://drive.google.com/file/d/13-IM9rVojkmIMc7ATRCxvV4Gu-6TXf6M/view?usp=drivesdk,Tôi cam kết các thông tin trên là đúng sự thật
29/01/2026 15:05:52,phamvancuong2@gmail.com,Phạm Văn Cường,2251164002,01/11/2004,Nam,1205000002,0721678866,phamvancuong2@sv.tlu.edu.vn,Công nghệ thông tin,Trí tuệ nhân tạo,64AI1,năm 3,3.86,Lào Cai,63,"Hộ nghèo cận nghèo, Vùng sâu vùng xa",https://drive.google.com/file/d/1KvrdqGERJQxoPqYYWhMuv9eQ0i-BwjYL/view?usp=drivesdk,Tôi cam kết các thông tin trên là đúng sự thật
29/01/2026 15:05:52,vuthiphuong3@gmail.com,Vũ Thị Phương,2251164003,21/08/2003,Nữ,1205000003,0405168762,vuthiphuong3@sv.tlu.edu.vn,Cơ khí,Cơ khí chế tạo,65CK1,năm 2,3.61,Hưng Yên,525,Hộ nghèo cận nghèo,https://drive.google.com/file/d/1DbTvCsyrN0Kk6TnWbOuuMKyiYEaBy-Ap/view?usp=drivesdk,Tôi cam kết các thông tin trên là đúng sự thật
29/01/2026 15:05:52,vuthiphuong4@gmail.com,Vũ Thị Phương,2251164004,18/05/2003,Nữ,1205000004,0999626994,vuthiphuong4@sv.tlu.edu.vn,Công nghệ thông tin,Trí tuệ nhân tạo,64AI1,năm 4,3.9,Gia Lai,257,Hộ nghèo cận nghèo,https://drive.google.com/file/d/1m_G-BBAycJDRHLmkEPhXohue_e6VcGAp/view?usp=drivesdk,Tôi cam kết các thông tin trên là đúng sự thật
29/01/2026 15:05:52,phamvancuong5@gmail.com,Phạm Văn Cường,2251164005,31/05/2006,Nam,1205000005,0933834368,phamvancuong5@sv.tlu.edu.vn,Xây dựng,Công trình thủy,65CTT1,năm 2,3.39,Lào Cai,343,Vùng sâu vùng xa,https://drive.google.com/file/d/1fJwHU8c_Pgh7_NM08w4h9nNOcJi1OpwJ/view?usp=drivesdk,Tôi cam kết các thông tin trên là đúng sự thật
29/01/2026 15:05:52,lethidieu6@gmail.com,Lê Thị Diệu,2251164006,20/06/2006,Nữ,1205000006,0782612624,lethidieu6@sv.tlu.edu.vn,Công nghệ thông tin,Trí tuệ nhân tạo,64AI1,năm 2,3.7,Gia Lai,15,"Con thương binh, liệt sỹ",https://drive.google.com/file/d/1cM_9V3dIKoKFh3hNqbXpa5qmFfRIJh7m/view?usp=drivesdk,Tôi cam kết các thông tin trên là đúng sự thật
29/01/2026 15:05:52,ngothilan7@gmail.com,Ngô Thị Lan,2251164007,04/10/2004,Nữ,1205000007,0096000404,ngothilan7@sv.tlu.edu.vn,Công nghệ thông tin,Hệ thống thông tin,64HTTT2,năm 3,3.38,Thanh Hóa,575,"Hộ nghèo cận nghèo, Vùng sâu vùng xa",https://drive.google.com/file/d/1spIRNDIkvSY9pg--2h4ZyJjBv2-33bDK/view?usp=drivesdk,Tôi cam kết các thông tin trên là đúng sự thật
29/01/2026 15:05:52,phamvancuong8@gmail.com,Phạm Văn Cường,2251164008,01/05/2005,Nam,1205000008,0367037955,phamvancuong8@sv.tlu.edu.vn,Xây dựng,Kỹ thuật xây dựng,65XDD1,năm 2,3.85,Nghệ An,445,"Hộ nghèo cận nghèo, Vùng sâu vùng xa",https://drive.google.com/file/d/1pAje-OJ2P_87Hcn06NTq4TGEnFci6fIL/view?usp=drivesdk,Tôi cam kết các thông tin trên là đúng sự thật
29/01/2026 15:05:52,dangvankhanh9@gmail.com,Đặng Văn Khánh,2251164009,08/10/2005,Nam,1205000009,0551784021,dangvankhanh9@sv.tlu.edu.vn,Quản trị kinh doanh,Quản trị doanh nghiệp,65QTDN1,năm 4,3.76,Gia Lai,108,Vùng sâu vùng xa,https://drive.google.com/file/d/18hjl-TEwXjx1cnmDPrmPT5YqMqxev6yY/view?usp=drivesdk,Tôi cam kết các thông tin trên là đúng sự thật
29/01/2026 15:05:52,dangvankhanh10@gmail.com,Đặng Văn Khánh,2251164010,05/09/2004,Nam,1205000010,0429279451,dangvankhanh10@sv.tlu.edu.vn,Công nghệ thông tin,Hệ thống thông tin,64HTTT2,năm 2,3.64,Nghệ An,457,"Hộ nghèo cận nghèo, Vùng sâu vùng xa",https://drive.google.com/file/d/1zMAhuZ0dWRgfyuWjsd803-hbgIj-Hiau/view?usp=drivesdk,Tôi cam kết các thông tin trên là đúng sự thật
29/01/2026 15:05:52,dangvankhanh11@gmail.com,Đặng Văn Khánh,2251164011,09/02/2005,Nam,1205000011,0338189173,dangvankhanh11@sv.tlu.edu.vn,Môi trường,Kỹ thuật môi trường,65MT1,năm 4,3.79,Lào Cai,299,,https://drive.google.com/file/d/1WK3COWgvNAddCc-jPMhkR_Mw9B9TAaSo/view?usp=drivesdk,Tôi cam kết các thông tin trên là đúng sự thật
29/01/2026 15:05:52,hoangvanlong12@gmail.com,Hoàng Văn Long,2251164012,08/12/2006,Nam,1205000012,0800633081,hoangvanlong12@sv.tlu.edu.vn,Công nghệ thông tin,Khoa học máy tính,64CNTT1,năm 4,3.27,Hà Nội,382,"Con thương binh, liệt sỹ",https://drive.google.com/file/d/1pMAA9qcobwEyse5tYxAZusUub7prqqGc/view?usp=drivesdk,Tôi cam kết các thông tin trên là đúng sự thật
29/01/2026 15:05:52,tranvanbinh13@gmail.com,Trần Văn Bình,2251164013,17/01/2005,Nam,1205000013,0931654746,tranvanbinh13@sv.tlu.edu.vn,Xây dựng,Kỹ thuật xây dựng,65XDD1,năm 1,2.91,Nghệ An,442,Vùng sâu vùng xa,https://drive.google.com/file/d/1JcSZBRQOTffBsgXJMrMg2Qz56F9L1nFT/view?usp=drivesdk,Tôi cam kết các thông tin trên là đúng sự thật
29/01/2026 15:05:52,dangvankhanh14@gmail.com,Đặng Văn Khánh,2251164014,11/07/2003,Nam,1205000014,0752895132,dangvankhanh14@sv.tlu.edu.vn,Công nghệ thông tin,Khoa học máy tính,64CNTT1,năm 4,2.78,Lào Cai,251,Hộ nghèo cận nghèo,https://drive.google.com/file/d/1_D2Vcr7_-ulC0pNYADOZ0oLepPhF2xZE/view?usp=drivesdk,Tôi cam kết các thông tin trên là đúng sự thật
29/01/2026 15:05:52,ngothilan15@gmail.com,Ngô Thị Lan,2251164015,10/09/2006,Nữ,1205000015,0654016045,ngothilan15@sv.tlu.edu.vn,Công nghệ thông tin,Hệ thống thông tin,64HTTT2,năm 3,3.83,Thanh Hóa,479,Hộ nghèo cận nghèo,https://drive.google.com/file/d/1fYSHnoAWMTaNu0bp8b22rJOafloXmUlm/view?usp=drivesdk,Tôi cam kết các thông tin trên là đúng sự thật
29/01/2026 15:05:52,tranvanbinh16@gmail.com,Trần Văn Bình,2251164016,27/05/2004,Nam,1205000016,0624331238,tranvanbinh16@sv.tlu.edu.vn,Công nghệ thông tin,Kỹ thuật phần mềm,64KTPM1,năm 3,3.36,Gia Lai,184,,https://drive.google.com/file/d/13Mm-LXoxRmUc8QQ2ZfyjKH4euvPYG1ku/view?usp=drivesdk,Tôi cam kết các thông tin trên là đúng sự thật
29/01/2026 15:05:52,dothimai17@gmail.com,Đỗ Thị Mai,2251164017,11/04/2003,Nữ,1205000017,0563884107,dothimai17@sv.tlu.edu.vn,Quản trị kinh doanh,Quản trị doanh nghiệp,65QTDN1,năm 3,3.23,Thanh Hóa,92,"Con thương binh, liệt sỹ",https://drive.google.com/file/d/1mjf95nij8wyN-V9eAJR0tKTMjW61UJb3/view?usp=drivesdk,Tôi cam kết các thông tin trên là đúng sự thật
29/01/2026 15:05:52,dangvankhanh18@gmail.com,Đặng Văn Khánh,2251164018,01/12/2003,Nam,1205000018,0628931860,dangvankhanh18@sv.tlu.edu.vn,Ngôn ngữ học,Ngôn ngữ Anh,66NNA1,năm 4,3.73,Nghệ An,396,Vùng sâu vùng xa,https://drive.google.com/file/d/18Atx_hadMsMBB2BYFgFwOh-pR_0_I5fT/view?usp=drivesdk,Tôi cam kết các thông tin trên là đúng sự thật
29/01/2026 15:05:52,dangvankhanh19@gmail.com,Đặng Văn Khánh,2251164019,12/12/2005,Nam,1205000019,0048152642,dangvankhanh19@sv.tlu.edu.vn,Xây dựng,Kỹ thuật xây dựng,65XDD1,năm 1,3.37,Thanh Hóa,305,"Hộ nghèo cận nghèo, Vùng sâu vùng xa",https://drive.google.com/file/d/1JIkwnYVK6VRRncL1Scg5q8QZCn6ImqMX/view?usp=drivesdk,Tôi cam kết các thông tin trên là đúng sự thật
29/01/2026 15:05:52,nguyenvanan20@gmail.com,Nguyễn Văn An,2251164020,14/02/2003,Nam,1205000020,0341097786,nguyenvanan20@sv.tlu.edu.vn,Môi trường,Kỹ thuật môi trường,65MT1,năm 1,3.53,Hưng Yên,75,,https://drive.google.com/file/d/15vj0j2spJjCv2kwkAbIZUpmBfVDhqomB/view?usp=drivesdk,Tôi cam kết các thông tin trên là đúng sự thật
29/01/2026 15:05:52,dothimai21@gmail.com,Đỗ Thị Mai,2251164021,10/06/2003,Nữ,1205000021,0322716408,dothimai21@sv.tlu.edu.vn,Quản trị kinh doanh,Marketing,65MKT1,năm 3,2.82,Thanh Hóa,110,,https://drive.google.com/file/d/1Z0YKiWS7o-dA59Ci0WsUCHAov7IpfcoM/view?usp=drivesdk,Tôi cam kết các thông tin trên là đúng sự thật
29/01/2026 15:05:52,dothimai22@gmail.com,Đỗ Thị Mai,2251164022,02/12/2005,Nữ,1205000022,0162242076,dothimai22@sv.tlu.edu.vn,Kinh tế,Tài chính ngân hàng,65TCNH1,năm 2,3.70,Hưng Yên,564,,https://drive.google.com/file/d/1qG2NevgPiBK5evfwdxZOqx89sgR6tSiG/view?usp=drivesdk,Tôi cam kết các thông tin trên là đúng sự thật
29/01/2026 15:05:52,dangvankhanh23@gmail.com,Đặng Văn Khánh,2251164023,24/08/2005,Nam,1205000023,0996348727,dangvankhanh23@sv.tlu.edu.vn,Công nghệ thông tin,Kỹ thuật phần mềm,64KTPM1,năm 1,03.05,Hưng Yên,556,,https://drive.google.com/file/d/1Zoq7yLedmkiPrAzs9k8-cTikLxX7kDwC/view?usp=drivesdk,Tôi cam kết các thông tin trên là đúng sự thật
29/01/2026 15:05:52,dangvankhanh24@gmail.com,Đặng Văn Khánh,2251164024,20/11/2006,Nam,1205000024,0168124701,dangvankhanh24@sv.tlu.edu.vn,Kinh tế,Kinh tế xây dựng,65KTXD1,năm 2,2.55,Hưng Yên,463,,https://drive.google.com/file/d/1G3z1uuxHYIlr4J2gBYkSvle-WNIZQHjI/view?usp=drivesdk,Tôi cam kết các thông tin trên là đúng sự thật
29/01/2026 15:05:52,ngothilan25@gmail.com,Ngô Thị Lan,2251164025,18/04/2005,Nữ,1205000025,0507088635,ngothilan25@sv.tlu.edu.vn,Xây dựng,Công trình thủy,65CTT1,năm 3,3.10,Lào Cai,60,,https://drive.google.com/file/d/1iagrkrP4Qu5Rd3olYY27hHW6_F8Ggyea/view?usp=drivesdk,Tôi cam kết các thông tin trên là đúng sự thật
29/01/2026 15:05:52,ngothilan26@gmail.com,Ngô Thị Lan,2251164026,15/03/2004,Nữ,1205000026,0807679354,ngothilan26@sv.tlu.edu.vn,Quản trị kinh doanh,Marketing,65MKT1,năm 4,3.22,Thanh Hóa,272,,https://drive.google.com/file/d/1lz8O2dvedxynsjKfQIKi0GjUmPld59t0/view?usp=drivesdk,Tôi cam kết các thông tin trên là đúng sự thật
29/01/2026 15:05:52,dangvankhanh27@gmail.com,Đặng Văn Khánh,2251164027,04/02/2004,Nam,1205000027,0741905012,dangvankhanh27@sv.tlu.edu.vn,Ngôn ngữ học,Ngôn ngữ Anh,66NNA1,năm 2,2.88,Hưng Yên,5,,https://drive.google.com/file/d/1Jg_bxvuUO5cJwGdX_ah1-C1KEbdS3KXN/view?usp=drivesdk,Tôi cam kết các thông tin trên là đúng sự thật
29/01/2026 15:05:52,vuthiphuong28@gmail.com,Vũ Thị Phương,2251164028,10/07/2003,Nữ,1205000028,0857441450,vuthiphuong28@sv.tlu.edu.vn,Môi trường,Kỹ thuật môi trường,65MT1,năm 1,2.90,Thanh Hóa,364,,https://drive.google.com/file/d/1vrOxIaX5zprZpIDifT1tHjxgab6N84Wk/view?usp=drivesdk,Tôi cam kết các thông tin trên là đúng sự thật
29/01/2026 15:05:52,lethidieu29@gmail.com,Lê Thị Diệu,2251164029,01/09/2003,Nữ,1205000029,0752413547,lethidieu29@sv.tlu.edu.vn,Công nghệ thông tin,Khoa học máy tính,64CNTT1,năm 3,3.75,Hà Nội,159,,https://drive.google.com/file/d/1c6xuSwXuUYKFtJ13Gol-upEmBkWEqveb/view?usp=drivesdk,Tôi cam kết các thông tin trên là đúng sự thật
29/01/2026 15:05:52,vuthiphuong30@gmail.com,Vũ Thị Phương,2251164030,15/04/2005,Nữ,1205000030,0380385797,vuthiphuong30@sv.tlu.edu.vn,Xây dựng,Công trình thủy,65CTT1,năm 4,2.62,Hà Nội,429,,https://drive.google.com/file/d/1IINc6SP2ou_XqlR53MqmgkF9K7qY2n54/view?usp=drivesdk,Tôi cam kết các thông tin trên là đúng sự thật
29/01/2026 15:05:52,hoangvanlong31@gmail.com,Hoàng Văn Long,2251164031,19/06/2004,Nam,1205000031,0953969741,hoangvanlong31@sv.tlu.edu.vn,Công nghệ thông tin,Hệ thống thông tin,64HTTT2,năm 4,2.41,Nghệ An,594,,https://drive.google.com/file/d/1MerAryhpQcRY4xZzflaz-iXE6vNyYTul/view?usp=drivesdk,Tôi cam kết các thông tin trên là đúng sự thật
29/01/2026 15:05:52,hoangvanlong32@gmail.com,Hoàng Văn Long,2251164032,19/07/2005,Nam,1205000032,0545206953,hoangvanlong32@sv.tlu.edu.vn,Kinh tế,Kinh tế xây dựng,65KTXD1,năm 3,2.74,Nghệ An,588,,https://drive.google.com/file/d/15RduE8VLp0w_11NBwM1NMQCErrVpKWM-/view?usp=drivesdk,Tôi cam kết các thông tin trên là đúng sự thật
29/01/2026 15:05:52,dangvankhanh33@gmail.com,Đặng Văn Khánh,2251164033,02/10/2003,Nam,1205000033,0472972306,dangvankhanh33@sv.tlu.edu.vn,Ngôn ngữ học,Ngôn ngữ Trung,66NNT1,năm 3,03.09,Hà Nội,364,,https://drive.google.com/file/d/1fqyQKk6-M8H0GWus_HMM9zPDPKv2RW4l/view?usp=drivesdk,Tôi cam kết các thông tin trên là đúng sự thật
29/01/2026 15:05:52,tranvanbinh34@gmail.com,Trần Văn Bình,2251164034,01/03/2003,Nam,1205000034,0350533770,tranvanbinh34@sv.tlu.edu.vn,Điện – Điện tử,Kỹ thuật điện,65D1,năm 4,2.87,Gia Lai,197,,https://drive.google.com/file/d/1-ZQpAdXxm7im_Dg5mmGy-MkCdgP-DyVS/view?usp=drivesdk,Tôi cam kết các thông tin trên là đúng sự thật
29/01/2026 15:05:52,tranvanbinh35@gmail.com,Trần Văn Bình,2251164035,05/06/2004,Nam,1205000035,0431656709,tranvanbinh35@sv.tlu.edu.vn,Ngôn ngữ học,Ngôn ngữ Trung,66NNT1,năm 1,3.24,Hà Nội,449,,https://drive.google.com/file/d/1mMaQprxUOTNpJUM4kq0t7mmVardZTMA9/view?usp=drivesdk,Tôi cam kết các thông tin trên là đúng sự thật
29/01/2026 15:05:52,dangvankhanh36@gmail.com,Đặng Văn Khánh,2251164036,21/05/2003,Nam,1205000036,0273746750,dangvankhanh36@sv.tlu.edu.vn,Cơ khí,Cơ khí chế tạo,65CK1,năm 3,2.74,Nghệ An,34,,https://drive.google.com/file/d/1evnY1S_cZTF13BcZFsL8vdTBUWqyIWg3/view?usp=drivesdk,Tôi cam kết các thông tin trên là đúng sự thật
29/01/2026 15:05:52,ngothilan37@gmail.com,Ngô Thị Lan,2251164037,20/09/2003,Nữ,1205000037,0736529627,ngothilan37@sv.tlu.edu.vn,Điện – Điện tử,Kỹ thuật điện,65D1,năm 1,3.42,Lào Cai,19,,https://drive.google.com/file/d/1p-rb6sWhprZq-1ks_R34JY8TcH_zY3Hx/view?usp=drivesdk,Tôi cam kết các thông tin trên là đúng sự thật
29/01/2026 15:05:52,ngothilan38@gmail.com,Ngô Thị Lan,2251164038,15/07/2003,Nữ,1205000038,0893066563,ngothilan38@sv.tlu.edu.vn,Kinh tế,Kế toán,65KT1,năm 4,2.88,Nam Định,515,,https://drive.google.com/file/d/1IBqTPc2ItXXVgXD8SR1M_x3ysQU6VNZ-/view?usp=drivesdk,Tôi cam kết các thông tin trên là đúng sự thật
29/01/2026 15:05:52,dothimai39@gmail.com,Đỗ Thị Mai,2251164039,21/08/2003,Nữ,1205000039,0523951556,dothimai39@sv.tlu.edu.vn,Ngôn ngữ học,Ngôn ngữ Trung,66NNT1,năm 3,3.40,Nghệ An,582,,https://drive.google.com/file/d/1kbvBkKvd64nqQy3YPj1NiTn7z9m3otkr/view?usp=drivesdk,Tôi cam kết các thông tin trên là đúng sự thật
29/01/2026 15:05:52,dothimai40@gmail.com,Đỗ Thị Mai,2251164040,09/02/2006,Nữ,1205000040,0585432964,dothimai40@sv.tlu.edu.vn,Công nghệ thông tin,Khoa học máy tính,64CNTT1,năm 1,2.55,Thanh Hóa,548,,https://drive.google.com/file/d/13DXDa9Dj898jY1gmg6Awfi6pXimFenb8/view?usp=drivesdk,Tôi cam kết các thông tin trên là đúng sự thật
29/01/2026 15:05:52,ngothilan41@gmail.com,Ngô Thị Lan,2251164041,05/02/2005,Nữ,1205000041,0343968742,ngothilan41@sv.tlu.edu.vn,Công nghệ thông tin,Kỹ thuật phần mềm,64KTPM1,năm 3,3.30,Hà Nội,437,,https://drive.google.com/file/d/1ALx9ZzUmI3FMTHnLNg85wW0BXvt-n2oA/view?usp=drivesdk,Tôi cam kết các thông tin trên là đúng sự thật
29/01/2026 15:05:52,nguyenvanan42@gmail.com,Nguyễn Văn An,2251164042,07/08/2006,Nam,1205000042,0201715521,nguyenvanan42@sv.tlu.edu.vn,Cơ khí,Cơ khí chế tạo,65CK1,năm 3,3.93,Lào Cai,492,,https://drive.google.com/file/d/1LOOKfB2w3UT2dZbbK-QM3TDgyTpfkQ_V/view?usp=drivesdk,Tôi cam kết các thông tin trên là đúng sự thật
29/01/2026 15:05:52,dothimai43@gmail.com,Đỗ Thị Mai,2251164043,09/07/2004,Nữ,1205000043,0870174532,dothimai43@sv.tlu.edu.vn,Kinh tế,Tài chính ngân hàng,65TCNH1,năm 3,3.68,Hà Nội,520,,https://drive.google.com/file/d/15U_QWH1RfhYPYoyKPBoZYzFCn9vPAm9C/view?usp=drivesdk,Tôi cam kết các thông tin trên là đúng sự thật
29/01/2026 15:05:52,dothimai44@gmail.com,Đỗ Thị Mai,2251164044,23/12/2006,Nữ,1205000044,0457820378,dothimai44@sv.tlu.edu.vn,Môi trường,Kỹ thuật môi trường,65MT1,năm 1,3.72,Gia Lai,424,,https://drive.google.com/file/d/1oFrmHNhQvc1CDkFq5UUT7amlyOUKadsC/view?usp=drivesdk,Tôi cam kết các thông tin trên là đúng sự thật
29/01/2026 15:05:52,dothimai45@gmail.com,Đỗ Thị Mai,2251164045,17/01/2005,Nữ,1205000045,0432413558,dothimai45@sv.tlu.edu.vn,Kinh tế,Tài chính ngân hàng,65TCNH1,năm 4,3.48,Nghệ An,39,,https://drive.google.com/file/d/1bbOatzIQepizQv4IXAKbaqOjISnuI2oj/view?usp=drivesdk,Tôi cam kết các thông tin trên là đúng sự thật
29/01/2026 15:05:52,ngothilan46@gmail.com,Ngô Thị Lan,2251164046,21/10/2005,Nữ,1205000046,0537492655,ngothilan46@sv.tlu.edu.vn,Công nghệ thông tin,Kỹ thuật phần mềm,64KTPM1,năm 3,2.91,Thanh Hóa,231,,https://drive.google.com/file/d/1Sb0DTz3KHowaqdMn3PH4cM34MMV58M9q/view?usp=drivesdk,Tôi cam kết các thông tin trên là đúng sự thật
29/01/2026 15:05:52,nguyenvanan47@gmail.com,Nguyễn Văn An,2251164047,23/06/2004,Nam,1205000047,0119680009,nguyenvanan47@sv.tlu.edu.vn,Quản trị kinh doanh,Marketing,65MKT1,năm 4,3.38,Hưng Yên,51,,https://drive.google.com/file/d/1v_E5NqdHPiOekmPGiClTp1k827k8D0YD/view?usp=drivesdk,Tôi cam kết các thông tin trên là đúng sự thật
29/01/2026 15:05:52,lethidieu48@gmail.com,Lê Thị Diệu,2251164048,07/06/2004,Nữ,1205000048,0046635369,lethidieu48@sv.tlu.edu.vn,Kinh tế,Kinh tế xây dựng,65KTXD1,năm 3,2.57,Lào Cai,349,,https://drive.google.com/file/d/1BgsOg7INocFm5AYOOxXFOU48UYXwxCn3/view?usp=drivesdk,Tôi cam kết các thông tin trên là đúng sự thật
29/01/2026 15:05:52,tranvanbinh49@gmail.com,Trần Văn Bình,2251164049,17/12/2006,Nam,1205000049,0331096361,tranvanbinh49@sv.tlu.edu.vn,Ngôn ngữ học,Ngôn ngữ Anh,66NNA1,năm 2,3.20,Lào Cai,207,,https://drive.google.com/file/d/1Y-P277jGt5J0mcXtPibVHoiVo8YiZIRL/view?usp=drivesdk,Tôi cam kết các thông tin trên là đúng sự thật
29/01/2026 15:05:52,hoangvanlong50@gmail.com,Hoàng Văn Long,2251164050,07/09/2004,Nam,1205000050,0433676513,hoangvanlong50@sv.tlu.edu.vn,Công nghệ thông tin,Mạng máy tính,64MMT1,năm 2,2.97,Hà Nội,326,,https://drive.google.com/file/d/1bl2HQCGLR4_FThibSU5qgz6CPgMm0ZsR/view?usp=drivesdk,Tôi cam kết các thông tin trên là đúng sự thật
29/01/2026 15:05:52,hoangvanlong51@gmail.com,Hoàng Văn Long,2251164051,29/04/2003,Nam,1205000051,0984097512,hoangvanlong51@sv.tlu.edu.vn,Xây dựng,Công trình thủy,65CTT1,năm 2,2.41,Nam Định,144,,https://drive.google.com/file/d/1sDafD6JC9XmufL82bkHfUmEgNCn75PQs/view?usp=drivesdk,Tôi cam kết các thông tin trên là đúng sự thật
29/01/2026 15:05:52,phamvancuong52@gmail.com,Phạm Văn Cường,2251164052,21/11/2003,Nam,1205000052,0129091443,phamvancuong52@sv.tlu.edu.vn,Quản trị kinh doanh,Marketing,65MKT1,năm 1,2.61,Nghệ An,221,,https://drive.google.com/file/d/1iEBXT0SATd7ccweOH4RRd2fJNMsvFDLM/view?usp=drivesdk,Tôi cam kết các thông tin trên là đúng sự thật
29/01/2026 15:05:52,nguyenvanan53@gmail.com,Nguyễn Văn An,2251164053,03/02/2004,Nam,1205000053,0542892776,nguyenvanan53@sv.tlu.edu.vn,Công nghệ thông tin,Trí tuệ nhân tạo,64AI1,năm 1,3.78,Gia Lai,285,,https://drive.google.com/file/d/1gTyeOts-GpPNq94gnpW2L7wsIjlrERNR/view?usp=drivesdk,Tôi cam kết các thông tin trên là đúng sự thật
29/01/2026 15:05:52,dangvankhanh54@gmail.com,Đặng Văn Khánh,2251164054,18/08/2003,Nam,1205000054,0927539740,dangvankhanh54@sv.tlu.edu.vn,Công nghệ thông tin,Kỹ thuật phần mềm,64KTPM1,năm 3,3.91,Nam Định,233,,https://drive.google.com/file/d/1-LNkjsVxjgD9Lj8h9lHdAid88sX98z46/view?usp=drivesdk,Tôi cam kết các thông tin trên là đúng sự thật
29/01/2026 15:05:52,lethidieu55@gmail.com,Lê Thị Diệu,2251164055,11/03/2003,Nữ,1205000055,0431413302,lethidieu55@sv.tlu.edu.vn,Công nghệ thông tin,Khoa học máy tính,64CNTT1,năm 2,2.62,Nghệ An,453,,https://drive.google.com/file/d/1lGyww9i26H74mpCMHzwuKeOGu5vtEDW0/view?usp=drivesdk,Tôi cam kết các thông tin trên là đúng sự thật
29/01/2026 15:05:52,dangvankhanh56@gmail.com,Đặng Văn Khánh,2251164056,30/05/2003,Nam,1205000056,0740024768,dangvankhanh56@sv.tlu.edu.vn,Kinh tế,Tài chính ngân hàng,65TCNH1,năm 2,3.35,Nam Định,87,,https://drive.google.com/file/d/1dLKwHWhmHFh1JBBtpyzT1W4a7zTALam_/view?usp=drivesdk,Tôi cam kết các thông tin trên là đúng sự thật
29/01/2026 15:05:52,ngothilan57@gmail.com,Ngô Thị Lan,2251164057,21/09/2003,Nữ,1205000057,0547826414,ngothilan57@sv.tlu.edu.vn,Quản trị kinh doanh,Marketing,65MKT1,năm 4,3.89,Hưng Yên,460,,https://drive.google.com/file/d/1NX9HJ0Vz2fWx3dthsTeMcCT7O_Tzwxf4/view?usp=drivesdk,Tôi cam kết các thông tin trên là đúng sự thật
29/01/2026 15:05:52,buithihanh58@gmail.com,Bùi Thị Hạnh,2251164058,02/09/2005,Nữ,1205000058,0705398876,buithihanh58@sv.tlu.edu.vn,Ngôn ngữ học,Ngôn ngữ Anh,66NNA1,năm 3,2.88,Thanh Hóa,408,,https://drive.google.com/file/d/1vyWUnAKIyVX4CCH3B9S0_aoEVY3lDGya/view?usp=drivesdk,Tôi cam kết các thông tin trên là đúng sự thật
29/01/2026 15:05:52,dothimai59@gmail.com,Đỗ Thị Mai,2251164059,25/08/2003,Nữ,1205000059,0415267062,dothimai59@sv.tlu.edu.vn,Công nghệ thông tin,Trí tuệ nhân tạo,64AI1,năm 4,2.89,Lào Cai,527,,https://drive.google.com/file/d/1njecNo20Vv0_AwAEpTcAMu2_AcSzwoKE/view?usp=drivesdk,Tôi cam kết các thông tin trên là đúng sự thật
29/01/2026 15:05:52,dothimai60@gmail.com,Đỗ Thị Mai,2251164060,09/12/2005,Nữ,1205000060,0931908030,dothimai60@sv.tlu.edu.vn,Xây dựng,Công trình thủy,65CTT1,năm 1,3.21,Lào Cai,34,,https://drive.google.com/file/d/1vJANpCVP6WF-hbaEIKRd1ZA7GOJtIsIH/view?usp=drivesdk,Tôi cam kết các thông tin trên là đúng sự thật
29/01/2026 15:05:52,lethidieu61@gmail.com,Lê Thị Diệu,2251164061,15/08/2003,Nữ,1205000061,0812019515,lethidieu61@sv.tlu.edu.vn,Xây dựng,Công trình thủy,65CTT1,năm 2,3.24,Nghệ An,173,,https://drive.google.com/file/d/1N9SMhOge80DV5q1nRCDmNve-vSO1dsoV/view?usp=drivesdk,Tôi cam kết các thông tin trên là đúng sự thật
29/01/2026 15:05:52,dangvankhanh62@gmail.com,Đặng Văn Khánh,2251164062,20/10/2003,Nam,1205000062,0536926986,dangvankhanh62@sv.tlu.edu.vn,Xây dựng,Kỹ thuật xây dựng,65XDD1,năm 1,3.91,Nam Định,287,,https://drive.google.com/file/d/1jboZBIIt22ofHL1HOoeGujthPP5N6PiJ/view?usp=drivesdk,Tôi cam kết các thông tin trên là đúng sự thật
29/01/2026 15:05:52,vuthiphuong63@gmail.com,Vũ Thị Phương,2251164063,12/01/2004,Nữ,1205000063,0998150990,vuthiphuong63@sv.tlu.edu.vn,Công nghệ thông tin,Kỹ thuật phần mềm,64KTPM1,năm 3,3.61,Nghệ An,546,,https://drive.google.com/file/d/1JEJlNsBL_RIaoEbLj-i7C2-DWKe17dT2/view?usp=drivesdk,Tôi cam kết các thông tin trên là đúng sự thật
29/01/2026 15:05:52,dangvankhanh64@gmail.com,Đặng Văn Khánh,2251164064,24/07/2004,Nam,1205000064,0067415082,dangvankhanh64@sv.tlu.edu.vn,Quản trị kinh doanh,Quản trị doanh nghiệp,65QTDN1,năm 1,3.97,Lào Cai,30,,https://drive.google.com/file/d/1ayk_IdaKrvZf1Tc9mtUcmc1FjT9UwORj/view?usp=drivesdk,Tôi cam kết các thông tin trên là đúng sự thật
29/01/2026 15:05:52,vuthiphuong65@gmail.com,Vũ Thị Phương,2251164065,22/04/2006,Nữ,1205000065,0667207179,vuthiphuong65@sv.tlu.edu.vn,Ngôn ngữ học,Ngôn ngữ Trung,66NNT1,năm 2,2.82,Hà Nội,278,,https://drive.google.com/file/d/1t2WhOnu93MeG7EXo_EaQxzU2FD8ssarV/view?usp=drivesdk,Tôi cam kết các thông tin trên là đúng sự thật
29/01/2026 15:05:52,dangvankhanh66@gmail.com,Đặng Văn Khánh,2251164066,17/09/2005,Nam,1205000066,0193785702,dangvankhanh66@sv.tlu.edu.vn,Kinh tế,Kế toán,65KT1,năm 1,3.23,Thanh Hóa,158,,https://drive.google.com/file/d/1kdtcY58CdHyh3TpagZxcDIcotJ4Dw_xE/view?usp=drivesdk,Tôi cam kết các thông tin trên là đúng sự thật
29/01/2026 15:05:52,buithihanh67@gmail.com,Bùi Thị Hạnh,2251164067,09/10/2005,Nữ,1205000067,0537733799,buithihanh67@sv.tlu.edu.vn,Xây dựng,Kỹ thuật xây dựng,65XDD1,năm 1,2.91,Gia Lai,471,,https://drive.google.com/file/d/1prR37AOenoqmuEqNw0_FzLS7GoZ2wgKb/view?usp=drivesdk,Tôi cam kết các thông tin trên là đúng sự thật
29/01/2026 15:05:52,nguyenvanan68@gmail.com,Nguyễn Văn An,2251164068,05/10/2003,Nam,1205000068,0083896059,nguyenvanan68@sv.tlu.edu.vn,Ngôn ngữ học,Ngôn ngữ Anh,66NNA1,năm 3,2.95,Nam Định,562,,https://drive.google.com/file/d/1EDS7IKFM1-WXYpBduJcTG17nYrmpgCf2/view?usp=drivesdk,Tôi cam kết các thông tin trên là đúng sự thật
29/01/2026 15:05:52,tranvanbinh69@gmail.com,Trần Văn Bình,2251164069,29/12/2004,Nam,1205000069,0762039605,tranvanbinh69@sv.tlu.edu.vn,Công nghệ thông tin,Kỹ thuật phần mềm,64KTPM1,năm 2,3.43,Hà Nội,440,,https://drive.google.com/file/d/1HXm8PT5SeNFEAUH4MZBJGGO9NuX9uft4/view?usp=drivesdk,Tôi cam kết các thông tin trên là đúng sự thật
29/01/2026 15:05:52,lethidieu70@gmail.com,Lê Thị Diệu,2251164070,09/11/2006,Nữ,1205000070,0044495824,lethidieu70@sv.tlu.edu.vn,Kinh tế,Tài chính ngân hàng,65TCNH1,năm 2,2.51,Gia Lai,594,,https://drive.google.com/file/d/1D_3kTL-0HcIAyRoOOGfXHbvBWv0YPpLG/view?usp=drivesdk,Tôi cam kết các thông tin trên là đúng sự thật
29/01/2026 15:05:52,vuthiphuong71@gmail.com,Vũ Thị Phương,2251164071,19/09/2005,Nữ,1205000071,0752520852,vuthiphuong71@sv.tlu.edu.vn,Công nghệ thông tin,Hệ thống thông tin,64HTTT2,năm 4,03.03,Lào Cai,442,,https://drive.google.com/file/d/1NN3sxCYlu5YU7H7HPlToCzo9bD8LwZff/view?usp=drivesdk,Tôi cam kết các thông tin trên là đúng sự thật
29/01/2026 15:05:52,phamvancuong72@gmail.com,Phạm Văn Cường,2251164072,06/06/2004,Nam,1205000072,0868184813,phamvancuong72@sv.tlu.edu.vn,Công nghệ thông tin,Kỹ thuật phần mềm,64KTPM1,năm 4,3.70,Nghệ An,69,,https://drive.google.com/file/d/1telzYwINbYExGhrkL7ayI7QD9obu0JLS/view?usp=drivesdk,Tôi cam kết các thông tin trên là đúng sự thật
29/01/2026 15:05:52,vuthiphuong73@gmail.com,Vũ Thị Phương,2251164073,18/07/2005,Nữ,1205000073,0808774039,vuthiphuong73@sv.tlu.edu.vn,Công nghệ thông tin,Trí tuệ nhân tạo,64AI1,năm 3,3.60,Nam Định,223,,https://drive.google.com/file/d/15WI-zIn6YpxZfUXcEh-Ms_R9RZoZWG0u/view?usp=drivesdk,Tôi cam kết các thông tin trên là đúng sự thật
29/01/2026 15:05:52,buithihanh74@gmail.com,Bùi Thị Hạnh,2251164074,08/05/2006,Nữ,1205000074,0388141610,buithihanh74@sv.tlu.edu.vn,Cơ khí,Cơ khí chế tạo,65CK1,năm 2,3.10,Nghệ An,428,,https://drive.google.com/file/d/1wHr6vSUrGT1VhDZCqluA0AKQQ-jE5be6/view?usp=drivesdk,Tôi cam kết các thông tin trên là đúng sự thật
29/01/2026 15:05:52,dothimai75@gmail.com,Đỗ Thị Mai,2251164075,08/06/2006,Nữ,1205000075,0929580695,dothimai75@sv.tlu.edu.vn,Quản trị kinh doanh,Marketing,65MKT1,năm 2,3.76,Hà Nội,242,,https://drive.google.com/file/d/16fZH1P4yDJ01AKgdFnugbOKt2RTlSVvl/view?usp=drivesdk,Tôi cam kết các thông tin trên là đúng sự thật
29/01/2026 15:05:52,dothimai76@gmail.com,Đỗ Thị Mai,2251164076,20/10/2005,Nữ,1205000076,0123562129,dothimai76@sv.tlu.edu.vn,Ngôn ngữ học,Ngôn ngữ Anh,66NNA1,năm 4,3.75,Lào Cai,330,,https://drive.google.com/file/d/1ITzFxT7GRBPwPT_QxLudm7GYMKEiso0i/view?usp=drivesdk,Tôi cam kết các thông tin trên là đúng sự thật
29/01/2026 15:05:52,phamvancuong77@gmail.com,Phạm Văn Cường,2251164077,26/02/2004,Nam,1205000077,0074160216,phamvancuong77@sv.tlu.edu.vn,Công nghệ thông tin,Mạng máy tính,64MMT1,năm 4,3.95,Gia Lai,26,,https://drive.google.com/file/d/120QNGGOgqGWWFNYpOGBw4CXBMDcUFLMb/view?usp=drivesdk,Tôi cam kết các thông tin trên là đúng sự thật
29/01/2026 15:05:52,tranvanbinh78@gmail.com,Trần Văn Bình,2251164078,27/07/2004,Nam,1205000078,0835063117,tranvanbinh78@sv.tlu.edu.vn,Kinh tế,Tài chính ngân hàng,65TCNH1,năm 3,3.85,Hưng Yên,337,,https://drive.google.com/file/d/15cmxIlXTnX8kaSvhhgYJSpwLXKE2P7rF/view?usp=drivesdk,Tôi cam kết các thông tin trên là đúng sự thật
29/01/2026 15:05:52,dangvankhanh79@gmail.com,Đặng Văn Khánh,2251164079,02/12/2004,Nam,1205000079,0360770399,dangvankhanh79@sv.tlu.edu.vn,Kinh tế,Kế toán,65KT1,năm 2,3.20,Thanh Hóa,137,,https://drive.google.com/file/d/10LNEkk7_mdoY3flfI4g5nKBs5E-wNw3g/view?usp=drivesdk,Tôi cam kết các thông tin trên là đúng sự thật
29/01/2026 15:05:52,vuthiphuong80@gmail.com,Vũ Thị Phương,2251164080,20/12/2005,Nữ,1205000080,0657403456,vuthiphuong80@sv.tlu.edu.vn,Kinh tế,Kế toán,65KT1,năm 1,3.70,Hà Nội,554,,https://drive.google.com/file/d/1AXAB527QhScP6y-4PTleXQRxkh32Rvtd/view?usp=drivesdk,Tôi cam kết các thông tin trên là đúng sự thật
29/01/2026 15:05:52,dangvankhanh81@gmail.com,Đặng Văn Khánh,2251164081,31/10/2005,Nam,1205000081,0708594133,dangvankhanh81@sv.tlu.edu.vn,Quản trị kinh doanh,Quản trị doanh nghiệp,65QTDN1,năm 2,2.62,Lào Cai,409,,https://drive.google.com/file/d/1XK00CHEghJqaik4Th1oQ3LPE1UWpbK1P/view?usp=drivesdk,Tôi cam kết các thông tin trên là đúng sự thật
29/01/2026 15:05:52,nguyenvanan82@gmail.com,Nguyễn Văn An,2251164082,27/10/2003,Nam,1205000082,0421191421,nguyenvanan82@sv.tlu.edu.vn,Kinh tế,Kế toán,65KT1,năm 3,2.89,Nam Định,422,,https://drive.google.com/file/d/1cMbo_7k6E-TG1-6XeZ406ld-yWLcTaV3/view?usp=drivesdk,Tôi cam kết các thông tin trên là đúng sự thật
29/01/2026 15:05:52,hoangvanlong83@gmail.com,Hoàng Văn Long,2251164083,13/03/2006,Nam,1205000083,0752411680,hoangvanlong83@sv.tlu.edu.vn,Ngôn ngữ học,Ngôn ngữ Trung,66NNT1,năm 4,2.75,Nam Định,169,,https://drive.google.com/file/d/1p_YtqnWX8YVgpawsiw3YicEwPRMf1j2c/view?usp=drivesdk,Tôi cam kết các thông tin trên là đúng sự thật
29/01/2026 15:05:52,nguyenvanan84@gmail.com,Nguyễn Văn An,2251164084,09/12/2006,Nam,1205000084,0700189931,nguyenvanan84@sv.tlu.edu.vn,Cơ khí,Cơ khí chế tạo,65CK1,năm 3,3.90,Lào Cai,83,,https://drive.google.com/file/d/1-iq2dL6ahGnEinUSsJfLvPmQY9MkrnCo/view?usp=drivesdk,Tôi cam kết các thông tin trên là đúng sự thật
29/01/2026 15:05:52,vuthiphuong85@gmail.com,Vũ Thị Phương,2251164085,04/08/2006,Nữ,1205000085,0868583109,vuthiphuong85@sv.tlu.edu.vn,Cơ khí,Cơ khí chế tạo,65CK1,năm 1,2.89,Thanh Hóa,501,,https://drive.google.com/file/d/1b4WUzsfSMhxOksRu7y4x9qPWOvBUET4f/view?usp=drivesdk,Tôi cam kết các thông tin trên là đúng sự thật
29/01/2026 15:05:52,ngothilan86@gmail.com,Ngô Thị Lan,2251164086,27/10/2003,Nữ,1205000086,0776677873,ngothilan86@sv.tlu.edu.vn,Công nghệ thông tin,Mạng máy tính,64MMT1,năm 4,3.85,Gia Lai,309,,https://drive.google.com/file/d/1hWqx5gcowWzuNRqFVL6WgD1CEcAN6pS4/view?usp=drivesdk,Tôi cam kết các thông tin trên là đúng sự thật
29/01/2026 15:05:52,dangvankhanh87@gmail.com,Đặng Văn Khánh,2251164087,02/10/2004,Nam,1205000087,0507078023,dangvankhanh87@sv.tlu.edu.vn,Xây dựng,Kỹ thuật xây dựng,65XDD1,năm 4,3.41,Gia Lai,356,,https://drive.google.com/file/d/1OiVvEjuX853JCY1WNOBmjfeo27Q_4n2U/view?usp=drivesdk,Tôi cam kết các thông tin trên là đúng sự thật
29/01/2026 15:05:52,vuthiphuong88@gmail.com,Vũ Thị Phương,2251164088,11/01/2006,Nữ,1205000088,0246303104,vuthiphuong88@sv.tlu.edu.vn,Ngôn ngữ học,Ngôn ngữ Anh,66NNA1,năm 3,3.82,Hưng Yên,455,,https://drive.google.com/file/d/1p4IiDCAWUZfbYi2fTY7tweelbTGWCGkX/view?usp=drivesdk,Tôi cam kết các thông tin trên là đúng sự thật
29/01/2026 15:05:52,tranvanbinh89@gmail.com,Trần Văn Bình,2251164089,20/06/2004,Nam,1205000089,0676357154,tranvanbinh89@sv.tlu.edu.vn,Công nghệ thông tin,Mạng máy tính,64MMT1,năm 4,3.98,Thanh Hóa,593,,https://drive.google.com/file/d/14p3RQQJr6WsJSJrszf0JfayGRCfmoAPR/view?usp=drivesdk,Tôi cam kết các thông tin trên là đúng sự thật
29/01/2026 15:05:52,vuthiphuong90@gmail.com,Vũ Thị Phương,2251164090,16/02/2005,Nữ,1205000090,0852916636,vuthiphuong90@sv.tlu.edu.vn,Xây dựng,Kỹ thuật xây dựng,65XDD1,năm 2,2.49,Nam Định,271,,https://drive.google.com/file/d/1wZOnB9uKAQWSNdruQqs9HGhnu7yfsi_3/view?usp=drivesdk,Tôi cam kết các thông tin trên là đúng sự thật
29/01/2026 15:05:52,lethidieu91@gmail.com,Lê Thị Diệu,2251164091,22/06/2003,Nữ,1205000091,0453718033,lethidieu91@sv.tlu.edu.vn,Quản trị kinh doanh,Marketing,65MKT1,năm 2,3.14,Hưng Yên,79,,https://drive.google.com/file/d/1gN6893zIdFEfxMSBGnEUdp0HuENOKadf/view?usp=drivesdk,Tôi cam kết các thông tin trên là đúng sự thật
29/01/2026 15:05:52,phamvancuong92@gmail.com,Phạm Văn Cường,2251164092,28/05/2004,Nam,1205000092,0927758934,phamvancuong92@sv.tlu.edu.vn,Công nghệ thông tin,Hệ thống thông tin,64HTTT2,năm 4,3.10,Gia Lai,48,,https://drive.google.com/file/d/1_6ikkCLaz65dU3NHiVCiGWeYu98JH5H3/view?usp=drivesdk,Tôi cam kết các thông tin trên là đúng sự thật
29/01/2026 15:05:52,buithihanh93@gmail.com,Bùi Thị Hạnh,2251164093,29/04/2005,Nữ,1205000093,0203990051,buithihanh93@sv.tlu.edu.vn,Cơ khí,Cơ khí chế tạo,65CK1,năm 2,2.59,Gia Lai,24,,https://drive.google.com/file/d/1lkQeZSqEY-8aqcR8ynnUc-KYgy8f8Fv3/view?usp=drivesdk,Tôi cam kết các thông tin trên là đúng sự thật
29/01/2026 15:05:52,nguyenvanan94@gmail.com,Nguyễn Văn An,2251164094,07/10/2005,Nam,1205000094,0077891300,nguyenvanan94@sv.tlu.edu.vn,Kinh tế,Tài chính ngân hàng,65TCNH1,năm 4,2.94,Thanh Hóa,250,,https://drive.google.com/file/d/1OYbuJe03ej1DbDmtSgmJbG4t-m1R5N3K/view?usp=drivesdk,Tôi cam kết các thông tin trên là đúng sự thật
29/01/2026 15:05:52,nguyenvanan95@gmail.com,Nguyễn Văn An,2251164095,01/06/2004,Nam,1205000095,0823435399,nguyenvanan95@sv.tlu.edu.vn,Xây dựng,Kỹ thuật xây dựng,65XDD1,năm 4,2.45,Hà Nội,474,,https://drive.google.com/file/d/1_Pc7Wb1FiwMN0n5wUDOYN4jZLww3a8th/view?usp=drivesdk,Tôi cam kết các thông tin trên là đúng sự thật
29/01/2026 15:05:52,dangvankhanh96@gmail.com,Đặng Văn Khánh,2251164096,03/05/2003,Nam,1205000096,0716616525,dangvankhanh96@sv.tlu.edu.vn,Công nghệ thông tin,Mạng máy tính,64MMT1,năm 4,2.43,Hà Nội,397,,https://drive.google.com/file/d/1Py3UJmY8wmdvgi6Xb7p61B_a7wUgeGHu/view?usp=drivesdk,Tôi cam kết các thông tin trên là đúng sự thật
29/01/2026 15:05:52,nguyenvanan97@gmail.com,Nguyễn Văn An,2251164097,19/08/2003,Nam,1205000097,0315605846,nguyenvanan97@sv.tlu.edu.vn,Công nghệ thông tin,Trí tuệ nhân tạo,64AI1,năm 4,3.79,Lào Cai,21,,https://drive.google.com/file/d/19Dd0iQ2FXlmFlgPytBQ2z9Zy2zFBN1pS/view?usp=drivesdk,Tôi cam kết các thông tin trên là đúng sự thật
29/01/2026 15:05:52,lethidieu98@gmail.com,Lê Thị Diệu,2251164098,25/08/2003,Nữ,1205000098,0835975179,lethidieu98@sv.tlu.edu.vn,Xây dựng,Công trình thủy,65CTT1,năm 1,3.65,Gia Lai,352,,https://drive.google.com/file/d/1ijUBWM7v323i6pNEqEJ7agJdawCgLtTz/view?usp=drivesdk,Tôi cam kết các thông tin trên là đúng sự thật
29/01/2026 15:05:52,dothimai99@gmail.com,Đỗ Thị Mai,2251164099,15/04/2003,Nữ,1205000099,0490390370,dothimai99@sv.tlu.edu.vn,Ngôn ngữ học,Ngôn ngữ Trung,66NNT1,năm 2,2.84,Lào Cai,61,,https://drive.google.com/file/d/1Ez9W6C_VUG_yRpSpkqzoOlGyacvM2gjR/view?usp=drivesdk,Tôi cam kết các thông tin trên là đúng sự thật
29/01/2026 15:05:52,phamvancuong100@gmail.com,Phạm Văn Cường,2251164100,25/09/2006,Nam,1205000100,0427877374,phamvancuong100@sv.tlu.edu.vn,Cơ khí,Cơ khí chế tạo,65CK1,năm 1,3.77,Gia Lai,586,,https://drive.google.com/file/d/1EMnFwePDim-ow8vPbv5ArvgmA9csQocd/view?usp=drivesdk,Tôi cam kết các thông tin trên là đúng sự thật
29/01/2026 15:05:52,buithihanh101@gmail.com,Bùi Thị Hạnh,2251164101,09/01/2005,Nữ,1205000101,0119008359,buithihanh101@sv.tlu.edu.vn,Kinh tế,Kế toán,65KT1,năm 1,2.48,Lào Cai,222,,https://drive.google.com/file/d/1iPNvm9a6Ty6C3YQHaXyXrfFSx-EPiT8X/view?usp=drivesdk,Tôi cam kết các thông tin trên là đúng sự thật
29/01/2026 15:05:52,phamvancuong102@gmail.com,Phạm Văn Cường,2251164102,09/12/2005,Nam,1205000102,0875533242,phamvancuong102@sv.tlu.edu.vn,Kinh tế,Tài chính ngân hàng,65TCNH1,năm 3,2.62,Gia Lai,501,,https://drive.google.com/file/d/1wloYFTSaGsQVuJL7yirXnnW2DYzECTdZ/view?usp=drivesdk,Tôi cam kết các thông tin trên là đúng sự thật
29/01/2026 15:05:52,vuthiphuong103@gmail.com,Vũ Thị Phương,2251164103,29/10/2004,Nữ,1205000103,0118335757,vuthiphuong103@sv.tlu.edu.vn,Môi trường,Kỹ thuật môi trường,65MT1,năm 3,2.66,Nghệ An,318,,https://drive.google.com/file/d/14u41D3pypEHIJSTV-ZfGgzLlu-NVA4Wl/view?usp=drivesdk,Tôi cam kết các thông tin trên là đúng sự thật
29/01/2026 15:05:52,dothimai104@gmail.com,Đỗ Thị Mai,2251164104,15/01/2005,Nữ,1205000104,0997426687,dothimai104@sv.tlu.edu.vn,Cơ khí,Cơ khí chế tạo,65CK1,năm 2,3.86,Nam Định,197,,https://drive.google.com/file/d/1hcopCfsOMLPNiRWmvSVYaB1bZRfqysmB/view?usp=drivesdk,Tôi cam kết các thông tin trên là đúng sự thật
29/01/2026 15:05:52,dothimai105@gmail.com,Đỗ Thị Mai,2251164105,27/07/2004,Nữ,1205000105,0816397270,dothimai105@sv.tlu.edu.vn,Xây dựng,Kỹ thuật xây dựng,65XDD1,năm 4,2.94,Hưng Yên,110,,https://drive.google.com/file/d/128aP8Nmj_dtImg0PaV_QFDvELnIuDffL/view?usp=drivesdk,Tôi cam kết các thông tin trên là đúng sự thật
29/01/2026 15:05:52,buithihanh106@gmail.com,Bùi Thị Hạnh,2251164106,26/06/2004,Nữ,1205000106,0018840126,buithihanh106@sv.tlu.edu.vn,Công nghệ thông tin,Kỹ thuật phần mềm,64KTPM1,năm 2,3.90,Thanh Hóa,165,,https://drive.google.com/file/d/11psPO7HlPR01NhrhJohbxWyrDhNCwpCF/view?usp=drivesdk,Tôi cam kết các thông tin trên là đúng sự thật
29/01/2026 15:05:52,buithihanh107@gmail.com,Bùi Thị Hạnh,2251164107,09/07/2003,Nữ,1205000107,0843282904,buithihanh107@sv.tlu.edu.vn,Kinh tế,Kinh tế xây dựng,65KTXD1,năm 1,3.86,Lào Cai,48,,https://drive.google.com/file/d/18xXOsH7rBBJ4yKVChNgr4g-kY1gvHEED/view?usp=drivesdk,Tôi cam kết các thông tin trên là đúng sự thật
29/01/2026 15:05:52,dangvankhanh108@gmail.com,Đặng Văn Khánh,2251164108,30/11/2003,Nam,1205000108,0911244585,dangvankhanh108@sv.tlu.edu.vn,Kinh tế,Kinh tế xây dựng,65KTXD1,năm 1,2.47,Lào Cai,22,,https://drive.google.com/file/d/16-dk0J1sXxaEcmUdoMdl-lB95U4uPTNY/view?usp=drivesdk,Tôi cam kết các thông tin trên là đúng sự thật
29/01/2026 15:05:52,vuthiphuong109@gmail.com,Vũ Thị Phương,2251164109,05/11/2005,Nữ,1205000109,0070569644,vuthiphuong109@sv.tlu.edu.vn,Kinh tế,Kinh tế xây dựng,65KTXD1,năm 2,3.19,Nam Định,465,,https://drive.google.com/file/d/1343JVfxrhSnlnIRtgYNNeDXCRKeA6sol/view?usp=drivesdk,Tôi cam kết các thông tin trên là đúng sự thật
29/01/2026 15:05:52,nguyenvanan110@gmail.com,Nguyễn Văn An,2251164110,10/02/2006,Nam,1205000110,0386352317,nguyenvanan110@sv.tlu.edu.vn,Quản trị kinh doanh,Quản trị doanh nghiệp,65QTDN1,năm 4,2.94,Lào Cai,200,,https://drive.google.com/file/d/1cktyd_DTRvvlkuKqGdsVM1cAvpxyYGEa/view?usp=drivesdk,Tôi cam kết các thông tin trên là đúng sự thật
29/01/2026 15:05:52,lethidieu111@gmail.com,Lê Thị Diệu,2251164111,24/04/2003,Nữ,1205000111,0049821392,lethidieu111@sv.tlu.edu.vn,Ngôn ngữ học,Ngôn ngữ Anh,66NNA1,năm 3,3.30,Nghệ An,215,,https://drive.google.com/file/d/1KTW1v5FXDjygrDcSFhN5Bh2H1I_3-Oyj/view?usp=drivesdk,Tôi cam kết các thông tin trên là đúng sự thật
29/01/2026 15:05:52,dangvankhanh112@gmail.com,Đặng Văn Khánh,2251164112,01/04/2006,Nam,1205000112,0414791579,dangvankhanh112@sv.tlu.edu.vn,Công nghệ thông tin,Khoa học máy tính,64CNTT1,năm 3,3.74,Hưng Yên,518,,https://drive.google.com/file/d/1qtUewyHWCmPUsIudb9z9503uHy5N9e5K/view?usp=drivesdk,Tôi cam kết các thông tin trên là đúng sự thật
29/01/2026 15:05:52,nguyenvanan113@gmail.com,Nguyễn Văn An,2251164113,29/01/2005,Nam,1205000113,0422616880,nguyenvanan113@sv.tlu.edu.vn,Công nghệ thông tin,Kỹ thuật phần mềm,64KTPM1,năm 1,2.58,Nam Định,513,,https://drive.google.com/file/d/1s6_TMDaL65ImJvenZOv4tqWfqhEpIVGN/view?usp=drivesdk,Tôi cam kết các thông tin trên là đúng sự thật
29/01/2026 15:05:52,ngothilan114@gmail.com,Ngô Thị Lan,2251164114,04/05/2006,Nữ,1205000114,0467130107,ngothilan114@sv.tlu.edu.vn,Kinh tế,Kế toán,65KT1,năm 2,3.36,Thanh Hóa,280,,https://drive.google.com/file/d/173Bfxphom_GGLt3LzxlwyzFa4aM9Hxvb/view?usp=drivesdk,Tôi cam kết các thông tin trên là đúng sự thật
29/01/2026 15:05:52,nguyenvanan115@gmail.com,Nguyễn Văn An,2251164115,09/03/2005,Nam,1205000115,0438138807,nguyenvanan115@sv.tlu.edu.vn,Quản trị kinh doanh,Marketing,65MKT1,năm 3,3.93,Lào Cai,252,,https://drive.google.com/file/d/1fzLglPd3jpMmjd1fN6HQiA4GtmAeAYI9/view?usp=drivesdk,Tôi cam kết các thông tin trên là đúng sự thật
29/01/2026 15:05:52,dangvankhanh116@gmail.com,Đặng Văn Khánh,2251164116,08/09/2003,Nam,1205000116,0795530692,dangvankhanh116@sv.tlu.edu.vn,Kinh tế,Tài chính ngân hàng,65TCNH1,năm 3,3.00,Nam Định,483,,https://drive.google.com/file/d/1M7R3udSpMNCsoV3w_YdDuKd88vJ5kgsi/view?usp=drivesdk,Tôi cam kết các thông tin trên là đúng sự thật
29/01/2026 15:05:52,lethidieu117@gmail.com,Lê Thị Diệu,2251164117,08/07/2006,Nữ,1205000117,0026885157,lethidieu117@sv.tlu.edu.vn,Điện – Điện tử,Kỹ thuật điện,65D1,năm 4,2.69,Hà Nội,286,,https://drive.google.com/file/d/1QkG5aA7S_SuUi_t0CH8H8o-arNeb-tHs/view?usp=drivesdk,Tôi cam kết các thông tin trên là đúng sự thật
29/01/2026 15:05:52,lethidieu118@gmail.com,Lê Thị Diệu,2251164118,31/01/2006,Nữ,1205000118,0575724950,lethidieu118@sv.tlu.edu.vn,Công nghệ thông tin,Kỹ thuật phần mềm,64KTPM1,năm 2,3.95,Gia Lai,14,,https://drive.google.com/file/d/1RTpVLTYZI1Bbdd2DnopjrRu8-bp0W5FM/view?usp=drivesdk,Tôi cam kết các thông tin trên là đúng sự thật
29/01/2026 15:05:52,lethidieu119@gmail.com,Lê Thị Diệu,2251164119,02/05/2003,Nữ,1205000119,0906536949,lethidieu119@sv.tlu.edu.vn,Công nghệ thông tin,Kỹ thuật phần mềm,64KTPM1,năm 4,3.19,Gia Lai,541,,https://drive.google.com/file/d/1hJjoARVWWc_vBaLyb62YgpK09hZYPQVH/view?usp=drivesdk,Tôi cam kết các thông tin trên là đúng sự thật
29/01/2026 15:05:52,nguyenvanan120@gmail.com,Nguyễn Văn An,2251164120,16/03/2006,Nam,1205000120,0673285760,nguyenvanan120@sv.tlu.edu.vn,Công nghệ thông tin,Kỹ thuật phần mềm,64KTPM1,năm 4,2.44,Gia Lai,212,,https://drive.google.com/file/d/1JD0v8wroNPCOixFbumZ6F-l0o5tYdIGS/view?usp=drivesdk,Tôi cam kết các thông tin trên là đúng sự thật
29/01/2026 15:05:52,vuthiphuong121@gmail.com,Vũ Thị Phương,2251164121,20/09/2003,Nữ,1205000121,0251382196,vuthiphuong121@sv.tlu.edu.vn,Xây dựng,Kỹ thuật xây dựng,65XDD1,năm 1,03.04,Nam Định,18,,https://drive.google.com/file/d/1CqPJbu-WTw6j9dJVrw0in2bvqJ3RWQ4J/view?usp=drivesdk,Tôi cam kết các thông tin trên là đúng sự thật
29/01/2026 15:05:52,lethidieu122@gmail.com,Lê Thị Diệu,2251164122,14/08/2004,Nữ,1205000122,0527678563,lethidieu122@sv.tlu.edu.vn,Điện – Điện tử,Kỹ thuật điện,65D1,năm 4,2.62,Nam Định,93,,https://drive.google.com/file/d/1qt_kAcVH8faOAYZEEXCwp98GZb9FLMg8/view?usp=drivesdk,Tôi cam kết các thông tin trên là đúng sự thật
29/01/2026 15:05:52,ngothilan123@gmail.com,Ngô Thị Lan,2251164123,15/01/2003,Nữ,1205000123,0386632465,ngothilan123@sv.tlu.edu.vn,Công nghệ thông tin,Mạng máy tính,64MMT1,năm 2,2.40,Hưng Yên,197,,https://drive.google.com/file/d/19sebYy6mXhf5-I3coaTkIPfhH6MWyREb/view?usp=drivesdk,Tôi cam kết các thông tin trên là đúng sự thật
29/01/2026 15:05:52,buithihanh124@gmail.com,Bùi Thị Hạnh,2251164124,07/05/2006,Nữ,1205000124,0593405962,buithihanh124@sv.tlu.edu.vn,Xây dựng,Công trình thủy,65CTT1,năm 2,2.83,Lào Cai,86,,https://drive.google.com/file/d/1jtGCiKKS4C0kDDujrACZINWPAh4Zsj1C/view?usp=drivesdk,Tôi cam kết các thông tin trên là đúng sự thật
29/01/2026 15:05:52,dangvankhanh125@gmail.com,Đặng Văn Khánh,2251164125,26/01/2003,Nam,1205000125,0339113151,dangvankhanh125@sv.tlu.edu.vn,Xây dựng,Công trình thủy,65CTT1,năm 4,3.82,Nghệ An,66,,https://drive.google.com/file/d/1fhZwGrTyIvq4O5rK_6IX8wJIdZ8E_zcS/view?usp=drivesdk,Tôi cam kết các thông tin trên là đúng sự thật
29/01/2026 15:05:52,dangvankhanh126@gmail.com,Đặng Văn Khánh,2251164126,26/01/2003,Nam,1205000126,0272519488,dangvankhanh126@sv.tlu.edu.vn,Công nghệ thông tin,Kỹ thuật phần mềm,64KTPM1,năm 2,3.20,Thanh Hóa,276,,https://drive.google.com/file/d/1KcCrT83zvoeab6-AesOPaaUpEiceiCtM/view?usp=drivesdk,Tôi cam kết các thông tin trên là đúng sự thật
29/01/2026 15:05:52,lethidieu127@gmail.com,Lê Thị Diệu,2251164127,17/05/2005,Nữ,1205000127,0288004726,lethidieu127@sv.tlu.edu.vn,Công nghệ thông tin,Mạng máy tính,64MMT1,năm 4,3.16,Lào Cai,68,,https://drive.google.com/file/d/14S5GRi1lxNUuISGhg2xw_9H4pLQPAXr6/view?usp=drivesdk,Tôi cam kết các thông tin trên là đúng sự thật
29/01/2026 15:05:52,dothimai128@gmail.com,Đỗ Thị Mai,2251164128,18/06/2005,Nữ,1205000128,0804511580,dothimai128@sv.tlu.edu.vn,Công nghệ thông tin,Hệ thống thông tin,64HTTT2,năm 3,2.91,Lào Cai,594,,https://drive.google.com/file/d/1PBmJKhRc5zKRYYDsYIye9z7RNQaRtORN/view?usp=drivesdk,Tôi cam kết các thông tin trên là đúng sự thật
29/01/2026 15:05:52,hoangvanlong129@gmail.com,Hoàng Văn Long,2251164129,26/06/2003,Nam,1205000129,0780830040,hoangvanlong129@sv.tlu.edu.vn,Điện – Điện tử,Kỹ thuật điện,65D1,năm 1,3.47,Nam Định,197,,https://drive.google.com/file/d/1raR4wheCMHkR-q2RXHeiNYIeAsfHfA4M/view?usp=drivesdk,Tôi cam kết các thông tin trên là đúng sự thật
29/01/2026 15:05:52,nguyenvanan130@gmail.com,Nguyễn Văn An,2251164130,06/05/2004,Nam,1205000130,0314765753,nguyenvanan130@sv.tlu.edu.vn,Xây dựng,Kỹ thuật xây dựng,65XDD1,năm 2,3.56,Thanh Hóa,74,,https://drive.google.com/file/d/1-kDntb_aVXXHp8kS35xaE_LieDqJIh3z/view?usp=drivesdk,Tôi cam kết các thông tin trên là đúng sự thật
29/01/2026 15:05:52,phamvancuong131@gmail.com,Phạm Văn Cường,2251164131,11/01/2006,Nam,1205000131,0765233750,phamvancuong131@sv.tlu.edu.vn,Ngôn ngữ học,Ngôn ngữ Anh,66NNA1,năm 3,3.49,Hà Nội,448,,https://drive.google.com/file/d/1LfUXVfBXTidPkGyGEAD8knFqNOEZHlmL/view?usp=drivesdk,Tôi cam kết các thông tin trên là đúng sự thật
29/01/2026 15:05:52,phamvancuong132@gmail.com,Phạm Văn Cường,2251164132,28/06/2006,Nam,1205000132,0067953208,phamvancuong132@sv.tlu.edu.vn,Kinh tế,Tài chính ngân hàng,65TCNH1,năm 3,2.85,Nam Định,564,,https://drive.google.com/file/d/1wm5SZa9ZhcuvXQGkk8sKSy2BdBfyKytP/view?usp=drivesdk,Tôi cam kết các thông tin trên là đúng sự thật
29/01/2026 15:05:52,nguyenvanan133@gmail.com,Nguyễn Văn An,2251164133,28/05/2006,Nam,1205000133,0354058982,nguyenvanan133@sv.tlu.edu.vn,Kinh tế,Tài chính ngân hàng,65TCNH1,năm 1,3.85,Lào Cai,323,,https://drive.google.com/file/d/1bGTrCSWC_fSkjtHevWt9UC6gP1f-sX6h/view?usp=drivesdk,Tôi cam kết các thông tin trên là đúng sự thật
29/01/2026 15:05:52,lethidieu134@gmail.com,Lê Thị Diệu,2251164134,04/04/2004,Nữ,1205000134,0194605820,lethidieu134@sv.tlu.edu.vn,Ngôn ngữ học,Ngôn ngữ Anh,66NNA1,năm 2,3.64,Gia Lai,455,,https://drive.google.com/file/d/1iMljgjBA_ySFXWdfi5pqvrQZnvrq0fov/view?usp=drivesdk,Tôi cam kết các thông tin trên là đúng sự thật
29/01/2026 15:05:52,hoangvanlong135@gmail.com,Hoàng Văn Long,2251164135,17/12/2006,Nam,1205000135,0869312575,hoangvanlong135@sv.tlu.edu.vn,Quản trị kinh doanh,Quản trị doanh nghiệp,65QTDN1,năm 4,3.36,Nam Định,569,,https://drive.google.com/file/d/19_zR3JPy-m8TmcLcEYg_fw3CnMnD1Kpc/view?usp=drivesdk,Tôi cam kết các thông tin trên là đúng sự thật
29/01/2026 15:05:52,phamvancuong136@gmail.com,Phạm Văn Cường,2251164136,30/12/2003,Nam,1205000136,0040852840,phamvancuong136@sv.tlu.edu.vn,Công nghệ thông tin,Khoa học máy tính,64CNTT1,năm 2,3.19,Hưng Yên,440,,https://drive.google.com/file/d/1jIWRFnT0hrGybMMG_ZrvyLMo5W3bdcdW/view?usp=drivesdk,Tôi cam kết các thông tin trên là đúng sự thật
29/01/2026 15:05:52,buithihanh137@gmail.com,Bùi Thị Hạnh,2251164137,10/12/2004,Nữ,1205000137,0684809830,buithihanh137@sv.tlu.edu.vn,Công nghệ thông tin,Khoa học máy tính,64CNTT1,năm 3,3.68,Hưng Yên,376,,https://drive.google.com/file/d/1p5S-EOdYC3y6LmKCqs0hk6UnMBwFbk-8/view?usp=drivesdk,Tôi cam kết các thông tin trên là đúng sự thật
29/01/2026 15:05:52,phamvancuong138@gmail.com,Phạm Văn Cường,2251164138,16/11/2003,Nam,1205000138,0601064458,phamvancuong138@sv.tlu.edu.vn,Kinh tế,Kinh tế xây dựng,65KTXD1,năm 4,3.52,Thanh Hóa,250,,https://drive.google.com/file/d/1j9pCMSmf2kkyJgcdqtprGod7FLqj66cb/view?usp=drivesdk,Tôi cam kết các thông tin trên là đúng sự thật
29/01/2026 15:05:52,phamvancuong139@gmail.com,Phạm Văn Cường,2251164139,18/02/2006,Nam,1205000139,0328108548,phamvancuong139@sv.tlu.edu.vn,Ngôn ngữ học,Ngôn ngữ Trung,66NNT1,năm 1,3.91,Nam Định,269,,https://drive.google.com/file/d/1DORLRrm0mshGsau7jsWOzNlJzBCLnoz7/view?usp=drivesdk,Tôi cam kết các thông tin trên là đúng sự thật
29/01/2026 15:05:52,dangvankhanh140@gmail.com,Đặng Văn Khánh,2251164140,02/01/2005,Nam,1205000140,0230013410,dangvankhanh140@sv.tlu.edu.vn,Kinh tế,Kế toán,65KT1,năm 1,3.14,Nghệ An,177,,https://drive.google.com/file/d/1hVPg7eHVhOKcw7rGG6ZlYqgRhAW3_R_G/view?usp=drivesdk,Tôi cam kết các thông tin trên là đúng sự thật
29/01/2026 15:05:52,dangvankhanh141@gmail.com,Đặng Văn Khánh,2251164141,27/03/2005,Nam,1205000141,0301149123,dangvankhanh141@sv.tlu.edu.vn,Công nghệ thông tin,Kỹ thuật phần mềm,64KTPM1,năm 3,3.50,Thanh Hóa,161,,https://drive.google.com/file/d/1xsKnzfqF5wb7qF2HcoutxWIkC-xqpSYq/view?usp=drivesdk,Tôi cam kết các thông tin trên là đúng sự thật
29/01/2026 15:05:52,lethidieu142@gmail.com,Lê Thị Diệu,2251164142,29/10/2004,Nữ,1205000142,0453405651,lethidieu142@sv.tlu.edu.vn,Kinh tế,Kinh tế xây dựng,65KTXD1,năm 2,3.31,Lào Cai,40,,https://drive.google.com/file/d/1A1axsgAC2ZULLCO9vSSJFUbQjULRZr53/view?usp=drivesdk,Tôi cam kết các thông tin trên là đúng sự thật
29/01/2026 15:05:52,lethidieu143@gmail.com,Lê Thị Diệu,2251164143,09/11/2003,Nữ,1205000143,0813217010,lethidieu143@sv.tlu.edu.vn,Ngôn ngữ học,Ngôn ngữ Anh,66NNA1,năm 4,3.78,Gia Lai,421,,https://drive.google.com/file/d/1I_6Z2-sOhtogPZ_Fru4H6JH11YqrCkNP/view?usp=drivesdk,Tôi cam kết các thông tin trên là đúng sự thật
29/01/2026 15:05:52,lethidieu144@gmail.com,Lê Thị Diệu,2251164144,01/04/2004,Nữ,1205000144,0135247729,lethidieu144@sv.tlu.edu.vn,Xây dựng,Công trình thủy,65CTT1,năm 4,3.23,Lào Cai,312,,https://drive.google.com/file/d/1oTO5D_6WQtLB8ntjkHRfagSabfO_JOlj/view?usp=drivesdk,Tôi cam kết các thông tin trên là đúng sự thật
29/01/2026 15:05:52,lethidieu145@gmail.com,Lê Thị Diệu,2251164145,13/07/2004,Nữ,1205000145,0524938985,lethidieu145@sv.tlu.edu.vn,Xây dựng,Kỹ thuật xây dựng,65XDD1,năm 2,3.62,Hưng Yên,460,,https://drive.google.com/file/d/11ZyCP4Lh_ERqWzxi55lAKhRi4nU32XZO/view?usp=drivesdk,Tôi cam kết các thông tin trên là đúng sự thật
29/01/2026 15:05:52,dothimai146@gmail.com,Đỗ Thị Mai,2251164146,22/06/2003,Nữ,1205000146,0157203290,dothimai146@sv.tlu.edu.vn,Quản trị kinh doanh,Quản trị doanh nghiệp,65QTDN1,năm 2,2.51,Nam Định,288,,https://drive.google.com/file/d/1yC1Pr0QkZd8qei0jFRd1SjfVhrSuL9Wk/view?usp=drivesdk,Tôi cam kết các thông tin trên là đúng sự thật
29/01/2026 15:05:52,dothimai147@gmail.com,Đỗ Thị Mai,2251164147,03/03/2006,Nữ,1205000147,0429734349,dothimai147@sv.tlu.edu.vn,Kinh tế,Kế toán,65KT1,năm 1,3.71,Thanh Hóa,410,,https://drive.google.com/file/d/16SndpNeu2_w2r20xr7NbOIYJJRjLpeQf/view?usp=drivesdk,Tôi cam kết các thông tin trên là đúng sự thật
29/01/2026 15:05:52,tranvanbinh148@gmail.com,Trần Văn Bình,2251164148,21/01/2005,Nam,1205000148,0189506103,tranvanbinh148@sv.tlu.edu.vn,Quản trị kinh doanh,Marketing,65MKT1,năm 4,3.23,Nam Định,220,,https://drive.google.com/file/d/1BgV3bzdsct3p4glNchUeB35Mruok7_Nj/view?usp=drivesdk,Tôi cam kết các thông tin trên là đúng sự thật
29/01/2026 15:05:52,vuthiphuong149@gmail.com,Vũ Thị Phương,2251164149,28/11/2004,Nữ,1205000149,0918862086,vuthiphuong149@sv.tlu.edu.vn,Cơ khí,Cơ khí chế tạo,65CK1,năm 4,3.16,Hà Nội,5,,https://drive.google.com/file/d/1VEM2y_owsP5uW8wwVRn5cUiSgsMLADAl/view?usp=drivesdk,Tôi cam kết các thông tin trên là đúng sự thật
29/01/2026 15:05:52,tranvanbinh150@gmail.com,Trần Văn Bình,2251164150,08/02/2003,Nam,1205000150,0580849788,tranvanbinh150@sv.tlu.edu.vn,Quản trị kinh doanh,Quản trị doanh nghiệp,65QTDN1,năm 1,2.48,Nghệ An,353,,https://drive.google.com/file/d/1rDZPYMUHLz6r1CfxPlW8wQUyP2-Yhu1X/view?usp=drivesdk,Tôi cam kết các thông tin trên là đúng sự thật
29/01/2026 15:05:52,lethidieu151@gmail.com,Lê Thị Diệu,2251164151,09/07/2004,Nữ,1205000151,0002995961,lethidieu151@sv.tlu.edu.vn,Cơ khí,Cơ khí chế tạo,65CK1,năm 1,3.31,Hà Nội,589,,https://drive.google.com/file/d/1hnwd_nxHl1mzDE70EVU1xm2UxMu5MtkB/view?usp=drivesdk,Tôi cam kết các thông tin trên là đúng sự thật
29/01/2026 15:05:52,ngothilan152@gmail.com,Ngô Thị Lan,2251164152,31/07/2004,Nữ,1205000152,0271085092,ngothilan152@sv.tlu.edu.vn,Ngôn ngữ học,Ngôn ngữ Anh,66NNA1,năm 2,2.83,Hà Nội,411,,https://drive.google.com/file/d/1_TP5ihQvfr1x7uBGA43lvWIJ_WRs7Qtj/view?usp=drivesdk,Tôi cam kết các thông tin trên là đúng sự thật
29/01/2026 15:05:52,nguyenvanan153@gmail.com,Nguyễn Văn An,2251164153,23/11/2006,Nam,1205000153,0229491632,nguyenvanan153@sv.tlu.edu.vn,Ngôn ngữ học,Ngôn ngữ Trung,66NNT1,năm 4,2.76,Hưng Yên,20,,https://drive.google.com/file/d/13Nt8y54U8w7pT_Lhf3jCw1GSV6cIjfdo/view?usp=drivesdk,Tôi cam kết các thông tin trên là đúng sự thật
29/01/2026 15:05:52,lethidieu154@gmail.com,Lê Thị Diệu,2251164154,05/07/2004,Nữ,1205000154,0775566539,lethidieu154@sv.tlu.edu.vn,Cơ khí,Cơ khí chế tạo,65CK1,năm 3,2.49,Nam Định,563,,https://drive.google.com/file/d/18TvnXZ3QvALPyIz9CkO1N_iLDNGArK0b/view?usp=drivesdk,Tôi cam kết các thông tin trên là đúng sự thật
29/01/2026 15:05:52,buithihanh155@gmail.com,Bùi Thị Hạnh,2251164155,03/10/2004,Nữ,1205000155,0202041299,buithihanh155@sv.tlu.edu.vn,Công nghệ thông tin,Mạng máy tính,64MMT1,năm 1,3.66,Nam Định,437,,https://drive.google.com/file/d/1Nwhvua03epcgJ_bCMggiZe5fyYiy6Naa/view?usp=drivesdk,Tôi cam kết các thông tin trên là đúng sự thật
29/01/2026 15:05:52,dothimai156@gmail.com,Đỗ Thị Mai,2251164156,19/08/2006,Nữ,1205000156,0199382494,dothimai156@sv.tlu.edu.vn,Xây dựng,Công trình thủy,65CTT1,năm 2,2.68,Hưng Yên,299,,https://drive.google.com/file/d/1CFjfon8FNy6s8eSB6-mwvLoV4pTrLaJ3/view?usp=drivesdk,Tôi cam kết các thông tin trên là đúng sự thật
29/01/2026 15:05:52,vuthiphuong157@gmail.com,Vũ Thị Phương,2251164157,24/10/2006,Nữ,1205000157,0592860901,vuthiphuong157@sv.tlu.edu.vn,Kinh tế,Kế toán,65KT1,năm 2,3.25,Lào Cai,14,,https://drive.google.com/file/d/1E160NDLIyxq01vI2Ycr-rSnc0Ipnugx-/view?usp=drivesdk,Tôi cam kết các thông tin trên là đúng sự thật
29/01/2026 15:05:52,dangvankhanh158@gmail.com,Đặng Văn Khánh,2251164158,14/10/2003,Nam,1205000158,0642030851,dangvankhanh158@sv.tlu.edu.vn,Kinh tế,Tài chính ngân hàng,65TCNH1,năm 4,3.16,Hưng Yên,380,,https://drive.google.com/file/d/1ZewiueRzQOEbcIt6l7-2kL_zA8uhBUHW/view?usp=drivesdk,Tôi cam kết các thông tin trên là đúng sự thật
29/01/2026 15:05:52,nguyenvanan159@gmail.com,Nguyễn Văn An,2251164159,02/06/2006,Nam,1205000159,0685315355,nguyenvanan159@sv.tlu.edu.vn,Ngôn ngữ học,Ngôn ngữ Anh,66NNA1,năm 4,2.57,Nam Định,279,,https://drive.google.com/file/d/1ELQhCtv0Kz8W0ql7YqFYpp3XPV0JiQ6A/view?usp=drivesdk,Tôi cam kết các thông tin trên là đúng sự thật
29/01/2026 15:05:52,ngothilan160@gmail.com,Ngô Thị Lan,2251164160,20/11/2006,Nữ,1205000160,0824262296,ngothilan160@sv.tlu.edu.vn,Kinh tế,Tài chính ngân hàng,65TCNH1,năm 4,3.66,Nam Định,74,,https://drive.google.com/file/d/1ZvaDUWbnasL4h-tsIvF8HJ_UsNlJ3BkR/view?usp=drivesdk,Tôi cam kết các thông tin trên là đúng sự thật
29/01/2026 15:05:52,nguyenvanan161@gmail.com,Nguyễn Văn An,2251164161,14/03/2006,Nam,1205000161,0855594329,nguyenvanan161@sv.tlu.edu.vn,Xây dựng,Kỹ thuật xây dựng,65XDD1,năm 1,3.45,Gia Lai,165,,https://drive.google.com/file/d/1IOc64CRhOITPHcjluphrPt88XaDm8uA6/view?usp=drivesdk,Tôi cam kết các thông tin trên là đúng sự thật
29/01/2026 15:05:52,phamvancuong162@gmail.com,Phạm Văn Cường,2251164162,27/01/2005,Nam,1205000162,0637863028,phamvancuong162@sv.tlu.edu.vn,Công nghệ thông tin,Hệ thống thông tin,64HTTT2,năm 2,3.68,Nam Định,134,,https://drive.google.com/file/d/1Icf1ibjIGaKc5aeRj7G4ML42QuD8jms5/view?usp=drivesdk,Tôi cam kết các thông tin trên là đúng sự thật
29/01/2026 15:05:52,nguyenvanan163@gmail.com,Nguyễn Văn An,2251164163,15/10/2005,Nam,1205000163,0588806929,nguyenvanan163@sv.tlu.edu.vn,Công nghệ thông tin,Mạng máy tính,64MMT1,năm 2,3.23,Nghệ An,103,,https://drive.google.com/file/d/1mLvaF6wjiiKfD82LSoKzPfAvlvl2yS8w/view?usp=drivesdk,Tôi cam kết các thông tin trên là đúng sự thật
29/01/2026 15:05:52,buithihanh164@gmail.com,Bùi Thị Hạnh,2251164164,22/04/2004,Nữ,1205000164,0821325688,buithihanh164@sv.tlu.edu.vn,Xây dựng,Kỹ thuật xây dựng,65XDD1,năm 2,3.36,Hà Nội,588,,https://drive.google.com/file/d/1uvPJ72q6AfUY0wVrw7jeGQ0hzAgjx_tw/view?usp=drivesdk,Tôi cam kết các thông tin trên là đúng sự thật
29/01/2026 15:05:52,phamvancuong165@gmail.com,Phạm Văn Cường,2251164165,03/05/2006,Nam,1205000165,0609107692,phamvancuong165@sv.tlu.edu.vn,Môi trường,Kỹ thuật môi trường,65MT1,năm 4,2.77,Lào Cai,90,,https://drive.google.com/file/d/12ClR0nKcOpwTUNSmlmEUbWyKCkJ45LiP/view?usp=drivesdk,Tôi cam kết các thông tin trên là đúng sự thật
29/01/2026 15:05:52,dothimai166@gmail.com,Đỗ Thị Mai,2251164166,22/07/2006,Nữ,1205000166,0273289104,dothimai166@sv.tlu.edu.vn,Cơ khí,Cơ khí chế tạo,65CK1,năm 3,3.80,Nam Định,95,,https://drive.google.com/file/d/1Knk7sMwpNVO3b4cL7_25K9ebk4OAtW1g/view?usp=drivesdk,Tôi cam kết các thông tin trên là đúng sự thật
29/01/2026 15:05:52,tranvanbinh167@gmail.com,Trần Văn Bình,2251164167,12/08/2003,Nam,1205000167,0967671674,tranvanbinh167@sv.tlu.edu.vn,Công nghệ thông tin,Mạng máy tính,64MMT1,năm 3,2.92,Thanh Hóa,417,,https://drive.google.com/file/d/1wISCZIUjM_fOPvCuOuP95-gVqQQz7Psk/view?usp=drivesdk,Tôi cam kết các thông tin trên là đúng sự thật
29/01/2026 15:05:52,dangvankhanh168@gmail.com,Đặng Văn Khánh,2251164168,26/11/2004,Nam,1205000168,0842152808,dangvankhanh168@sv.tlu.edu.vn,Ngôn ngữ học,Ngôn ngữ Trung,66NNT1,năm 3,2.53,Hưng Yên,469,,https://drive.google.com/file/d/1uOwed2xvlosPJJDYO2PZ0ECmHF00Mjnb/view?usp=drivesdk,Tôi cam kết các thông tin trên là đúng sự thật
29/01/2026 15:05:52,buithihanh169@gmail.com,Bùi Thị Hạnh,2251164169,27/02/2003,Nữ,1205000169,0601217458,buithihanh169@sv.tlu.edu.vn,Công nghệ thông tin,Kỹ thuật phần mềm,64KTPM1,năm 1,3.27,Thanh Hóa,80,,https://drive.google.com/file/d/1v_ghdbCMFEtR2rqF31pVHOhefgUSwfNk/view?usp=drivesdk,Tôi cam kết các thông tin trên là đúng sự thật
29/01/2026 15:05:52,dothimai170@gmail.com,Đỗ Thị Mai,2251164170,27/09/2004,Nữ,1205000170,0200110382,dothimai170@sv.tlu.edu.vn,Kinh tế,Kế toán,65KT1,năm 4,2.93,Hưng Yên,310,,https://drive.google.com/file/d/1tmaV85aXGLsN2s7UuFkHjvGXYWNO-XdI/view?usp=drivesdk,Tôi cam kết các thông tin trên là đúng sự thật
29/01/2026 15:05:52,dothimai171@gmail.com,Đỗ Thị Mai,2251164171,18/08/2003,Nữ,1205000171,0167781552,dothimai171@sv.tlu.edu.vn,Xây dựng,Kỹ thuật xây dựng,65XDD1,năm 1,3.80,Gia Lai,430,,https://drive.google.com/file/d/1aX72Dt1R_Ruxg3boqoR9K0krDG_bNhjw/view?usp=drivesdk,Tôi cam kết các thông tin trên là đúng sự thật
29/01/2026 15:05:52,phamvancuong172@gmail.com,Phạm Văn Cường,2251164172,02/07/2004,Nam,1205000172,0670339546,phamvancuong172@sv.tlu.edu.vn,Môi trường,Kỹ thuật môi trường,65MT1,năm 4,2.56,Hưng Yên,358,,https://drive.google.com/file/d/1RdmpvU4JpZiHEbnQMUHsV17QpgCEu5dw/view?usp=drivesdk,Tôi cam kết các thông tin trên là đúng sự thật
29/01/2026 15:05:52,hoangvanlong173@gmail.com,Hoàng Văn Long,2251164173,01/08/2004,Nam,1205000173,0150440726,hoangvanlong173@sv.tlu.edu.vn,Quản trị kinh doanh,Quản trị doanh nghiệp,65QTDN1,năm 4,3.17,Hà Nội,296,,https://drive.google.com/file/d/1QpG5KG--jT3OJRI_hVVO7coOlNbcKE6a/view?usp=drivesdk,Tôi cam kết các thông tin trên là đúng sự thật
29/01/2026 15:05:52,nguyenvanan174@gmail.com,Nguyễn Văn An,2251164174,27/03/2004,Nam,1205000174,0935341495,nguyenvanan174@sv.tlu.edu.vn,Công nghệ thông tin,Khoa học máy tính,64CNTT1,năm 4,2.77,Hà Nội,497,,https://drive.google.com/file/d/1Ha_V2DKV9hfPxVtY_cQpXLmUAmBwgvKM/view?usp=drivesdk,Tôi cam kết các thông tin trên là đúng sự thật
29/01/2026 15:05:52,tranvanbinh175@gmail.com,Trần Văn Bình,2251164175,04/05/2005,Nam,1205000175,0834974070,tranvanbinh175@sv.tlu.edu.vn,Công nghệ thông tin,Trí tuệ nhân tạo,64AI1,năm 4,3.82,Nam Định,214,,https://drive.google.com/file/d/1UnZq02sGWt-iOTo-wYiUBqTstkvkhOoe/view?usp=drivesdk,Tôi cam kết các thông tin trên là đúng sự thật
29/01/2026 15:05:52,hoangvanlong176@gmail.com,Hoàng Văn Long,2251164176,25/06/2005,Nam,1205000176,0640270066,hoangvanlong176@sv.tlu.edu.vn,Xây dựng,Kỹ thuật xây dựng,65XDD1,năm 3,3.76,Thanh Hóa,215,,https://drive.google.com/file/d/1QqMT2pt55wiLk6q67kfn59kHTrrJqClv/view?usp=drivesdk,Tôi cam kết các thông tin trên là đúng sự thật
29/01/2026 15:05:52,tranvanbinh177@gmail.com,Trần Văn Bình,2251164177,12/06/2006,Nam,1205000177,0829036201,tranvanbinh177@sv.tlu.edu.vn,Môi trường,Kỹ thuật môi trường,65MT1,năm 3,3.31,Lào Cai,377,,https://drive.google.com/file/d/1o-qt5RtA7XQbWkWXe5K5uIzY8LTv5kQX/view?usp=drivesdk,Tôi cam kết các thông tin trên là đúng sự thật
29/01/2026 15:05:52,phamvancuong178@gmail.com,Phạm Văn Cường,2251164178,07/02/2003,Nam,1205000178,0862715916,phamvancuong178@sv.tlu.edu.vn,Ngôn ngữ học,Ngôn ngữ Trung,66NNT1,năm 4,3.50,Hà Nội,599,,https://drive.google.com/file/d/1BIyPYsGNGe-146x-JrzXYChN7JV-rtHh/view?usp=drivesdk,Tôi cam kết các thông tin trên là đúng sự thật
29/01/2026 15:05:52,dangvankhanh179@gmail.com,Đặng Văn Khánh,2251164179,06/07/2006,Nam,1205000179,0843169462,dangvankhanh179@sv.tlu.edu.vn,Quản trị kinh doanh,Quản trị doanh nghiệp,65QTDN1,năm 2,3.86,Nam Định,123,,https://drive.google.com/file/d/1UMdFBLwnlCErr3xrWR0rk7GiVmRNlSF-/view?usp=drivesdk,Tôi cam kết các thông tin trên là đúng sự thật
29/01/2026 15:05:52,nguyenvanan180@gmail.com,Nguyễn Văn An,2251164180,09/08/2003,Nam,1205000180,0502712646,nguyenvanan180@sv.tlu.edu.vn,Ngôn ngữ học,Ngôn ngữ Trung,66NNT1,năm 2,03.08,Hà Nội,194,,https://drive.google.com/file/d/1XQPjSv2K0KO9JUGyVdek-6eL_AdveQK9/view?usp=drivesdk,Tôi cam kết các thông tin trên là đúng sự thật
29/01/2026 15:05:52,dothimai181@gmail.com,Đỗ Thị Mai,2251164181,10/02/2005,Nữ,1205000181,0693746651,dothimai181@sv.tlu.edu.vn,Công nghệ thông tin,Trí tuệ nhân tạo,64AI1,năm 1,3.83,Gia Lai,189,,https://drive.google.com/file/d/1hSxKrzUVBBMvyVfTAsWRT4GllanPAvE7/view?usp=drivesdk,Tôi cam kết các thông tin trên là đúng sự thật
29/01/2026 15:05:52,lethidieu182@gmail.com,Lê Thị Diệu,2251164182,07/02/2006,Nữ,1205000182,0247702243,lethidieu182@sv.tlu.edu.vn,Công nghệ thông tin,Hệ thống thông tin,64HTTT2,năm 1,03.02,Hưng Yên,370,,https://drive.google.com/file/d/1eU0fnC3ANx-L_Wnu_Ici9Xcm5UU0lr42/view?usp=drivesdk,Tôi cam kết các thông tin trên là đúng sự thật
29/01/2026 15:05:52,phamvancuong183@gmail.com,Phạm Văn Cường,2251164183,10/02/2004,Nam,1205000183,0047474007,phamvancuong183@sv.tlu.edu.vn,Kinh tế,Kế toán,65KT1,năm 3,3.73,Hưng Yên,311,,https://drive.google.com/file/d/1ZyBKCgDJvSpcLT2I5MFK70UW5a-aNz8f/view?usp=drivesdk,Tôi cam kết các thông tin trên là đúng sự thật
29/01/2026 15:05:52,tranvanbinh184@gmail.com,Trần Văn Bình,2251164184,09/05/2005,Nam,1205000184,0733059132,tranvanbinh184@sv.tlu.edu.vn,Quản trị kinh doanh,Quản trị doanh nghiệp,65QTDN1,năm 3,3.60,Gia Lai,498,,https://drive.google.com/file/d/1x54rMD-kfTDzRzKgHVS71nOUjWMlw2y0/view?usp=drivesdk,Tôi cam kết các thông tin trên là đúng sự thật
29/01/2026 15:05:52,hoangvanlong185@gmail.com,Hoàng Văn Long,2251164185,12/03/2006,Nam,1205000185,0281220115,hoangvanlong185@sv.tlu.edu.vn,Công nghệ thông tin,Hệ thống thông tin,64HTTT2,năm 1,3.34,Hà Nội,457,,https://drive.google.com/file/d/1cvDv35AVO2zpzujXShcvrkwbh01unBRk/view?usp=drivesdk,Tôi cam kết các thông tin trên là đúng sự thật
29/01/2026 15:05:52,lethidieu186@gmail.com,Lê Thị Diệu,2251164186,03/06/2006,Nữ,1205000186,0100751047,lethidieu186@sv.tlu.edu.vn,Kinh tế,Tài chính ngân hàng,65TCNH1,năm 2,2.95,Hưng Yên,594,,https://drive.google.com/file/d/1Mlnz8_U35UJ11kHWs2pzeSKwJF8_Z-u3/view?usp=drivesdk,Tôi cam kết các thông tin trên là đúng sự thật
29/01/2026 15:05:52,phamvancuong187@gmail.com,Phạm Văn Cường,2251164187,15/02/2006,Nam,1205000187,0759839586,phamvancuong187@sv.tlu.edu.vn,Công nghệ thông tin,Trí tuệ nhân tạo,64AI1,năm 3,2.64,Nam Định,443,,https://drive.google.com/file/d/1AMeQCIYdbEVQvsmWAAR5vwsKicu32Cql/view?usp=drivesdk,Tôi cam kết các thông tin trên là đúng sự thật
29/01/2026 15:05:52,dothimai188@gmail.com,Đỗ Thị Mai,2251164188,26/02/2004,Nữ,1205000188,0790522996,dothimai188@sv.tlu.edu.vn,Xây dựng,Kỹ thuật xây dựng,65XDD1,năm 4,3.32,Hưng Yên,466,,https://drive.google.com/file/d/1qTzdFIftG5-sQUq-0aFTL4pIdshpwGig/view?usp=drivesdk,Tôi cam kết các thông tin trên là đúng sự thật
29/01/2026 15:05:52,lethidieu189@gmail.com,Lê Thị Diệu,2251164189,07/04/2003,Nữ,1205000189,0402330969,lethidieu189@sv.tlu.edu.vn,Ngôn ngữ học,Ngôn ngữ Trung,66NNT1,năm 1,3.15,Hà Nội,566,,https://drive.google.com/file/d/1NxT5tXCBzEJf6GVNeTXSdl3z-uQ6JRVQ/view?usp=drivesdk,Tôi cam kết các thông tin trên là đúng sự thật
29/01/2026 15:05:52,dangvankhanh190@gmail.com,Đặng Văn Khánh,2251164190,21/09/2004,Nam,1205000190,0571548273,dangvankhanh190@sv.tlu.edu.vn,Cơ khí,Cơ khí chế tạo,65CK1,năm 1,2.78,Hà Nội,180,,https://drive.google.com/file/d/1G4PhWfuZ3IdQDxJPFpPy2ObkVeKFs38n/view?usp=drivesdk,Tôi cam kết các thông tin trên là đúng sự thật
29/01/2026 15:05:52,lethidieu191@gmail.com,Lê Thị Diệu,2251164191,27/10/2003,Nữ,1205000191,0366541629,lethidieu191@sv.tlu.edu.vn,Ngôn ngữ học,Ngôn ngữ Trung,66NNT1,năm 4,2.88,Thanh Hóa,18,,https://drive.google.com/file/d/17aI0HuU-IV6XSTaIBG1--oE3IqYW-hDx/view?usp=drivesdk,Tôi cam kết các thông tin trên là đúng sự thật
29/01/2026 15:05:52,nguyenvanan192@gmail.com,Nguyễn Văn An,2251164192,27/08/2004,Nam,1205000192,0668056476,nguyenvanan192@sv.tlu.edu.vn,Kinh tế,Tài chính ngân hàng,65TCNH1,năm 1,2.56,Nam Định,44,,https://drive.google.com/file/d/1ghqAuWgboxjxYf8m3Ef0qno_KAYD0_rW/view?usp=drivesdk,Tôi cam kết các thông tin trên là đúng sự thật
29/01/2026 15:05:52,vuthiphuong193@gmail.com,Vũ Thị Phương,2251164193,20/02/2004,Nữ,1205000193,0310713647,vuthiphuong193@sv.tlu.edu.vn,Cơ khí,Cơ khí chế tạo,65CK1,năm 2,3.45,Nghệ An,137,,https://drive.google.com/file/d/1cQ8IDbq9fevb1Pqy0nSA9-XJCw5Wm_e1/view?usp=drivesdk,Tôi cam kết các thông tin trên là đúng sự thật
29/01/2026 15:05:52,tranvanbinh194@gmail.com,Trần Văn Bình,2251164194,27/03/2003,Nam,1205000194,0309975786,tranvanbinh194@sv.tlu.edu.vn,Quản trị kinh doanh,Quản trị doanh nghiệp,65QTDN1,năm 3,2.69,Nam Định,271,,https://drive.google.com/file/d/14A1F0QSqllEs1KQzJTAqYjmdaTi55Gcb/view?usp=drivesdk,Tôi cam kết các thông tin trên là đúng sự thật
29/01/2026 15:05:52,lethidieu195@gmail.com,Lê Thị Diệu,2251164195,29/09/2006,Nữ,1205000195,0354300673,lethidieu195@sv.tlu.edu.vn,Ngôn ngữ học,Ngôn ngữ Anh,66NNA1,năm 3,3.57,Nam Định,596,,https://drive.google.com/file/d/1iwRSdMOjE0i75tC6DtdCy3UYYzuvdX_T/view?usp=drivesdk,Tôi cam kết các thông tin trên là đúng sự thật
29/01/2026 15:05:52,nguyenvanan196@gmail.com,Nguyễn Văn An,2251164196,30/08/2003,Nam,1205000196,0347582666,nguyenvanan196@sv.tlu.edu.vn,Môi trường,Kỹ thuật môi trường,65MT1,năm 1,3.43,Nghệ An,38,,https://drive.google.com/file/d/1wJx1R06VPHLYYXOpqLFj7dAR6-HAssbS/view?usp=drivesdk,Tôi cam kết các thông tin trên là đúng sự thật
29/01/2026 15:05:52,vuthiphuong197@gmail.com,Vũ Thị Phương,2251164197,28/11/2003,Nữ,1205000197,0775980635,vuthiphuong197@sv.tlu.edu.vn,Công nghệ thông tin,Trí tuệ nhân tạo,64AI1,năm 3,3.60,Nghệ An,299,,https://drive.google.com/file/d/14Ofgs20E2CcY4Q-cZS05zecnfXQra392/view?usp=drivesdk,Tôi cam kết các thông tin trên là đúng sự thật
29/01/2026 15:05:52,buithihanh198@gmail.com,Bùi Thị Hạnh,2251164198,13/06/2003,Nữ,1205000198,0054740507,buithihanh198@sv.tlu.edu.vn,Xây dựng,Kỹ thuật xây dựng,65XDD1,năm 1,3.50,Lào Cai,293,,https://drive.google.com/file/d/1D1olFsgfMl8zvRxSVMzGXHtwflxJZK1p/view?usp=drivesdk,Tôi cam kết các thông tin trên là đúng sự thật
29/01/2026 15:05:52,vuthiphuong199@gmail.com,Vũ Thị Phương,2251164199,18/01/2005,Nữ,1205000199,0322285605,vuthiphuong199@sv.tlu.edu.vn,Quản trị kinh doanh,Quản trị doanh nghiệp,65QTDN1,năm 2,3.30,Hưng Yên,118,,https://drive.google.com/file/d/1-0LezofKRYk0g71R1ovBZzHC3iJZ-bVf/view?usp=drivesdk,Tôi cam kết các thông tin trên là đúng sự thật
29/01/2026 15:05:52,dangvankhanh200@gmail.com,Đặng Văn Khánh,2251164200,28/12/2006,Nam,1205000200,0391395629,dangvankhanh200@sv.tlu.edu.vn,Công nghệ thông tin,Hệ thống thông tin,64HTTT2,năm 4,3.45,Lào Cai,240,,https://drive.google.com/file/d/1clXF7cM0gyq2cd10aMqGwxwbaZkRCcGh/view?usp=drivesdk,Tôi cam kết các thông tin trên là đúng sự thật
29/01/2026 15:05:52,ngothilan201@gmail.com,Ngô Thị Lan,2251164201,27/11/2005,Nữ,1205000201,0052101839,ngothilan201@sv.tlu.edu.vn,Ngôn ngữ học,Ngôn ngữ Anh,66NNA1,năm 2,3.00,Hưng Yên,367,,https://drive.google.com/file/d/1jvsAOYEQODcwKefeQpjS8JcOQJzvFkwk/view?usp=drivesdk,Tôi cam kết các thông tin trên là đúng sự thật
29/01/2026 15:05:52,hoangvanlong202@gmail.com,Hoàng Văn Long,2251164202,25/09/2003,Nam,1205000202,0835178511,hoangvanlong202@sv.tlu.edu.vn,Ngôn ngữ học,Ngôn ngữ Anh,66NNA1,năm 2,03.06,Hưng Yên,174,,https://drive.google.com/file/d/1lpPxzlv3rdF0yX7p9FxhnRN3bO7hSHWJ/view?usp=drivesdk,Tôi cam kết các thông tin trên là đúng sự thật
29/01/2026 15:05:52,buithihanh203@gmail.com,Bùi Thị Hạnh,2251164203,04/03/2005,Nữ,1205000203,0870037734,buithihanh203@sv.tlu.edu.vn,Công nghệ thông tin,Mạng máy tính,64MMT1,năm 4,3.00,Nam Định,581,,https://drive.google.com/file/d/1j5wJRpNIbfFS8sBi53KI_MreH1LHQm0P/view?usp=drivesdk,Tôi cam kết các thông tin trên là đúng sự thật
29/01/2026 15:05:52,vuthiphuong204@gmail.com,Vũ Thị Phương,2251164204,04/11/2006,Nữ,1205000204,0493991027,vuthiphuong204@sv.tlu.edu.vn,Ngôn ngữ học,Ngôn ngữ Anh,66NNA1,năm 4,2.70,Gia Lai,417,,https://drive.google.com/file/d/1LCId2ZfaZUJQ7aBfCvzNRUC9WNk3Lts5/view?usp=drivesdk,Tôi cam kết các thông tin trên là đúng sự thật
29/01/2026 15:05:52,ngothilan205@gmail.com,Ngô Thị Lan,2251164205,22/12/2004,Nữ,1205000205,0520555894,ngothilan205@sv.tlu.edu.vn,Quản trị kinh doanh,Quản trị doanh nghiệp,65QTDN1,năm 2,3.28,Gia Lai,562,,https://drive.google.com/file/d/1igO3M1Cn3eO8-ecvXyYo-KhqhusGiczm/view?usp=drivesdk,Tôi cam kết các thông tin trên là đúng sự thật
29/01/2026 15:05:52,nguyenvanan206@gmail.com,Nguyễn Văn An,2251164206,13/08/2005,Nam,1205000206,0641600739,nguyenvanan206@sv.tlu.edu.vn,Quản trị kinh doanh,Marketing,65MKT1,năm 4,3.14,Nghệ An,60,,https://drive.google.com/file/d/1auyMdGFuqH96uEPjPXCYXvrjA3YCN55n/view?usp=drivesdk,Tôi cam kết các thông tin trên là đúng sự thật
29/01/2026 15:05:52,ngothilan207@gmail.com,Ngô Thị Lan,2251164207,01/08/2006,Nữ,1205000207,0587472743,ngothilan207@sv.tlu.edu.vn,Xây dựng,Kỹ thuật xây dựng,65XDD1,năm 3,3.74,Hưng Yên,575,,https://drive.google.com/file/d/1t0TUWtiehLrHR0fRRRtyZ5r09h3VMNNO/view?usp=drivesdk,Tôi cam kết các thông tin trên là đúng sự thật
29/01/2026 15:05:52,nguyenvanan208@gmail.com,Nguyễn Văn An,2251164208,25/06/2003,Nam,1205000208,0472568824,nguyenvanan208@sv.tlu.edu.vn,Quản trị kinh doanh,Quản trị doanh nghiệp,65QTDN1,năm 2,3.85,Thanh Hóa,87,,https://drive.google.com/file/d/1BEm16PcuO3q8qMxzGG0SvffeGhAa8uon/view?usp=drivesdk,Tôi cam kết các thông tin trên là đúng sự thật
29/01/2026 15:05:52,vuthiphuong209@gmail.com,Vũ Thị Phương,2251164209,25/09/2003,Nữ,1205000209,0910346591,vuthiphuong209@sv.tlu.edu.vn,Xây dựng,Công trình thủy,65CTT1,năm 3,3.57,Gia Lai,202,,https://drive.google.com/file/d/1VU7TckqyojU0fzEcdlTQ71v4rN-Bl45r/view?usp=drivesdk,Tôi cam kết các thông tin trên là đúng sự thật
29/01/2026 15:05:52,dothimai210@gmail.com,Đỗ Thị Mai,2251164210,22/07/2004,Nữ,1205000210,0705312080,dothimai210@sv.tlu.edu.vn,Quản trị kinh doanh,Quản trị doanh nghiệp,65QTDN1,năm 3,2.68,Hà Nội,185,,https://drive.google.com/file/d/1jScqaC8hl4fY8vojpV_V7kjr4-WvjNdN/view?usp=drivesdk,Tôi cam kết các thông tin trên là đúng sự thật
29/01/2026 15:05:52,vuthiphuong211@gmail.com,Vũ Thị Phương,2251164211,28/09/2005,Nữ,1205000211,0952747379,vuthiphuong211@sv.tlu.edu.vn,Điện – Điện tử,Kỹ thuật điện,65D1,năm 2,3.97,Hưng Yên,558,,https://drive.google.com/file/d/1e320SxDMVWvjG4l0chGNpz9uIT-8c5UI/view?usp=drivesdk,Tôi cam kết các thông tin trên là đúng sự thật
29/01/2026 15:05:52,buithihanh212@gmail.com,Bùi Thị Hạnh,2251164212,09/11/2005,Nữ,1205000212,0087853124,buithihanh212@sv.tlu.edu.vn,Công nghệ thông tin,Trí tuệ nhân tạo,64AI1,năm 2,03.02,Gia Lai,418,,https://drive.google.com/file/d/180DnoVJ3lF21oBWs4tK0Wp2hEGFKTEN2/view?usp=drivesdk,Tôi cam kết các thông tin trên là đúng sự thật
29/01/2026 15:05:52,dangvankhanh213@gmail.com,Đặng Văn Khánh,2251164213,06/02/2004,Nam,1205000213,0568887571,dangvankhanh213@sv.tlu.edu.vn,Xây dựng,Kỹ thuật xây dựng,65XDD1,năm 4,3.91,Lào Cai,15,,https://drive.google.com/file/d/1H4Cb9mfxyLCw4OENnjzbT8UAGa6efzh0/view?usp=drivesdk,Tôi cam kết các thông tin trên là đúng sự thật
29/01/2026 15:05:52,buithihanh214@gmail.com,Bùi Thị Hạnh,2251164214,31/08/2005,Nữ,1205000214,0771905920,buithihanh214@sv.tlu.edu.vn,Quản trị kinh doanh,Quản trị doanh nghiệp,65QTDN1,năm 2,3.64,Gia Lai,98,,https://drive.google.com/file/d/1D_4g0ivwtCjdOsJlKRrhKDprsZzvQ8Ae/view?usp=drivesdk,Tôi cam kết các thông tin trên là đúng sự thật
29/01/2026 15:05:52,dothimai215@gmail.com,Đỗ Thị Mai,2251164215,10/04/2003,Nữ,1205000215,0568227430,dothimai215@sv.tlu.edu.vn,Công nghệ thông tin,Kỹ thuật phần mềm,64KTPM1,năm 3,2.92,Gia Lai,521,,https://drive.google.com/file/d/134peL0k5kM2-1UzjADZSIQsnW5tMgvMa/view?usp=drivesdk,Tôi cam kết các thông tin trên là đúng sự thật
29/01/2026 15:05:52,ngothilan216@gmail.com,Ngô Thị Lan,2251164216,13/11/2005,Nữ,1205000216,0235288874,ngothilan216@sv.tlu.edu.vn,Điện – Điện tử,Kỹ thuật điện,65D1,năm 4,2.86,Lào Cai,88,,https://drive.google.com/file/d/154_KBRgDOZGtf7AJXXwJq7GbDDmiLf2U/view?usp=drivesdk,Tôi cam kết các thông tin trên là đúng sự thật
29/01/2026 15:05:52,buithihanh217@gmail.com,Bùi Thị Hạnh,2251164217,04/06/2006,Nữ,1205000217,0751198462,buithihanh217@sv.tlu.edu.vn,Cơ khí,Cơ khí chế tạo,65CK1,năm 2,3.25,Hưng Yên,379,,https://drive.google.com/file/d/1hiJEXezTP88k91WZH68UeSTTF-bThgl7/view?usp=drivesdk,Tôi cam kết các thông tin trên là đúng sự thật
29/01/2026 15:05:52,tranvanbinh218@gmail.com,Trần Văn Bình,2251164218,20/04/2006,Nam,1205000218,0943262568,tranvanbinh218@sv.tlu.edu.vn,Công nghệ thông tin,Trí tuệ nhân tạo,64AI1,năm 1,3.24,Nam Định,528,,https://drive.google.com/file/d/1BjH_XZdK0Ov8jCUb3YPR9TjodO3NCvMG/view?usp=drivesdk,Tôi cam kết các thông tin trên là đúng sự thật
29/01/2026 15:05:52,buithihanh219@gmail.com,Bùi Thị Hạnh,2251164219,10/09/2004,Nữ,1205000219,0604652843,buithihanh219@sv.tlu.edu.vn,Quản trị kinh doanh,Quản trị doanh nghiệp,65QTDN1,năm 3,2.79,Gia Lai,17,,https://drive.google.com/file/d/1RmE0rvdm7T_Y-ZsnURS2pYZ6s-G5xASX/view?usp=drivesdk,Tôi cam kết các thông tin trên là đúng sự thật
29/01/2026 15:05:52,dangvankhanh220@gmail.com,Đặng Văn Khánh,2251164220,27/04/2003,Nam,1205000220,0956932247,dangvankhanh220@sv.tlu.edu.vn,Kinh tế,Kinh tế xây dựng,65KTXD1,năm 1,03.05,Nam Định,45,,https://drive.google.com/file/d/1PwFSl5wA3MfqBPqa1WrqNeSSD6zA3ZcT/view?usp=drivesdk,Tôi cam kết các thông tin trên là đúng sự thật
29/01/2026 15:05:52,vuthiphuong221@gmail.com,Vũ Thị Phương,2251164221,10/02/2005,Nữ,1205000221,0242114636,vuthiphuong221@sv.tlu.edu.vn,Xây dựng,Công trình thủy,65CTT1,năm 1,2.51,Nam Định,267,,https://drive.google.com/file/d/1yT--0OR8G3iMCDlz3M4Byxeccc4lWa8l/view?usp=drivesdk,Tôi cam kết các thông tin trên là đúng sự thật
29/01/2026 15:05:52,hoangvanlong222@gmail.com,Hoàng Văn Long,2251164222,10/04/2004,Nam,1205000222,0264082946,hoangvanlong222@sv.tlu.edu.vn,Quản trị kinh doanh,Marketing,65MKT1,năm 2,3.83,Hà Nội,218,,https://drive.google.com/file/d/1S1XgQtjkhARyYq0a-MDoOjZWzaoRFqQz/view?usp=drivesdk,Tôi cam kết các thông tin trên là đúng sự thật
29/01/2026 15:05:52,ngothilan223@gmail.com,Ngô Thị Lan,2251164223,25/12/2006,Nữ,1205000223,0269226620,ngothilan223@sv.tlu.edu.vn,Xây dựng,Kỹ thuật xây dựng,65XDD1,năm 2,2.57,Lào Cai,489,,https://drive.google.com/file/d/1W0dUdSHgNSbFaB1rOtUbRxUm9a5crvXf/view?usp=drivesdk,Tôi cam kết các thông tin trên là đúng sự thật
29/01/2026 15:05:52,nguyenvanan224@gmail.com,Nguyễn Văn An,2251164224,13/07/2006,Nam,1205000224,0462841429,nguyenvanan224@sv.tlu.edu.vn,Kinh tế,Tài chính ngân hàng,65TCNH1,năm 2,3.70,Hà Nội,123,,https://drive.google.com/file/d/1RW7aAI7Omo_YU92S4B24FB-B5Z3PoBJx/view?usp=drivesdk,Tôi cam kết các thông tin trên là đúng sự thật
29/01/2026 15:05:52,dangvankhanh225@gmail.com,Đặng Văn Khánh,2251164225,07/05/2006,Nam,1205000225,0415768626,dangvankhanh225@sv.tlu.edu.vn,Quản trị kinh doanh,Quản trị doanh nghiệp,65QTDN1,năm 4,03.07,Hưng Yên,232,,https://drive.google.com/file/d/1n4NhyMo0mQPVkEgNGqM1ynPbpyN1hLTR/view?usp=drivesdk,Tôi cam kết các thông tin trên là đúng sự thật
29/01/2026 15:05:52,phamvancuong226@gmail.com,Phạm Văn Cường,2251164226,21/09/2006,Nam,1205000226,0380605897,phamvancuong226@sv.tlu.edu.vn,Kinh tế,Kế toán,65KT1,năm 3,2.54,Lào Cai,94,,https://drive.google.com/file/d/1bWn6ILjFL0WZcMtVTBx8fC1GVWRgH76A/view?usp=drivesdk,Tôi cam kết các thông tin trên là đúng sự thật
29/01/2026 15:05:52,vuthiphuong227@gmail.com,Vũ Thị Phương,2251164227,05/12/2003,Nữ,1205000227,0239228070,vuthiphuong227@sv.tlu.edu.vn,Xây dựng,Công trình thủy,65CTT1,năm 2,2.79,Thanh Hóa,300,,https://drive.google.com/file/d/1DTX7kFxd7zgZZMY4zVFIZeF7BQQEXrfh/view?usp=drivesdk,Tôi cam kết các thông tin trên là đúng sự thật
29/01/2026 15:05:52,tranvanbinh228@gmail.com,Trần Văn Bình,2251164228,04/05/2003,Nam,1205000228,0062248637,tranvanbinh228@sv.tlu.edu.vn,Công nghệ thông tin,Mạng máy tính,64MMT1,năm 2,3.97,Thanh Hóa,552,,https://drive.google.com/file/d/1aTNDM5ijeaOQgpv0Y9o14HSzz_jTDFyQ/view?usp=drivesdk,Tôi cam kết các thông tin trên là đúng sự thật
29/01/2026 15:05:52,vuthiphuong229@gmail.com,Vũ Thị Phương,2251164229,18/10/2006,Nữ,1205000229,0905186623,vuthiphuong229@sv.tlu.edu.vn,Công nghệ thông tin,Khoa học máy tính,64CNTT1,năm 1,3.43,Gia Lai,122,,https://drive.google.com/file/d/1WwRB80ELmPnVLGq2KTClC1qQuNcJYx_Y/view?usp=drivesdk,Tôi cam kết các thông tin trên là đúng sự thật
29/01/2026 15:05:52,buithihanh230@gmail.com,Bùi Thị Hạnh,2251164230,29/04/2005,Nữ,1205000230,0037320245,buithihanh230@sv.tlu.edu.vn,Công nghệ thông tin,Kỹ thuật phần mềm,64KTPM1,năm 4,2.63,Hưng Yên,476,Vùng sâu vùng xa,https://drive.google.com/file/d/1JAx6Nu5j5fxshf9TkgYqozSxw7hjhdOy/view?usp=drivesdk,Tôi cam kết các thông tin trên là đúng sự thật
29/01/2026 15:05:52,dangvankhanh231@gmail.com,Đặng Văn Khánh,2251164231,26/05/2005,Nam,1205000231,0348434733,dangvankhanh231@sv.tlu.edu.vn,Công nghệ thông tin,Trí tuệ nhân tạo,64AI1,năm 1,2.80,Hưng Yên,481,"Hộ nghèo cận nghèo, Vùng sâu vùng xa",https://drive.google.com/file/d/18DCfp3hMVkiI7cX_D4O0TXE7ZjNMunw5/view?usp=drivesdk,Tôi cam kết các thông tin trên là đúng sự thật
29/01/2026 15:05:52,tranvanbinh232@gmail.com,Trần Văn Bình,2251164232,23/08/2004,Nam,1205000232,0310639338,tranvanbinh232@sv.tlu.edu.vn,Quản trị kinh doanh,Quản trị doanh nghiệp,65QTDN1,năm 2,2.53,Thanh Hóa,196,Vùng sâu vùng xa,https://drive.google.com/file/d/12KSr_C6N0rDY0oZhjviI6yvT4EdECX6r/view?usp=drivesdk,Tôi cam kết các thông tin trên là đúng sự thật
29/01/2026 15:05:52,tranvanbinh233@gmail.com,Trần Văn Bình,2251164233,24/03/2003,Nam,1205000233,0458158792,tranvanbinh233@sv.tlu.edu.vn,Công nghệ thông tin,Kỹ thuật phần mềm,64KTPM1,năm 4,2.99,Nghệ An,452,"Hộ nghèo cận nghèo, Vùng sâu vùng xa",https://drive.google.com/file/d/1kBm26boNLQgiqt0JjHZEBQ_EDmmIJWai/view?usp=drivesdk,Tôi cam kết các thông tin trên là đúng sự thật
29/01/2026 15:05:52,buithihanh234@gmail.com,Bùi Thị Hạnh,2251164234,05/07/2005,Nữ,1205000234,0123206932,buithihanh234@sv.tlu.edu.vn,Cơ khí,Cơ khí chế tạo,65CK1,năm 2,2.99,Hưng Yên,60,"Con thương binh, liệt sỹ",https://drive.google.com/file/d/1-lEw9yPM1Lo2OWh2ysNPMmjIvsJaU8YG/view?usp=drivesdk,Tôi cam kết các thông tin trên là đúng sự thật
29/01/2026 15:05:52,nguyenvanan235@gmail.com,Nguyễn Văn An,2251164235,26/09/2005,Nam,1205000235,0684275438,nguyenvanan235@sv.tlu.edu.vn,Kinh tế,Kế toán,65KT1,năm 3,3.59,Lào Cai,67,"Con thương binh, liệt sỹ",https://drive.google.com/file/d/1aJGXjxGnn_5pFfWI4pHWKtMUOEk65hKW/view?usp=drivesdk,Tôi cam kết các thông tin trên là đúng sự thật
29/01/2026 15:05:52,buithihanh236@gmail.com,Bùi Thị Hạnh,2251164236,24/11/2005,Nữ,1205000236,0237598941,buithihanh236@sv.tlu.edu.vn,Công nghệ thông tin,Trí tuệ nhân tạo,64AI1,năm 2,3.66,Lào Cai,519,,https://drive.google.com/file/d/1CYszAL3ZJK4xULmya7aTNbrd_4bs2vqO/view?usp=drivesdk,Tôi cam kết các thông tin trên là đúng sự thật
29/01/2026 15:05:52,dangvankhanh237@gmail.com,Đặng Văn Khánh,2251164237,27/03/2003,Nam,1205000237,0958444017,dangvankhanh237@sv.tlu.edu.vn,Ngôn ngữ học,Ngôn ngữ Trung,66NNT1,năm 2,2.68,Nam Định,313,"Hộ nghèo cận nghèo, Vùng sâu vùng xa",https://drive.google.com/file/d/1a-rcmHA2DaF_HM4B6zJYzi6ck_eJSGLD/view?usp=drivesdk,Tôi cam kết các thông tin trên là đúng sự thật
29/01/2026 15:05:52,buithihanh238@gmail.com,Bùi Thị Hạnh,2251164238,12/05/2004,Nữ,1205000238,0476588931,buithihanh238@sv.tlu.edu.vn,Điện – Điện tử,Kỹ thuật điện,65D1,năm 1,2.84,Hà Nội,397,"Hộ nghèo cận nghèo, Vùng sâu vùng xa",https://drive.google.com/file/d/1KnQWEuouq5iPp5w2Z1cGFSPQoHbH15II/view?usp=drivesdk,Tôi cam kết các thông tin trên là đúng sự thật
29/01/2026 15:05:52,buithihanh239@gmail.com,Bùi Thị Hạnh,2251164239,19/09/2005,Nữ,1205000239,0896825900,buithihanh239@sv.tlu.edu.vn,Ngôn ngữ học,Ngôn ngữ Trung,66NNT1,năm 3,3.64,Nam Định,55,Vùng sâu vùng xa,https://drive.google.com/file/d/1_xBSwL3vYOXVQRdc85-wpcyPtybT9lqq/view?usp=drivesdk,Tôi cam kết các thông tin trên là đúng sự thật
29/01/2026 15:05:52,dangvankhanh240@gmail.com,Đặng Văn Khánh,2251164240,12/01/2003,Nam,1205000240,0045119443,dangvankhanh240@sv.tlu.edu.vn,Cơ khí,Cơ khí chế tạo,65CK1,năm 3,3.47,Hưng Yên,531,,https://drive.google.com/file/d/1njPw2V7fcIOhoja6B3CntBrbsuXxmyH8/view?usp=drivesdk,Tôi cam kết các thông tin trên là đúng sự thật
29/01/2026 15:05:52,vuthiphuong241@gmail.com,Vũ Thị Phương,2251164241,03/10/2004,Nữ,1205000241,0694086008,vuthiphuong241@sv.tlu.edu.vn,Cơ khí,Cơ khí chế tạo,65CK1,năm 1,2.84,Thanh Hóa,474,Hộ nghèo cận nghèo,https://drive.google.com/file/d/1ry_tzJmY227Q3gtXTXQXfLVciRgp2V93/view?usp=drivesdk,Tôi cam kết các thông tin trên là đúng sự thật
29/01/2026 15:05:52,vuthiphuong242@gmail.com,Vũ Thị Phương,2251164242,24/01/2006,Nữ,1205000242,0726218954,vuthiphuong242@sv.tlu.edu.vn,Xây dựng,Kỹ thuật xây dựng,65XDD1,năm 2,3.36,Hà Nội,262,Hộ nghèo cận nghèo,https://drive.google.com/file/d/1CrlTxYykX_35sv3kbn23vyFfS47446p9/view?usp=drivesdk,Tôi cam kết các thông tin trên là đúng sự thật
29/01/2026 15:05:52,ngothilan243@gmail.com,Ngô Thị Lan,2251164243,29/05/2006,Nữ,1205000243,0916170092,ngothilan243@sv.tlu.edu.vn,Công nghệ thông tin,Kỹ thuật phần mềm,64KTPM1,năm 1,2.79,Hưng Yên,199,"Con thương binh, liệt sỹ",https://drive.google.com/file/d/1UZyrLxlXJKIC2RFNA49PRDRgKhtAinTO/view?usp=drivesdk,Tôi cam kết các thông tin trên là đúng sự thật
29/01/2026 15:05:52,hoangvanlong244@gmail.com,Hoàng Văn Long,2251164244,04/10/2003,Nam,1205000244,0291231980,hoangvanlong244@sv.tlu.edu.vn,Ngôn ngữ học,Ngôn ngữ Trung,66NNT1,năm 1,2.82,Gia Lai,6,,https://drive.google.com/file/d/10pEs4znYxPcJD0jhSncjGQ3i844SLn9h/view?usp=drivesdk,Tôi cam kết các thông tin trên là đúng sự thật
29/01/2026 15:05:52,buithihanh245@gmail.com,Bùi Thị Hạnh,2251164245,07/09/2003,Nữ,1205000245,0112864183,buithihanh245@sv.tlu.edu.vn,Ngôn ngữ học,Ngôn ngữ Trung,66NNT1,năm 4,2.49,Nam Định,464,"Hộ nghèo cận nghèo, Vùng sâu vùng xa",https://drive.google.com/file/d/1HwUFkLknMjD9pKnLc62sECAj7mq9PRkY/view?usp=drivesdk,Tôi cam kết các thông tin trên là đúng sự thật
29/01/2026 15:05:52,nguyenvanan246@gmail.com,Nguyễn Văn An,2251164246,25/01/2004,Nam,1205000246,0810502803,nguyenvanan246@sv.tlu.edu.vn,Ngôn ngữ học,Ngôn ngữ Anh,66NNA1,năm 1,3.72,Thanh Hóa,77,,https://drive.google.com/file/d/1NyJ-5bxHVwugV2DQyr5fO46jggfAGta4/view?usp=drivesdk,Tôi cam kết các thông tin trên là đúng sự thật
29/01/2026 15:05:52,ngothilan247@gmail.com,Ngô Thị Lan,2251164247,13/01/2003,Nữ,1205000247,0920654462,ngothilan247@sv.tlu.edu.vn,Điện – Điện tử,Kỹ thuật điện,65D1,năm 2,3.47,Nghệ An,7,,https://drive.google.com/file/d/1OkWDlR_bVzHwpIH81XDLhhr63qXxhyaO/view?usp=drivesdk,Tôi cam kết các thông tin trên là đúng sự thật
29/01/2026 15:05:52,vuthiphuong248@gmail.com,Vũ Thị Phương,2251164248,01/02/2003,Nữ,1205000248,0941732772,vuthiphuong248@sv.tlu.edu.vn,Xây dựng,Kỹ thuật xây dựng,65XDD1,năm 2,2.66,Lào Cai,540,"Con thương binh, liệt sỹ",https://drive.google.com/file/d/1JXKUTbzyg_aou1TUSLqudCmhXSaWOTqR/view?usp=drivesdk,Tôi cam kết các thông tin trên là đúng sự thật
29/01/2026 15:05:52,vuthiphuong249@gmail.com,Vũ Thị Phương,2251164249,24/09/2003,Nữ,1205000249,0410574670,vuthiphuong249@sv.tlu.edu.vn,Xây dựng,Công trình thủy,65CTT1,năm 2,3.12,Nghệ An,230,Vùng sâu vùng xa,https://drive.google.com/file/d/1hgYyOv2x0qy9EnTzd1tDWjjkdpob7wBg/view?usp=drivesdk,Tôi cam kết các thông tin trên là đúng sự thật
29/01/2026 15:05:52,vuthiphuong250@gmail.com,Vũ Thị Phương,2251164250,05/10/2004,Nữ,1205000250,0379482965,vuthiphuong250@sv.tlu.edu.vn,Quản trị kinh doanh,Marketing,65MKT1,năm 1,3.60,Hưng Yên,532,Hộ nghèo cận nghèo,https://drive.google.com/file/d/1uVwEGV8iVDa7HzhLntcYMMLURzHmC0K4/view?usp=drivesdk,Tôi cam kết các thông tin trên là đúng sự thật
29/01/2026 15:05:52,tranvanbinh251@gmail.com,Trần Văn Bình,2251164251,28/05/2003,Nam,1205000251,0787662935,tranvanbinh251@sv.tlu.edu.vn,Môi trường,Kỹ thuật môi trường,65MT1,năm 3,3.23,Hà Nội,480,Vùng sâu vùng xa,https://drive.google.com/file/d/1YrzIeJTIukZXhy8ulmdUc0GjMOgNUCR4/view?usp=drivesdk,Tôi cam kết các thông tin trên là đúng sự thật
29/01/2026 15:05:52,hoangvanlong252@gmail.com,Hoàng Văn Long,2251164252,24/09/2004,Nam,1205000252,0334996796,hoangvanlong252@sv.tlu.edu.vn,Kinh tế,Tài chính ngân hàng,65TCNH1,năm 4,2.56,Hà Nội,581,Vùng sâu vùng xa,https://drive.google.com/file/d/1x3667ePbXbUyPg8fI0Vkm2aPKfLnkbwn/view?usp=drivesdk,Tôi cam kết các thông tin trên là đúng sự thật
29/01/2026 15:05:52,buithihanh253@gmail.com,Bùi Thị Hạnh,2251164253,19/04/2005,Nữ,1205000253,0279116870,buithihanh253@sv.tlu.edu.vn,Cơ khí,Cơ khí chế tạo,65CK1,năm 3,3.92,Hà Nội,377,,https://drive.google.com/file/d/1M3REzLgYYcNMp6mVd3JTJrLQdBX5lN6o/view?usp=drivesdk,Tôi cam kết các thông tin trên là đúng sự thật
29/01/2026 15:05:52,dangvankhanh254@gmail.com,Đặng Văn Khánh,2251164254,10/12/2005,Nam,1205000254,0354002412,dangvankhanh254@sv.tlu.edu.vn,Quản trị kinh doanh,Quản trị doanh nghiệp,65QTDN1,năm 3,3.68,Hà Nội,498,,https://drive.google.com/file/d/1glkvbdr06edeleND4uUKtQ4bCmyz-Kj4/view?usp=drivesdk,Tôi cam kết các thông tin trên là đúng sự thật
29/01/2026 15:05:52,buithihanh255@gmail.com,Bùi Thị Hạnh,2251164255,12/05/2006,Nữ,1205000255,0865863428,buithihanh255@sv.tlu.edu.vn,Công nghệ thông tin,Hệ thống thông tin,64HTTT2,năm 1,03.02,Hà Nội,349,,https://drive.google.com/file/d/10IIXI5alejTPwvhmjTUif_DAbe-Zbfxk/view?usp=drivesdk,Tôi cam kết các thông tin trên là đúng sự thật
29/01/2026 15:05:52,buithihanh256@gmail.com,Bùi Thị Hạnh,2251164256,24/01/2005,Nữ,1205000256,0307720300,buithihanh256@sv.tlu.edu.vn,Kinh tế,Kinh tế xây dựng,65KTXD1,năm 4,3.70,Nam Định,321,,https://drive.google.com/file/d/1bN-m2hWr0EdECpRHY83u395I9uTHqeiY/view?usp=drivesdk,Tôi cam kết các thông tin trên là đúng sự thật
29/01/2026 15:05:52,ngothilan257@gmail.com,Ngô Thị Lan,2251164257,29/03/2004,Nữ,1205000257,0817180765,ngothilan257@sv.tlu.edu.vn,Công nghệ thông tin,Khoa học máy tính,64CNTT1,năm 4,3.48,Hưng Yên,381,Hộ nghèo cận nghèo,https://drive.google.com/file/d/1-dveTUKZxodyxcL2Dk3XRVxXNyUuBbvi/view?usp=drivesdk,Tôi cam kết các thông tin trên là đúng sự thật
29/01/2026 15:05:52,vuthiphuong258@gmail.com,Vũ Thị Phương,2251164258,05/03/2005,Nữ,1205000258,0089597415,vuthiphuong258@sv.tlu.edu.vn,Công nghệ thông tin,Khoa học máy tính,64CNTT1,năm 3,3.62,Lào Cai,95,Vùng sâu vùng xa,https://drive.google.com/file/d/1uwit5TkKDNLy2nfzEJVMOXAOI4fuM51O/view?usp=drivesdk,Tôi cam kết các thông tin trên là đúng sự thật
29/01/2026 15:05:52,phamvancuong259@gmail.com,Phạm Văn Cường,2251164259,12/12/2005,Nam,1205000259,0320540992,phamvancuong259@sv.tlu.edu.vn,Ngôn ngữ học,Ngôn ngữ Anh,66NNA1,năm 2,3.54,Hưng Yên,215,Vùng sâu vùng xa,https://drive.google.com/file/d/1-K9S6s8wCOVkH4blWLKE5V79UQMiS43s/view?usp=drivesdk,Tôi cam kết các thông tin trên là đúng sự thật
29/01/2026 15:05:52,dangvankhanh260@gmail.com,Đặng Văn Khánh,2251164260,17/12/2004,Nam,1205000260,0285628055,dangvankhanh260@sv.tlu.edu.vn,Kinh tế,Kinh tế xây dựng,65KTXD1,năm 4,3.59,Gia Lai,20,,https://drive.google.com/file/d/1gZ2IEHmTvi76nNiL_viASL2hfVomQ_hW/view?usp=drivesdk,Tôi cam kết các thông tin trên là đúng sự thật
29/01/2026 15:05:52,hoangvanlong261@gmail.com,Hoàng Văn Long,2251164261,07/08/2003,Nam,1205000261,0577324349,hoangvanlong261@sv.tlu.edu.vn,Xây dựng,Kỹ thuật xây dựng,65XDD1,năm 3,3.84,Nghệ An,148,,https://drive.google.com/file/d/18KJeE2rWCEhPMXvGOa-fc4iXZFnFFhQ5/view?usp=drivesdk,Tôi cam kết các thông tin trên là đúng sự thật
29/01/2026 15:05:52,lethidieu262@gmail.com,Lê Thị Diệu,2251164262,15/09/2005,Nữ,1205000262,0155393007,lethidieu262@sv.tlu.edu.vn,Công nghệ thông tin,Kỹ thuật phần mềm,64KTPM1,năm 1,3.85,Gia Lai,202,Vùng sâu vùng xa,https://drive.google.com/file/d/10xtVEqP9KJzYjH3jFrJ2AW9Kjme9KuxY/view?usp=drivesdk,Tôi cam kết các thông tin trên là đúng sự thật
29/01/2026 15:05:52,dothimai263@gmail.com,Đỗ Thị Mai,2251164263,27/05/2004,Nữ,1205000263,0184755764,dothimai263@sv.tlu.edu.vn,Kinh tế,Kế toán,65KT1,năm 4,2.52,Lào Cai,292,Hộ nghèo cận nghèo,https://drive.google.com/file/d/1lHG-5KMygFY5nApPMSF4oi_Kxp6pDiyw/view?usp=drivesdk,Tôi cam kết các thông tin trên là đúng sự thật
29/01/2026 15:05:52,dangvankhanh264@gmail.com,Đặng Văn Khánh,2251164264,30/12/2005,Nam,1205000264,0173328662,dangvankhanh264@sv.tlu.edu.vn,Kinh tế,Kinh tế xây dựng,65KTXD1,năm 2,2.71,Gia Lai,82,"Con thương binh, liệt sỹ",https://drive.google.com/file/d/1W6gFQa3aZ23gx_kGKuwIHVNMNVgkiggf/view?usp=drivesdk,Tôi cam kết các thông tin trên là đúng sự thật
29/01/2026 15:05:52,nguyenvanan265@gmail.com,Nguyễn Văn An,2251164265,12/12/2005,Nam,1205000265,0046224834,nguyenvanan265@sv.tlu.edu.vn,Quản trị kinh doanh,Quản trị doanh nghiệp,65QTDN1,năm 3,3.13,Nghệ An,13,Vùng sâu vùng xa,https://drive.google.com/file/d/1tMN4DtsyHdVOeQfccJA0yonouVjHTsxv/view?usp=drivesdk,Tôi cam kết các thông tin trên là đúng sự thật
29/01/2026 15:05:52,hoangvanlong266@gmail.com,Hoàng Văn Long,2251164266,11/01/2004,Nam,1205000266,0728082191,hoangvanlong266@sv.tlu.edu.vn,Công nghệ thông tin,Mạng máy tính,64MMT1,năm 4,3.78,Hưng Yên,177,"Hộ nghèo cận nghèo, Vùng sâu vùng xa",https://drive.google.com/file/d/1Ncj6QipFJT0lGzg0RAMXGqWKK1K4bS0p/view?usp=drivesdk,Tôi cam kết các thông tin trên là đúng sự thật
29/01/2026 15:05:52,ngothilan267@gmail.com,Ngô Thị Lan,2251164267,03/04/2003,Nữ,1205000267,0030629801,ngothilan267@sv.tlu.edu.vn,Công nghệ thông tin,Khoa học máy tính,64CNTT1,năm 2,3.82,Gia Lai,174,"Hộ nghèo cận nghèo, Vùng sâu vùng xa",https://drive.google.com/file/d/1G-kBv7xa0I7PwLEsvBaIJJ9ulB9rcix2/view?usp=drivesdk,Tôi cam kết các thông tin trên là đúng sự thật
29/01/2026 15:05:52,hoangvanlong268@gmail.com,Hoàng Văn Long,2251164268,31/05/2006,Nam,1205000268,0963842481,hoangvanlong268@sv.tlu.edu.vn,Ngôn ngữ học,Ngôn ngữ Trung,66NNT1,năm 3,3.13,Hà Nội,533,"Con thương binh, liệt sỹ",https://drive.google.com/file/d/1bTF64RW_WXvbBP4sJ_O5QheWqLTTT7gx/view?usp=drivesdk,Tôi cam kết các thông tin trên là đúng sự thật
29/01/2026 15:05:52,vuthiphuong269@gmail.com,Vũ Thị Phương,2251164269,20/07/2005,Nữ,1205000269,0729423419,vuthiphuong269@sv.tlu.edu.vn,Công nghệ thông tin,Mạng máy tính,64MMT1,năm 4,2.90,Gia Lai,184,"Hộ nghèo cận nghèo, Vùng sâu vùng xa",https://drive.google.com/file/d/1LutcJlCCsUC0qZnDES9KVUbuuR3l9SkG/view?usp=drivesdk,Tôi cam kết các thông tin trên là đúng sự thật
29/01/2026 15:05:52,phamvancuong270@gmail.com,Phạm Văn Cường,2251164270,03/09/2004,Nam,1205000270,0578201798,phamvancuong270@sv.tlu.edu.vn,Công nghệ thông tin,Mạng máy tính,64MMT1,năm 4,3.35,Lào Cai,501,Vùng sâu vùng xa,https://drive.google.com/file/d/11g1l6ovo9mxNG2Sa8s_FFBH9ITQrh45v/view?usp=drivesdk,Tôi cam kết các thông tin trên là đúng sự thật
29/01/2026 15:05:52,vuthiphuong271@gmail.com,Vũ Thị Phương,2251164271,11/11/2006,Nữ,1205000271,0549043185,vuthiphuong271@sv.tlu.edu.vn,Công nghệ thông tin,Khoa học máy tính,64CNTT1,năm 3,3.18,Thanh Hóa,218,"Con thương binh, liệt sỹ",https://drive.google.com/file/d/1ASxqtNmb-SN3OUSpOpijcoD4uSyI9l1j/view?usp=drivesdk,Tôi cam kết các thông tin trên là đúng sự thật
29/01/2026 15:05:52,nguyenvanan272@gmail.com,Nguyễn Văn An,2251164272,02/01/2005,Nam,1205000272,0660223935,nguyenvanan272@sv.tlu.edu.vn,Kinh tế,Kinh tế xây dựng,65KTXD1,năm 1,2.98,Hưng Yên,357,Vùng sâu vùng xa,https://drive.google.com/file/d/19OELF4XmkKEOD-n0a6ouKABMTZoryBNx/view?usp=drivesdk,Tôi cam kết các thông tin trên là đúng sự thật
29/01/2026 15:05:52,vuthiphuong273@gmail.com,Vũ Thị Phương,2251164273,27/05/2006,Nữ,1205000273,0017740721,vuthiphuong273@sv.tlu.edu.vn,Ngôn ngữ học,Ngôn ngữ Anh,66NNA1,năm 2,3.82,Nghệ An,523,Hộ nghèo cận nghèo,https://drive.google.com/file/d/1_5jvxwuYe_9N7tHBlQe_wUXsIjdn5Fsd/view?usp=drivesdk,Tôi cam kết các thông tin trên là đúng sự thật
29/01/2026 15:05:52,tranvanbinh274@gmail.com,Trần Văn Bình,2251164274,06/10/2005,Nam,1205000274,0999901264,tranvanbinh274@sv.tlu.edu.vn,Ngôn ngữ học,Ngôn ngữ Anh,66NNA1,năm 4,3.81,Lào Cai,109,,https://drive.google.com/file/d/1mrtWOdOGPztFC9mLJdU5nn0Qsg2UhxaZ/view?usp=drivesdk,Tôi cam kết các thông tin trên là đúng sự thật
29/01/2026 15:05:52,vuthiphuong275@gmail.com,Vũ Thị Phương,2251164275,21/09/2006,Nữ,1205000275,0058649600,vuthiphuong275@sv.tlu.edu.vn,Xây dựng,Công trình thủy,65CTT1,năm 2,03.03,Hà Nội,148,,https://drive.google.com/file/d/1dLvnNOE-bVjtj_EU6kit8z8d2ZQ8JJv0/view?usp=drivesdk,Tôi cam kết các thông tin trên là đúng sự thật
29/01/2026 15:05:52,nguyenvanan276@gmail.com,Nguyễn Văn An,2251164276,31/10/2006,Nam,1205000276,0982024002,nguyenvanan276@sv.tlu.edu.vn,Ngôn ngữ học,Ngôn ngữ Trung,66NNT1,năm 1,3.95,Lào Cai,479,Vùng sâu vùng xa,https://drive.google.com/file/d/1fiBwXkQ480dkNoe_MdGIfe9ewib3aXLS/view?usp=drivesdk,Tôi cam kết các thông tin trên là đúng sự thật
29/01/2026 15:05:52,tranvanbinh277@gmail.com,Trần Văn Bình,2251164277,28/11/2005,Nam,1205000277,0633926445,tranvanbinh277@sv.tlu.edu.vn,Kinh tế,Kinh tế xây dựng,65KTXD1,năm 3,2.60,Hưng Yên,596,Vùng sâu vùng xa,https://drive.google.com/file/d/179Ul5MmG-ZrdSMpVL4VfecTrNEwrDqzz/view?usp=drivesdk,Tôi cam kết các thông tin trên là đúng sự thật
29/01/2026 15:05:52,hoangvanlong278@gmail.com,Hoàng Văn Long,2251164278,22/04/2003,Nam,1205000278,0289468208,hoangvanlong278@sv.tlu.edu.vn,Điện – Điện tử,Kỹ thuật điện,65D1,năm 4,3.13,Lào Cai,306,"Hộ nghèo cận nghèo, Vùng sâu vùng xa",https://drive.google.com/file/d/1JJLRcnDj60RhRDii5YLWmX6tR5Y3vlCz/view?usp=drivesdk,Tôi cam kết các thông tin trên là đúng sự thật
29/01/2026 15:05:52,hoangvanlong279@gmail.com,Hoàng Văn Long,2251164279,15/11/2004,Nam,1205000279,0552970960,hoangvanlong279@sv.tlu.edu.vn,Quản trị kinh doanh,Quản trị doanh nghiệp,65QTDN1,năm 3,3.32,Hưng Yên,468,"Con thương binh, liệt sỹ",https://drive.google.com/file/d/1TsEuE9h7XdPV0tqgT4719WZQ1foOslRk/view?usp=drivesdk,Tôi cam kết các thông tin trên là đúng sự thật
29/01/2026 15:05:52,tranvanbinh280@gmail.com,Trần Văn Bình,2251164280,10/01/2005,Nam,1205000280,0377073711,tranvanbinh280@sv.tlu.edu.vn,Quản trị kinh doanh,Marketing,65MKT1,năm 3,2.59,Lào Cai,66,"Con thương binh, liệt sỹ",https://drive.google.com/file/d/1duvObzQiaddUtoFpVuArjLvnRm0b1Jqe/view?usp=drivesdk,Tôi cam kết các thông tin trên là đúng sự thật
29/01/2026 15:05:52,dangvankhanh281@gmail.com,Đặng Văn Khánh,2251164281,11/09/2006,Nam,1205000281,0589468939,dangvankhanh281@sv.tlu.edu.vn,Môi trường,Kỹ thuật môi trường,65MT1,năm 3,3.64,Nam Định,177,,https://drive.google.com/file/d/1ZxxSAtGlEhEoMiBl2ER9dCLMWSQghRzS/view?usp=drivesdk,Tôi cam kết các thông tin trên là đúng sự thật
29/01/2026 15:05:52,dangvankhanh282@gmail.com,Đặng Văn Khánh,2251164282,22/03/2003,Nam,1205000282,0182520086,dangvankhanh282@sv.tlu.edu.vn,Công nghệ thông tin,Trí tuệ nhân tạo,64AI1,năm 2,2.81,Gia Lai,336,,https://drive.google.com/file/d/1z7l158p_mWrrlDGgfrAwHR6dnDY84PyV/view?usp=drivesdk,Tôi cam kết các thông tin trên là đúng sự thật
29/01/2026 15:05:52,buithihanh283@gmail.com,Bùi Thị Hạnh,2251164283,01/08/2006,Nữ,1205000283,0404693006,buithihanh283@sv.tlu.edu.vn,Điện – Điện tử,Kỹ thuật điện,65D1,năm 2,2.86,Nghệ An,453,Hộ nghèo cận nghèo,https://drive.google.com/file/d/1BULWEj8yqeUTyP0BGoKkOLjyEgMSyc6n/view?usp=drivesdk,Tôi cam kết các thông tin trên là đúng sự thật
29/01/2026 15:05:52,nguyenvanan284@gmail.com,Nguyễn Văn An,2251164284,15/04/2004,Nam,1205000284,0894579261,nguyenvanan284@sv.tlu.edu.vn,Công nghệ thông tin,Hệ thống thông tin,64HTTT2,năm 1,3.92,Nghệ An,79,Vùng sâu vùng xa,https://drive.google.com/file/d/1H2ho3Fm3SUNFS2rM9CImEWRZVjdLhpEL/view?usp=drivesdk,Tôi cam kết các thông tin trên là đúng sự thật
29/01/2026 15:05:52,lethidieu285@gmail.com,Lê Thị Diệu,2251164285,19/02/2004,Nữ,1205000285,0839040101,lethidieu285@sv.tlu.edu.vn,Ngôn ngữ học,Ngôn ngữ Anh,66NNA1,năm 4,3.66,Hưng Yên,353,Vùng sâu vùng xa,https://drive.google.com/file/d/1vwtVbeC9FE5YTSEwfirThYH2GiuUJU_5/view?usp=drivesdk,Tôi cam kết các thông tin trên là đúng sự thật
29/01/2026 15:05:52,ngothilan286@gmail.com,Ngô Thị Lan,2251164286,10/01/2003,Nữ,1205000286,0729545841,ngothilan286@sv.tlu.edu.vn,Cơ khí,Cơ khí chế tạo,65CK1,năm 2,3.36,Nam Định,406,"Con thương binh, liệt sỹ",https://drive.google.com/file/d/10FuzhqkG39XLPQ_99RMKfFOLJLP2DrFG/view?usp=drivesdk,Tôi cam kết các thông tin trên là đúng sự thật
29/01/2026 15:05:52,buithihanh287@gmail.com,Bùi Thị Hạnh,2251164287,08/11/2003,Nữ,1205000287,0525497202,buithihanh287@sv.tlu.edu.vn,Xây dựng,Công trình thủy,65CTT1,năm 2,3.47,Hà Nội,259,"Hộ nghèo cận nghèo, Vùng sâu vùng xa",https://drive.google.com/file/d/1PVemryOBBpiix3vpcvkZWyHX1NiQIldS/view?usp=drivesdk,Tôi cam kết các thông tin trên là đúng sự thật
29/01/2026 15:05:52,ngothilan288@gmail.com,Ngô Thị Lan,2251164288,13/01/2003,Nữ,1205000288,0080632614,ngothilan288@sv.tlu.edu.vn,Kinh tế,Kinh tế xây dựng,65KTXD1,năm 1,3.33,Thanh Hóa,537,,https://drive.google.com/file/d/12baCOckQtTjQnh3BxxlDmwcVALRo7b2n/view?usp=drivesdk,Tôi cam kết các thông tin trên là đúng sự thật
29/01/2026 15:05:52,lethidieu289@gmail.com,Lê Thị Diệu,2251164289,13/06/2004,Nữ,1205000289,0602316794,lethidieu289@sv.tlu.edu.vn,Xây dựng,Công trình thủy,65CTT1,năm 1,2.76,Nam Định,467,"Hộ nghèo cận nghèo, Vùng sâu vùng xa",https://drive.google.com/file/d/1wsC3Ifz1KPwdV2Y2VgIL47ZpwEEkb_bx/view?usp=drivesdk,Tôi cam kết các thông tin trên là đúng sự thật
29/01/2026 15:05:52,tranvanbinh290@gmail.com,Trần Văn Bình,2251164290,04/03/2004,Nam,1205000290,0469671412,tranvanbinh290@sv.tlu.edu.vn,Công nghệ thông tin,Khoa học máy tính,64CNTT1,năm 1,3.60,Thanh Hóa,37,"Con thương binh, liệt sỹ",https://drive.google.com/file/d/1xYkK_1_w1sZJi1ytqqVFrXXj_RDMG3OO/view?usp=drivesdk,Tôi cam kết các thông tin trên là đúng sự thật
29/01/2026 15:05:52,ngothilan291@gmail.com,Ngô Thị Lan,2251164291,24/12/2006,Nữ,1205000291,0239381245,ngothilan291@sv.tlu.edu.vn,Xây dựng,Công trình thủy,65CTT1,năm 3,2.45,Nam Định,256,,https://drive.google.com/file/d/10e-LJeUM1C_sDuJXF1NJsCgM42YbSc7H/view?usp=drivesdk,Tôi cam kết các thông tin trên là đúng sự thật
29/01/2026 15:05:52,nguyenvanan292@gmail.com,Nguyễn Văn An,2251164292,26/05/2006,Nam,1205000292,0687289553,nguyenvanan292@sv.tlu.edu.vn,Môi trường,Kỹ thuật môi trường,65MT1,năm 4,2.41,Thanh Hóa,485,"Hộ nghèo cận nghèo, Vùng sâu vùng xa",https://drive.google.com/file/d/1PkRSfNPSI8J7ACGdJAx2X3dB2CjScrPa/view?usp=drivesdk,Tôi cam kết các thông tin trên là đúng sự thật
29/01/2026 15:05:52,dothimai293@gmail.com,Đỗ Thị Mai,2251164293,26/09/2006,Nữ,1205000293,0657205806,dothimai293@sv.tlu.edu.vn,Môi trường,Kỹ thuật môi trường,65MT1,năm 3,2.54,Nam Định,263,,https://drive.google.com/file/d/1U0bZdpLa2j7B7huX2rEQD6Op2KTtqr8U/view?usp=drivesdk,Tôi cam kết các thông tin trên là đúng sự thật
29/01/2026 15:05:52,hoangvanlong294@gmail.com,Hoàng Văn Long,2251164294,20/05/2004,Nam,1205000294,0429700440,hoangvanlong294@sv.tlu.edu.vn,Ngôn ngữ học,Ngôn ngữ Trung,66NNT1,năm 2,03.01,Thanh Hóa,324,,https://drive.google.com/file/d/1ZCYYEwk2qaAz3h1zSvbKf-80zm4WB0ea/view?usp=drivesdk,Tôi cam kết các thông tin trên là đúng sự thật
29/01/2026 15:05:52,vuthiphuong295@gmail.com,Vũ Thị Phương,2251164295,13/03/2004,Nữ,1205000295,0891802128,vuthiphuong295@sv.tlu.edu.vn,Điện – Điện tử,Kỹ thuật điện,65D1,năm 3,3.86,Thanh Hóa,111,Hộ nghèo cận nghèo,https://drive.google.com/file/d/1LqYCjfPP9SuqUQSUuC9drWjKHSK_mcJs/view?usp=drivesdk,Tôi cam kết các thông tin trên là đúng sự thật
29/01/2026 15:05:52,vuthiphuong296@gmail.com,Vũ Thị Phương,2251164296,01/05/2004,Nữ,1205000296,0632798694,vuthiphuong296@sv.tlu.edu.vn,Xây dựng,Công trình thủy,65CTT1,năm 2,3.74,Gia Lai,510,Vùng sâu vùng xa,https://drive.google.com/file/d/1q8NcqqHi9huuNzxXrc3yW3SQTSFIxS4t/view?usp=drivesdk,Tôi cam kết các thông tin trên là đúng sự thật
29/01/2026 15:05:52,vuthiphuong297@gmail.com,Vũ Thị Phương,2251164297,06/11/2004,Nữ,1205000297,0247460128,vuthiphuong297@sv.tlu.edu.vn,Kinh tế,Tài chính ngân hàng,65TCNH1,năm 2,3.79,Gia Lai,341,"Con thương binh, liệt sỹ",https://drive.google.com/file/d/1dUsYIQuxq07HNWfd8zsgJy3WYMU8Mkgl/view?usp=drivesdk,Tôi cam kết các thông tin trên là đúng sự thật
29/01/2026 15:05:52,lethidieu298@gmail.com,Lê Thị Diệu,2251164298,16/02/2004,Nữ,1205000298,0287830051,lethidieu298@sv.tlu.edu.vn,Công nghệ thông tin,Trí tuệ nhân tạo,64AI1,năm 1,2.97,Lào Cai,54,"Hộ nghèo cận nghèo, Vùng sâu vùng xa",https://drive.google.com/file/d/1GIzYn4ChYkp3sYbDeK687C0mo9o_rq5x/view?usp=drivesdk,Tôi cam kết các thông tin trên là đúng sự thật
29/01/2026 15:05:52,vuthiphuong299@gmail.com,Vũ Thị Phương,2251164299,26/03/2004,Nữ,1205000299,0866534073,vuthiphuong299@sv.tlu.edu.vn,Công nghệ thông tin,Khoa học máy tính,64CNTT1,năm 2,2.74,Nghệ An,239,Hộ nghèo cận nghèo,https://drive.google.com/file/d/1VggiN24HsULjxjhJgvys_Y8rMwRAFXgz/view?usp=drivesdk,Tôi cam kết các thông tin trên là đúng sự thật
29/01/2026 15:05:52,vuthiphuong300@gmail.com,Vũ Thị Phương,2251164300,22/05/2005,Nữ,1205000300,0814346964,vuthiphuong300@sv.tlu.edu.vn,Môi trường,Kỹ thuật môi trường,65MT1,năm 2,2.89,Lào Cai,514,"Con thương binh, liệt sỹ",https://drive.google.com/file/d/1Y8W0h7zS-_0pLXYpOZhN44VtRn5bRJOI/view?usp=drivesdk,Tôi cam kết các thông tin trên là đúng sự thật
29/01/2026 15:05:52,phamvancuong301@gmail.com,Phạm Văn Cường,2251164301,07/09/2004,Nam,1205000301,0127335739,phamvancuong301@sv.tlu.edu.vn,Ngôn ngữ học,Ngôn ngữ Anh,66NNA1,năm 1,2.91,Hưng Yên,42,Hộ nghèo cận nghèo,https://drive.google.com/file/d/1vclxNJDVcSwnAcr5kcEEEvejYINmKf-t/view?usp=drivesdk,Tôi cam kết các thông tin trên là đúng sự thật
29/01/2026 15:05:52,buithihanh302@gmail.com,Bùi Thị Hạnh,2251164302,25/03/2003,Nữ,1205000302,0075079875,buithihanh302@sv.tlu.edu.vn,Điện – Điện tử,Kỹ thuật điện,65D1,năm 2,3.22,Hưng Yên,90,"Con thương binh, liệt sỹ",https://drive.google.com/file/d/1QDabmIZDsppIGxShmyIUI6cApK1_-SSd/view?usp=drivesdk,Tôi cam kết các thông tin trên là đúng sự thật
29/01/2026 15:05:52,vuthiphuong303@gmail.com,Vũ Thị Phương,2251164303,29/11/2004,Nữ,1205000303,0338432609,vuthiphuong303@sv.tlu.edu.vn,Kinh tế,Kinh tế xây dựng,65KTXD1,năm 2,3.49,Hà Nội,571,Hộ nghèo cận nghèo,https://drive.google.com/file/d/1dD9H4duC34aN479qMUCC5HJteJzAJ8w1/view?usp=drivesdk,Tôi cam kết các thông tin trên là đúng sự thật
29/01/2026 15:05:52,nguyenvanan304@gmail.com,Nguyễn Văn An,2251164304,18/07/2005,Nam,1205000304,0380016483,nguyenvanan304@sv.tlu.edu.vn,Công nghệ thông tin,Mạng máy tính,64MMT1,năm 2,2.54,Hà Nội,443,"Hộ nghèo cận nghèo, Vùng sâu vùng xa",https://drive.google.com/file/d/1v9QdTDJ048vECh_m2B-zlQqeArJCXSda/view?usp=drivesdk,Tôi cam kết các thông tin trên là đúng sự thật
29/01/2026 15:05:52,tranvanbinh305@gmail.com,Trần Văn Bình,2251164305,18/12/2005,Nam,1205000305,0119481986,tranvanbinh305@sv.tlu.edu.vn,Môi trường,Kỹ thuật môi trường,65MT1,năm 2,3.79,Lào Cai,122,,https://drive.google.com/file/d/1DejoJG_vlV8V4YHp35hzOtdYZ3KvQNs7/view?usp=drivesdk,Tôi cam kết các thông tin trên là đúng sự thật
29/01/2026 15:05:52,dangvankhanh306@gmail.com,Đặng Văn Khánh,2251164306,19/12/2005,Nam,1205000306,0788611544,dangvankhanh306@sv.tlu.edu.vn,Xây dựng,Công trình thủy,65CTT1,năm 1,3.39,Lào Cai,197,,https://drive.google.com/file/d/1gV6Jixbcl5iK0IXczVuyxVAnZ0vyvkLo/view?usp=drivesdk,Tôi cam kết các thông tin trên là đúng sự thật
29/01/2026 15:05:52,dangvankhanh307@gmail.com,Đặng Văn Khánh,2251164307,26/11/2004,Nam,1205000307,0930905695,dangvankhanh307@sv.tlu.edu.vn,Kinh tế,Kinh tế xây dựng,65KTXD1,năm 2,3.10,Hà Nội,55,Vùng sâu vùng xa,https://drive.google.com/file/d/1cAkN83cN_SuGkcms2JVFszf1LCzqxdlO/view?usp=drivesdk,Tôi cam kết các thông tin trên là đúng sự thật
29/01/2026 15:05:52,dothimai308@gmail.com,Đỗ Thị Mai,2251164308,18/03/2006,Nữ,1205000308,0714799066,dothimai308@sv.tlu.edu.vn,Kinh tế,Kế toán,65KT1,năm 4,3.40,Lào Cai,168,,https://drive.google.com/file/d/1VGEsAz-UUX2l8wjLZwMUs55WbGiPZ1Fc/view?usp=drivesdk,Tôi cam kết các thông tin trên là đúng sự thật
29/01/2026 15:05:52,vuthiphuong309@gmail.com,Vũ Thị Phương,2251164309,03/08/2004,Nữ,1205000309,0017156752,vuthiphuong309@sv.tlu.edu.vn,Ngôn ngữ học,Ngôn ngữ Anh,66NNA1,năm 4,2.44,Nghệ An,241,,https://drive.google.com/file/d/1DkMDzJab1DPv-4snfpYIvMBlGhs0sbbK/view?usp=drivesdk,Tôi cam kết các thông tin trên là đúng sự thật
29/01/2026 15:05:52,nguyenvanan310@gmail.com,Nguyễn Văn An,2251164310,01/11/2003,Nam,1205000310,0261718430,nguyenvanan310@sv.tlu.edu.vn,Quản trị kinh doanh,Quản trị doanh nghiệp,65QTDN1,năm 3,2.67,Lào Cai,81,Vùng sâu vùng xa,https://drive.google.com/file/d/1-0_muK55Gm-iJGsohlDBeIEPiCtVskG3/view?usp=drivesdk,Tôi cam kết các thông tin trên là đúng sự thật
29/01/2026 15:05:52,nguyenvanan311@gmail.com,Nguyễn Văn An,2251164311,11/12/2006,Nam,1205000311,0645571581,nguyenvanan311@sv.tlu.edu.vn,Cơ khí,Cơ khí chế tạo,65CK1,năm 3,3.93,Gia Lai,507,Hộ nghèo cận nghèo,https://drive.google.com/file/d/10yUsZJLQqRhsrjCne4JDcLOHQ4p8DRXp/view?usp=drivesdk,Tôi cam kết các thông tin trên là đúng sự thật
29/01/2026 15:05:52,phamvancuong312@gmail.com,Phạm Văn Cường,2251164312,01/03/2003,Nam,1205000312,0360055221,phamvancuong312@sv.tlu.edu.vn,Quản trị kinh doanh,Quản trị doanh nghiệp,65QTDN1,năm 4,3.45,Hà Nội,425,Vùng sâu vùng xa,https://drive.google.com/file/d/1qThG01frnw_KLalx-opozwopXfOnGBV1/view?usp=drivesdk,Tôi cam kết các thông tin trên là đúng sự thật
29/01/2026 15:05:52,nguyenvanan313@gmail.com,Nguyễn Văn An,2251164313,17/08/2006,Nam,1205000313,0820901924,nguyenvanan313@sv.tlu.edu.vn,Kinh tế,Tài chính ngân hàng,65TCNH1,năm 4,3.38,Nghệ An,35,Vùng sâu vùng xa,https://drive.google.com/file/d/1Z5xodzQ5oOlvNS64TQ4jvDRwEqjoZdiM/view?usp=drivesdk,Tôi cam kết các thông tin trên là đúng sự thật
29/01/2026 15:05:52,phamvancuong314@gmail.com,Phạm Văn Cường,2251164314,15/11/2005,Nam,1205000314,0308870460,phamvancuong314@sv.tlu.edu.vn,Xây dựng,Công trình thủy,65CTT1,năm 3,3.37,Nam Định,489,"Hộ nghèo cận nghèo, Vùng sâu vùng xa",https://drive.google.com/file/d/1NsJAWfBUTs9ARu6QObrQx6OQlVuaLuHj/view?usp=drivesdk,Tôi cam kết các thông tin trên là đúng sự thật
29/01/2026 15:05:52,lethidieu315@gmail.com,Lê Thị Diệu,2251164315,15/10/2004,Nữ,1205000315,0949334097,lethidieu315@sv.tlu.edu.vn,Điện – Điện tử,Kỹ thuật điện,65D1,năm 3,3.18,Lào Cai,114,Vùng sâu vùng xa,https://drive.google.com/file/d/1E1m8FQN63xxYhcD9LEuaAwFhBlM1GfGT/view?usp=drivesdk,Tôi cam kết các thông tin trên là đúng sự thật
29/01/2026 15:05:52,tranvanbinh316@gmail.com,Trần Văn Bình,2251164316,09/01/2003,Nam,1205000316,0734602186,tranvanbinh316@sv.tlu.edu.vn,Môi trường,Kỹ thuật môi trường,65MT1,năm 3,3.81,Nghệ An,366,,https://drive.google.com/file/d/1MgtuyLqeX43pe7hdw4qeTy9FCou4SDnW/view?usp=drivesdk,Tôi cam kết các thông tin trên là đúng sự thật
29/01/2026 15:05:52,phamvancuong317@gmail.com,Phạm Văn Cường,2251164317,23/03/2005,Nam,1205000317,0601476309,phamvancuong317@sv.tlu.edu.vn,Kinh tế,Tài chính ngân hàng,65TCNH1,năm 1,2.93,Lào Cai,511,,https://drive.google.com/file/d/1cXQ5Tu7hQOCw3qhu4mIPGXY5BfIXzADL/view?usp=drivesdk,Tôi cam kết các thông tin trên là đúng sự thật
29/01/2026 15:05:52,dangvankhanh318@gmail.com,Đặng Văn Khánh,2251164318,31/01/2004,Nam,1205000318,0913015671,dangvankhanh318@sv.tlu.edu.vn,Cơ khí,Cơ khí chế tạo,65CK1,năm 3,2.64,Thanh Hóa,370,"Con thương binh, liệt sỹ",https://drive.google.com/file/d/1ZBrEiEkaTmBdNZfZSV3Io1ef8O1qhKJG/view?usp=drivesdk,Tôi cam kết các thông tin trên là đúng sự thật
29/01/2026 15:05:52,dangvankhanh319@gmail.com,Đặng Văn Khánh,2251164319,06/06/2004,Nam,1205000319,0793729980,dangvankhanh319@sv.tlu.edu.vn,Xây dựng,Công trình thủy,65CTT1,năm 3,3.48,Lào Cai,187,"Hộ nghèo cận nghèo, Vùng sâu vùng xa",https://drive.google.com/file/d/1gsh4L1MqVIBjNQSYzPC5mp8O8jPEOFYD/view?usp=drivesdk,Tôi cam kết các thông tin trên là đúng sự thật
29/01/2026 15:05:52,ngothilan320@gmail.com,Ngô Thị Lan,2251164320,07/08/2003,Nữ,1205000320,0346429951,ngothilan320@sv.tlu.edu.vn,Quản trị kinh doanh,Quản trị doanh nghiệp,65QTDN1,năm 4,03.05,Nam Định,413,"Hộ nghèo cận nghèo, Vùng sâu vùng xa",https://drive.google.com/file/d/1J0GsSsTk_1IvL18SmTOaKhJGNRIXJewh/view?usp=drivesdk,Tôi cam kết các thông tin trên là đúng sự thật
29/01/2026 15:05:52,buithihanh321@gmail.com,Bùi Thị Hạnh,2251164321,03/06/2005,Nữ,1205000321,0793685620,buithihanh321@sv.tlu.edu.vn,Kinh tế,Tài chính ngân hàng,65TCNH1,năm 1,3.81,Hà Nội,176,Hộ nghèo cận nghèo,https://drive.google.com/file/d/1Cq2RoVb8w7S6TnqhQcShUP8zqk8j2A3e/view?usp=drivesdk,Tôi cam kết các thông tin trên là đúng sự thật
29/01/2026 15:05:52,dothimai322@gmail.com,Đỗ Thị Mai,2251164322,12/07/2006,Nữ,1205000322,0504923916,dothimai322@sv.tlu.edu.vn,Kinh tế,Tài chính ngân hàng,65TCNH1,năm 1,3.57,Hà Nội,100,"Con thương binh, liệt sỹ",https://drive.google.com/file/d/1DLOQ4PGVXwSS_z_g-hbqDx3CEJmdp7y3/view?usp=drivesdk,Tôi cam kết các thông tin trên là đúng sự thật
29/01/2026 15:05:52,lethidieu323@gmail.com,Lê Thị Diệu,2251164323,28/07/2005,Nữ,1205000323,0761526677,lethidieu323@sv.tlu.edu.vn,Ngôn ngữ học,Ngôn ngữ Trung,66NNT1,năm 3,2.81,Lào Cai,207,"Con thương binh, liệt sỹ",https://drive.google.com/file/d/1Y2Kt1Men3sOjuSo02DYjci7VJi72IGxN/view?usp=drivesdk,Tôi cam kết các thông tin trên là đúng sự thật
29/01/2026 15:05:52,vuthiphuong324@gmail.com,Vũ Thị Phương,2251164324,08/04/2006,Nữ,1205000324,0334126080,vuthiphuong324@sv.tlu.edu.vn,Quản trị kinh doanh,Marketing,65MKT1,năm 2,3.55,Gia Lai,52,Hộ nghèo cận nghèo,https://drive.google.com/file/d/1emzlbeidnMRb7AZGtd0dlsXmadK27aQC/view?usp=drivesdk,Tôi cam kết các thông tin trên là đúng sự thật
29/01/2026 15:05:52,tranvanbinh325@gmail.com,Trần Văn Bình,2251164325,10/03/2003,Nam,1205000325,0928653839,tranvanbinh325@sv.tlu.edu.vn,Cơ khí,Cơ khí chế tạo,65CK1,năm 1,03.05,Lào Cai,403,Vùng sâu vùng xa,https://drive.google.com/file/d/1DaSVrniP8QRPLhnhfO2R9tqfm0wqrwZx/view?usp=drivesdk,Tôi cam kết các thông tin trên là đúng sự thật
29/01/2026 15:05:52,buithihanh326@gmail.com,Bùi Thị Hạnh,2251164326,01/01/2006,Nữ,1205000326,0574204057,buithihanh326@sv.tlu.edu.vn,Cơ khí,Cơ khí chế tạo,65CK1,năm 4,2.74,Nam Định,63,"Con thương binh, liệt sỹ",https://drive.google.com/file/d/1scUqySk1d7lNeU4u5UlI8E9XV7kEtwC0/view?usp=drivesdk,Tôi cam kết các thông tin trên là đúng sự thật
29/01/2026 15:05:52,buithihanh327@gmail.com,Bùi Thị Hạnh,2251164327,23/12/2005,Nữ,1205000327,0465024098,buithihanh327@sv.tlu.edu.vn,Xây dựng,Kỹ thuật xây dựng,65XDD1,năm 4,3.58,Nghệ An,467,"Hộ nghèo cận nghèo, Vùng sâu vùng xa",https://drive.google.com/file/d/1_Kb3igBAeYcULqO5tbO8fqK7iJMIORut/view?usp=drivesdk,Tôi cam kết các thông tin trên là đúng sự thật
29/01/2026 15:05:52,nguyenvanan328@gmail.com,Nguyễn Văn An,2251164328,13/12/2003,Nam,1205000328,0146985751,nguyenvanan328@sv.tlu.edu.vn,Ngôn ngữ học,Ngôn ngữ Anh,66NNA1,năm 2,03.07,Hà Nội,17,,https://drive.google.com/file/d/1-LRBMgBRRX0v8TPlvVO9LWuvxCqZE1Eq/view?usp=drivesdk,Tôi cam kết các thông tin trên là đúng sự thật
29/01/2026 15:05:52,lethidieu329@gmail.com,Lê Thị Diệu,2251164329,25/01/2006,Nữ,1205000329,0888082615,lethidieu329@sv.tlu.edu.vn,Cơ khí,Cơ khí chế tạo,65CK1,năm 4,3.17,Nam Định,443,Hộ nghèo cận nghèo,https://drive.google.com/file/d/1KexnsiZHaAXxdj1ck-5rnC_p6K0gkR_V/view?usp=drivesdk,Tôi cam kết các thông tin trên là đúng sự thật
29/01/2026 15:05:52,tranvanbinh330@gmail.com,Trần Văn Bình,2251164330,07/03/2004,Nam,1205000330,0309161584,tranvanbinh330@sv.tlu.edu.vn,Công nghệ thông tin,Kỹ thuật phần mềm,64KTPM1,năm 1,3.51,Gia Lai,134,Vùng sâu vùng xa,https://drive.google.com/file/d/1fDKxaP0Rqpz_DCMp_yImq7l96CBvzee1/view?usp=drivesdk,Tôi cam kết các thông tin trên là đúng sự thật
29/01/2026 15:05:52,tranvanbinh331@gmail.com,Trần Văn Bình,2251164331,05/07/2006,Nam,1205000331,0521868932,tranvanbinh331@sv.tlu.edu.vn,Cơ khí,Cơ khí chế tạo,65CK1,năm 3,3.94,Hà Nội,112,,https://drive.google.com/file/d/1X2bucARCUnKYlUk67eCWOrIjz-TTJ10z/view?usp=drivesdk,Tôi cam kết các thông tin trên là đúng sự thật
29/01/2026 15:05:52,phamvancuong332@gmail.com,Phạm Văn Cường,2251164332,22/06/2004,Nam,1205000332,0157379920,phamvancuong332@sv.tlu.edu.vn,Quản trị kinh doanh,Quản trị doanh nghiệp,65QTDN1,năm 4,3.00,Thanh Hóa,522,Vùng sâu vùng xa,https://drive.google.com/file/d/1LcUVLkyBw1U1jzJ_hQKxEcXVtHfGRI0J/view?usp=drivesdk,Tôi cam kết các thông tin trên là đúng sự thật
29/01/2026 15:05:52,dangvankhanh333@gmail.com,Đặng Văn Khánh,2251164333,04/01/2004,Nam,1205000333,0998644983,dangvankhanh333@sv.tlu.edu.vn,Ngôn ngữ học,Ngôn ngữ Anh,66NNA1,năm 1,2.52,Hưng Yên,13,"Hộ nghèo cận nghèo, Vùng sâu vùng xa",https://drive.google.com/file/d/1Ku6wJoOlL24rrpJwhVIFpVREM47YrTFw/view?usp=drivesdk,Tôi cam kết các thông tin trên là đúng sự thật
29/01/2026 15:05:52,phamvancuong334@gmail.com,Phạm Văn Cường,2251164334,23/12/2005,Nam,1205000334,0276849927,phamvancuong334@sv.tlu.edu.vn,Công nghệ thông tin,Trí tuệ nhân tạo,64AI1,năm 4,3.67,Nghệ An,57,"Hộ nghèo cận nghèo, Vùng sâu vùng xa",https://drive.google.com/file/d/1ybShprqxHMUmUNeL_uJiz_5R0hjBZmrF/view?usp=drivesdk,Tôi cam kết các thông tin trên là đúng sự thật
29/01/2026 15:05:52,hoangvanlong335@gmail.com,Hoàng Văn Long,2251164335,27/09/2003,Nam,1205000335,0681051394,hoangvanlong335@sv.tlu.edu.vn,Cơ khí,Cơ khí chế tạo,65CK1,năm 2,3.10,Gia Lai,209,Hộ nghèo cận nghèo,https://drive.google.com/file/d/1_0m0Rfrq3efbzxZ_2Eoi9qUVtRk_YtOr/view?usp=drivesdk,Tôi cam kết các thông tin trên là đúng sự thật
29/01/2026 15:05:52,ngothilan336@gmail.com,Ngô Thị Lan,2251164336,16/12/2005,Nữ,1205000336,0263213197,ngothilan336@sv.tlu.edu.vn,Công nghệ thông tin,Kỹ thuật phần mềm,64KTPM1,năm 1,3.54,Lào Cai,42,,https://drive.google.com/file/d/1R13ERzcvE4yBTtqLQgc4kha1H7p6N7Zt/view?usp=drivesdk,Tôi cam kết các thông tin trên là đúng sự thật
29/01/2026 15:05:52,tranvanbinh337@gmail.com,Trần Văn Bình,2251164337,26/12/2004,Nam,1205000337,0131586851,tranvanbinh337@sv.tlu.edu.vn,Quản trị kinh doanh,Marketing,65MKT1,năm 1,3.91,Gia Lai,565,"Con thương binh, liệt sỹ",https://drive.google.com/file/d/1HGvv8foKlGez7howVk17z4KC4V1-DKF2/view?usp=drivesdk,Tôi cam kết các thông tin trên là đúng sự thật
29/01/2026 15:05:52,dothimai338@gmail.com,Đỗ Thị Mai,2251164338,30/01/2005,Nữ,1205000338,0080039704,dothimai338@sv.tlu.edu.vn,Điện – Điện tử,Kỹ thuật điện,65D1,năm 2,03.08,Lào Cai,237,,https://drive.google.com/file/d/1hJlEaoook1bGz8FEuQOv9HNXwYi9HXUk/view?usp=drivesdk,Tôi cam kết các thông tin trên là đúng sự thật
29/01/2026 15:05:52,dangvankhanh339@gmail.com,Đặng Văn Khánh,2251164339,18/05/2005,Nam,1205000339,0115491787,dangvankhanh339@sv.tlu.edu.vn,Ngôn ngữ học,Ngôn ngữ Anh,66NNA1,năm 4,3.63,Hưng Yên,464,"Con thương binh, liệt sỹ",https://drive.google.com/file/d/1W6sPhE9zHccqZc4eEAmxMIw8x0jKO7CE/view?usp=drivesdk,Tôi cam kết các thông tin trên là đúng sự thật
29/01/2026 15:05:52,buithihanh340@gmail.com,Bùi Thị Hạnh,2251164340,21/07/2006,Nữ,1205000340,0510407700,buithihanh340@sv.tlu.edu.vn,Công nghệ thông tin,Mạng máy tính,64MMT1,năm 3,3.11,Lào Cai,589,"Hộ nghèo cận nghèo, Vùng sâu vùng xa",https://drive.google.com/file/d/1y5MQyiqHDI2k_06rg-I5UENl7ZO8x4Rn/view?usp=drivesdk,Tôi cam kết các thông tin trên là đúng sự thật
29/01/2026 15:05:52,hoangvanlong341@gmail.com,Hoàng Văn Long,2251164341,06/05/2004,Nam,1205000341,0997722786,hoangvanlong341@sv.tlu.edu.vn,Xây dựng,Kỹ thuật xây dựng,65XDD1,năm 2,3.00,Gia Lai,505,Hộ nghèo cận nghèo,https://drive.google.com/file/d/1DocDq6U99t8X2bnKhnctDjN_AOGFi7yo/view?usp=drivesdk,Tôi cam kết các thông tin trên là đúng sự thật
29/01/2026 15:05:52,vuthiphuong342@gmail.com,Vũ Thị Phương,2251164342,14/06/2006,Nữ,1205000342,0433689425,vuthiphuong342@sv.tlu.edu.vn,Cơ khí,Cơ khí chế tạo,65CK1,năm 1,2.70,Gia Lai,519,,https://drive.google.com/file/d/1W8PsooikHxP4MIZcNcvv-UDiJjxqlsyj/view?usp=drivesdk,Tôi cam kết các thông tin trên là đúng sự thật
29/01/2026 15:05:52,ngothilan343@gmail.com,Ngô Thị Lan,2251164343,12/05/2005,Nữ,1205000343,0088819724,ngothilan343@sv.tlu.edu.vn,Điện – Điện tử,Kỹ thuật điện,65D1,năm 1,3.72,Lào Cai,486,"Hộ nghèo cận nghèo, Vùng sâu vùng xa",https://drive.google.com/file/d/1Xx_AtISrjY4-Lt_kvMAJV-BWWeykfWsQ/view?usp=drivesdk,Tôi cam kết các thông tin trên là đúng sự thật
29/01/2026 15:05:52,hoangvanlong344@gmail.com,Hoàng Văn Long,2251164344,18/02/2006,Nam,1205000344,0525477838,hoangvanlong344@sv.tlu.edu.vn,Xây dựng,Kỹ thuật xây dựng,65XDD1,năm 4,2.42,Gia Lai,306,Vùng sâu vùng xa,https://drive.google.com/file/d/1hCP4_6MEmlZnw0eQWn3OLIxeRt6zBVln/view?usp=drivesdk,Tôi cam kết các thông tin trên là đúng sự thật
29/01/2026 15:05:52,tranvanbinh345@gmail.com,Trần Văn Bình,2251164345,02/11/2005,Nam,1205000345,0710188642,tranvanbinh345@sv.tlu.edu.vn,Ngôn ngữ học,Ngôn ngữ Trung,66NNT1,năm 1,3.51,Hà Nội,501,Vùng sâu vùng xa,https://drive.google.com/file/d/1rkJctcVZWi8lrMsU5CWGX6SVnbMtYShg/view?usp=drivesdk,Tôi cam kết các thông tin trên là đúng sự thật
29/01/2026 15:05:52,vuthiphuong346@gmail.com,Vũ Thị Phương,2251164346,12/05/2004,Nữ,1205000346,0327741843,vuthiphuong346@sv.tlu.edu.vn,Ngôn ngữ học,Ngôn ngữ Anh,66NNA1,năm 1,2.44,Hà Nội,414,"Hộ nghèo cận nghèo, Vùng sâu vùng xa",https://drive.google.com/file/d/1hu0eBStX2RPzXjzr6t68y6a9CXy57t3_/view?usp=drivesdk,Tôi cam kết các thông tin trên là đúng sự thật
29/01/2026 15:05:52,dothimai347@gmail.com,Đỗ Thị Mai,2251164347,05/12/2005,Nữ,1205000347,0020540498,dothimai347@sv.tlu.edu.vn,Ngôn ngữ học,Ngôn ngữ Trung,66NNT1,năm 3,2.83,Gia Lai,490,"Con thương binh, liệt sỹ",https://drive.google.com/file/d/1AV4wjjh6O6LDjGgJZI08z0HdHszp1kQd/view?usp=drivesdk,Tôi cam kết các thông tin trên là đúng sự thật
29/01/2026 15:05:52,ngothilan348@gmail.com,Ngô Thị Lan,2251164348,10/05/2006,Nữ,1205000348,0935756025,ngothilan348@sv.tlu.edu.vn,Kinh tế,Kế toán,65KT1,năm 4,3.54,Hưng Yên,40,,https://drive.google.com/file/d/1OjepZ5uXARCSsLnB2rtpotxwWRwD8StT/view?usp=drivesdk,Tôi cam kết các thông tin trên là đúng sự thật
29/01/2026 15:05:52,dothimai349@gmail.com,Đỗ Thị Mai,2251164349,01/11/2003,Nữ,1205000349,0872574732,dothimai349@sv.tlu.edu.vn,Công nghệ thông tin,Kỹ thuật phần mềm,64KTPM1,năm 3,3.30,Hưng Yên,592,,https://drive.google.com/file/d/1QTJO7PcsbqmkjufeCtySAO24BujtibgJ/view?usp=drivesdk,Tôi cam kết các thông tin trên là đúng sự thật
29/01/2026 15:05:52,hoangvanlong350@gmail.com,Hoàng Văn Long,2251164350,25/08/2006,Nam,1205000350,0401835340,hoangvanlong350@sv.tlu.edu.vn,Ngôn ngữ học,Ngôn ngữ Anh,66NNA1,năm 4,3.41,Nghệ An,593,"Hộ nghèo cận nghèo, Vùng sâu vùng xa",https://drive.google.com/file/d/1fHlEl2PZkyZlfeFtTaosch6D-H-Z73z_/view?usp=drivesdk,Tôi cam kết các thông tin trên là đúng sự thật
29/01/2026 15:05:52,lethidieu351@gmail.com,Lê Thị Diệu,2251164351,20/12/2005,Nữ,1205000351,0163315840,lethidieu351@sv.tlu.edu.vn,Kinh tế,Kinh tế xây dựng,65KTXD1,năm 4,3.59,Nam Định,378,"Con thương binh, liệt sỹ",https://drive.google.com/file/d/1-VrDlgQxa-aY2UY3ItzWfPFhBOU1sUnf/view?usp=drivesdk,Tôi cam kết các thông tin trên là đúng sự thật
29/01/2026 15:05:52,vuthiphuong352@gmail.com,Vũ Thị Phương,2251164352,05/08/2005,Nữ,1205000352,0747167264,vuthiphuong352@sv.tlu.edu.vn,Điện – Điện tử,Kỹ thuật điện,65D1,năm 1,2.71,Gia Lai,313,Vùng sâu vùng xa,https://drive.google.com/file/d/1CW0518o0JFDgmj2BnuWWvAdt7kzqhc6s/view?usp=drivesdk,Tôi cam kết các thông tin trên là đúng sự thật
29/01/2026 15:05:52,phamvancuong353@gmail.com,Phạm Văn Cường,2251164353,02/06/2005,Nam,1205000353,0664196270,phamvancuong353@sv.tlu.edu.vn,Ngôn ngữ học,Ngôn ngữ Anh,66NNA1,năm 1,3.53,Thanh Hóa,154,Hộ nghèo cận nghèo,https://drive.google.com/file/d/1AsYtlDF2VDfq96YYogI7LThJAuB8Lb2w/view?usp=drivesdk,Tôi cam kết các thông tin trên là đúng sự thật
29/01/2026 15:05:52,tranvanbinh354@gmail.com,Trần Văn Bình,2251164354,30/12/2006,Nam,1205000354,0740594990,tranvanbinh354@sv.tlu.edu.vn,Kinh tế,Kế toán,65KT1,năm 4,3.68,Gia Lai,259,"Con thương binh, liệt sỹ",https://drive.google.com/file/d/1aXYxK61xG7ebiUMuGGJ8kPIInUf67Tjx/view?usp=drivesdk,Tôi cam kết các thông tin trên là đúng sự thật
29/01/2026 15:05:52,dothimai355@gmail.com,Đỗ Thị Mai,2251164355,01/01/2005,Nữ,1205000355,0857503404,dothimai355@sv.tlu.edu.vn,Công nghệ thông tin,Trí tuệ nhân tạo,64AI1,năm 1,3.75,Hà Nội,442,,https://drive.google.com/file/d/15w5ACp3DWylwCEr9NGb-yBZAIlJaXPaw/view?usp=drivesdk,Tôi cam kết các thông tin trên là đúng sự thật
29/01/2026 15:05:52,dothimai356@gmail.com,Đỗ Thị Mai,2251164356,02/04/2004,Nữ,1205000356,0675957094,dothimai356@sv.tlu.edu.vn,Kinh tế,Tài chính ngân hàng,65TCNH1,năm 4,2.88,Thanh Hóa,334,"Con thương binh, liệt sỹ",https://drive.google.com/file/d/14q9Du-EEX6SgUgJQjL-rZBt6-GaAWXML/view?usp=drivesdk,Tôi cam kết các thông tin trên là đúng sự thật
29/01/2026 15:05:52,ngothilan357@gmail.com,Ngô Thị Lan,2251164357,06/10/2004,Nữ,1205000357,0418849205,ngothilan357@sv.tlu.edu.vn,Công nghệ thông tin,Trí tuệ nhân tạo,64AI1,năm 3,3.54,Hưng Yên,104,"Con thương binh, liệt sỹ",https://drive.google.com/file/d/1iwU9AhDNaVb3F0o4PhPR5edeHgX9RN55/view?usp=drivesdk,Tôi cam kết các thông tin trên là đúng sự thật
29/01/2026 15:05:52,dothimai358@gmail.com,Đỗ Thị Mai,2251164358,11/06/2005,Nữ,1205000358,0837591104,dothimai358@sv.tlu.edu.vn,Xây dựng,Công trình thủy,65CTT1,năm 2,3.76,Gia Lai,18,"Con thương binh, liệt sỹ",https://drive.google.com/file/d/1NruLb7mIgEy5VKWCFAtpK2Cj8Uh43p81/view?usp=drivesdk,Tôi cam kết các thông tin trên là đúng sự thật
29/01/2026 15:05:52,tranvanbinh359@gmail.com,Trần Văn Bình,2251164359,04/06/2003,Nam,1205000359,0909615469,tranvanbinh359@sv.tlu.edu.vn,Điện – Điện tử,Kỹ thuật điện,65D1,năm 1,2.48,Thanh Hóa,151,Hộ nghèo cận nghèo,https://drive.google.com/file/d/1ooKPAlLm1RcchnFhUSl9SYKK6rKFkwaA/view?usp=drivesdk,Tôi cam kết các thông tin trên là đúng sự thật
29/01/2026 15:05:52,vuthiphuong360@gmail.com,Vũ Thị Phương,2251164360,10/09/2003,Nữ,1205000360,0031965844,vuthiphuong360@sv.tlu.edu.vn,Kinh tế,Kinh tế xây dựng,65KTXD1,năm 3,3.90,Hưng Yên,396,"Con thương binh, liệt sỹ",https://drive.google.com/file/d/19t1DA-2twL0lTwAF0x4ycc97GRU5nYUY/view?usp=drivesdk,Tôi cam kết các thông tin trên là đúng sự thật
29/01/2026 15:05:52,buithihanh361@gmail.com,Bùi Thị Hạnh,2251164361,26/10/2006,Nữ,1205000361,0617339434,buithihanh361@sv.tlu.edu.vn,Ngôn ngữ học,Ngôn ngữ Trung,66NNT1,năm 3,2.96,Nam Định,350,"Con thương binh, liệt sỹ",https://drive.google.com/file/d/1LBTXPBRJ4fw8NVnoAhDCj_skKjViTxop/view?usp=drivesdk,Tôi cam kết các thông tin trên là đúng sự thật
29/01/2026 15:05:52,nguyenvanan362@gmail.com,Nguyễn Văn An,2251164362,08/01/2006,Nam,1205000362,0283243146,nguyenvanan362@sv.tlu.edu.vn,Ngôn ngữ học,Ngôn ngữ Anh,66NNA1,năm 2,3.15,Nghệ An,315,"Con thương binh, liệt sỹ",https://drive.google.com/file/d/1_SL8HeVuZuPtayM3cgjLvzjqGj70jke-/view?usp=drivesdk,Tôi cam kết các thông tin trên là đúng sự thật
29/01/2026 15:05:52,nguyenvanan363@gmail.com,Nguyễn Văn An,2251164363,26/05/2006,Nam,1205000363,0484607549,nguyenvanan363@sv.tlu.edu.vn,Công nghệ thông tin,Khoa học máy tính,64CNTT1,năm 3,3.29,Hưng Yên,279,Hộ nghèo cận nghèo,https://drive.google.com/file/d/1mH4-XnEyck4TJ4P07vg-EXR5UugWCLtf/view?usp=drivesdk,Tôi cam kết các thông tin trên là đúng sự thật
29/01/2026 15:05:52,dangvankhanh364@gmail.com,Đặng Văn Khánh,2251164364,08/08/2003,Nam,1205000364,0861220745,dangvankhanh364@sv.tlu.edu.vn,Quản trị kinh doanh,Marketing,65MKT1,năm 3,3.55,Nghệ An,586,Hộ nghèo cận nghèo,https://drive.google.com/file/d/19F6pG9TRwYGmK9FGm9ATWCYCvL71hCX1/view?usp=drivesdk,Tôi cam kết các thông tin trên là đúng sự thật
29/01/2026 15:05:52,buithihanh365@gmail.com,Bùi Thị Hạnh,2251164365,04/11/2006,Nữ,1205000365,0130047290,buithihanh365@sv.tlu.edu.vn,Ngôn ngữ học,Ngôn ngữ Trung,66NNT1,năm 1,3.38,Hà Nội,135,Vùng sâu vùng xa,https://drive.google.com/file/d/1ipmddyzRUa-dAGfjEjKAamzp9jO24HI2/view?usp=drivesdk,Tôi cam kết các thông tin trên là đúng sự thật
29/01/2026 15:05:52,phamvancuong366@gmail.com,Phạm Văn Cường,2251164366,06/09/2005,Nam,1205000366,0541971371,phamvancuong366@sv.tlu.edu.vn,Công nghệ thông tin,Hệ thống thông tin,64HTTT2,năm 4,2.77,Gia Lai,447,Hộ nghèo cận nghèo,https://drive.google.com/file/d/1mGixm-LLRumSSCM1lhEkOjeubSvoj5Oy/view?usp=drivesdk,Tôi cam kết các thông tin trên là đúng sự thật
29/01/2026 15:05:52,dangvankhanh367@gmail.com,Đặng Văn Khánh,2251164367,05/01/2003,Nam,1205000367,0761213219,dangvankhanh367@sv.tlu.edu.vn,Xây dựng,Kỹ thuật xây dựng,65XDD1,năm 1,3.12,Hà Nội,584,"Con thương binh, liệt sỹ",https://drive.google.com/file/d/1MFrYnCDd_9TpS9QEVv-6bJ8RNzuIhjJT/view?usp=drivesdk,Tôi cam kết các thông tin trên là đúng sự thật
29/01/2026 15:05:52,tranvanbinh368@gmail.com,Trần Văn Bình,2251164368,16/09/2006,Nam,1205000368,0397486479,tranvanbinh368@sv.tlu.edu.vn,Công nghệ thông tin,Khoa học máy tính,64CNTT1,năm 1,2.58,Nam Định,421,Hộ nghèo cận nghèo,https://drive.google.com/file/d/1I6G4eGeDFzpUkz_a6btw_Ffl_bOLtohg/view?usp=drivesdk,Tôi cam kết các thông tin trên là đúng sự thật
29/01/2026 15:05:52,dothimai369@gmail.com,Đỗ Thị Mai,2251164369,29/03/2004,Nữ,1205000369,0067166150,dothimai369@sv.tlu.edu.vn,Kinh tế,Kinh tế xây dựng,65KTXD1,năm 4,03.07,Hà Nội,274,Vùng sâu vùng xa,https://drive.google.com/file/d/1rP8WHATVZfetxomGzfKYgw597MFAa1tL/view?usp=drivesdk,Tôi cam kết các thông tin trên là đúng sự thật
29/01/2026 15:05:52,ngothilan370@gmail.com,Ngô Thị Lan,2251164370,24/04/2003,Nữ,1205000370,0310106404,ngothilan370@sv.tlu.edu.vn,Quản trị kinh doanh,Quản trị doanh nghiệp,65QTDN1,năm 4,3.77,Hưng Yên,328,Vùng sâu vùng xa,https://drive.google.com/file/d/1BTcsSYm9gkmQ0KXrtWiRJawcoISEhfxu/view?usp=drivesdk,Tôi cam kết các thông tin trên là đúng sự thật
29/01/2026 15:05:52,lethidieu371@gmail.com,Lê Thị Diệu,2251164371,10/11/2003,Nữ,1205000371,0167705121,lethidieu371@sv.tlu.edu.vn,Công nghệ thông tin,Khoa học máy tính,64CNTT1,năm 3,3.19,Nam Định,112,Hộ nghèo cận nghèo,https://drive.google.com/file/d/1bBe9iToWdFXDmZ1RREpHcuEP-uRzzTMF/view?usp=drivesdk,Tôi cam kết các thông tin trên là đúng sự thật
29/01/2026 15:05:52,phamvancuong372@gmail.com,Phạm Văn Cường,2251164372,07/01/2003,Nam,1205000372,0246744817,phamvancuong372@sv.tlu.edu.vn,Xây dựng,Kỹ thuật xây dựng,65XDD1,năm 1,3.75,Thanh Hóa,325,"Con thương binh, liệt sỹ",https://drive.google.com/file/d/1VpduBwyYOLyFFNuB33-jJrYxPCG-hyM9/view?usp=drivesdk,Tôi cam kết các thông tin trên là đúng sự thật
29/01/2026 15:05:52,vuthiphuong373@gmail.com,Vũ Thị Phương,2251164373,19/10/2005,Nữ,1205000373,0050686992,vuthiphuong373@sv.tlu.edu.vn,Điện – Điện tử,Kỹ thuật điện,65D1,năm 3,3.30,Thanh Hóa,126,"Con thương binh, liệt sỹ",https://drive.google.com/file/d/1ukdFot0cjnyadME5-p7gXx4WwcCVAsg7/view?usp=drivesdk,Tôi cam kết các thông tin trên là đúng sự thật
29/01/2026 15:05:52,nguyenvanan374@gmail.com,Nguyễn Văn An,2251164374,10/07/2006,Nam,1205000374,0430894419,nguyenvanan374@sv.tlu.edu.vn,Quản trị kinh doanh,Marketing,65MKT1,năm 2,2.68,Lào Cai,449,,https://drive.google.com/file/d/1Mt83TuuSX1q0wv1AyrZ88cwvTADLKUNQ/view?usp=drivesdk,Tôi cam kết các thông tin trên là đúng sự thật
29/01/2026 15:05:52,hoangvanlong375@gmail.com,Hoàng Văn Long,2251164375,07/03/2005,Nam,1205000375,0520279386,hoangvanlong375@sv.tlu.edu.vn,Điện – Điện tử,Kỹ thuật điện,65D1,năm 3,3.43,Hưng Yên,512,Hộ nghèo cận nghèo,https://drive.google.com/file/d/1U343vY13szrkcAd5IK9M7usx1vLx6YHr/view?usp=drivesdk,Tôi cam kết các thông tin trên là đúng sự thật
29/01/2026 15:05:52,tranvanbinh376@gmail.com,Trần Văn Bình,2251164376,02/08/2006,Nam,1205000376,0558314617,tranvanbinh376@sv.tlu.edu.vn,Kinh tế,Tài chính ngân hàng,65TCNH1,năm 3,3.98,Gia Lai,8,,https://drive.google.com/file/d/1N0G22xapHHnItPcxNuyauGxnDIeGwBhW/view?usp=drivesdk,Tôi cam kết các thông tin trên là đúng sự thật
29/01/2026 15:05:52,buithihanh377@gmail.com,Bùi Thị Hạnh,2251164377,03/11/2005,Nữ,1205000377,0006260527,buithihanh377@sv.tlu.edu.vn,Quản trị kinh doanh,Marketing,65MKT1,năm 3,3.86,Nam Định,427,Vùng sâu vùng xa,https://drive.google.com/file/d/1VpGUkvkza4Xz6-oVT0toF2bKJfUDYBns/view?usp=drivesdk,Tôi cam kết các thông tin trên là đúng sự thật
29/01/2026 15:05:52,dangvankhanh378@gmail.com,Đặng Văn Khánh,2251164378,02/12/2003,Nam,1205000378,0787116930,dangvankhanh378@sv.tlu.edu.vn,Kinh tế,Kinh tế xây dựng,65KTXD1,năm 4,3.61,Gia Lai,56,Hộ nghèo cận nghèo,https://drive.google.com/file/d/1yACQ2G4gvxnLrLpYlVny6NRheeXpcxkx/view?usp=drivesdk,Tôi cam kết các thông tin trên là đúng sự thật
29/01/2026 15:05:52,nguyenvanan379@gmail.com,Nguyễn Văn An,2251164379,18/07/2005,Nam,1205000379,0185865554,nguyenvanan379@sv.tlu.edu.vn,Xây dựng,Công trình thủy,65CTT1,năm 3,2.51,Gia Lai,190,"Con thương binh, liệt sỹ",https://drive.google.com/file/d/1i7W49NOwTTOZwgyXEvavbad2lnj1cP1e/view?usp=drivesdk,Tôi cam kết các thông tin trên là đúng sự thật
29/01/2026 15:05:52,tranvanbinh380@gmail.com,Trần Văn Bình,2251164380,18/12/2004,Nam,1205000380,0215210690,tranvanbinh380@sv.tlu.edu.vn,Kinh tế,Kế toán,65KT1,năm 2,3.55,Gia Lai,560,"Hộ nghèo cận nghèo, Vùng sâu vùng xa",https://drive.google.com/file/d/1T9RZTxZ_80zS-GFbpJ8e5fc8jkWVgpoM/view?usp=drivesdk,Tôi cam kết các thông tin trên là đúng sự thật
29/01/2026 15:05:52,vuthiphuong381@gmail.com,Vũ Thị Phương,2251164381,15/03/2006,Nữ,1205000381,0591280918,vuthiphuong381@sv.tlu.edu.vn,Xây dựng,Công trình thủy,65CTT1,năm 3,2.56,Gia Lai,152,,https://drive.google.com/file/d/1Awqp_mQ2mdx5UKj_PpDLJ-TXkrfZOOnL/view?usp=drivesdk,Tôi cam kết các thông tin trên là đúng sự thật
29/01/2026 15:05:52,phamvancuong382@gmail.com,Phạm Văn Cường,2251164382,25/07/2003,Nam,1205000382,0973968104,phamvancuong382@sv.tlu.edu.vn,Kinh tế,Kế toán,65KT1,năm 1,3.71,Thanh Hóa,471,"Con thương binh, liệt sỹ",https://drive.google.com/file/d/1Sit-yKSTZXVaNjflp3_npRxjg7U--lyL/view?usp=drivesdk,Tôi cam kết các thông tin trên là đúng sự thật
29/01/2026 15:05:52,dothimai383@gmail.com,Đỗ Thị Mai,2251164383,31/03/2004,Nữ,1205000383,0002332100,dothimai383@sv.tlu.edu.vn,Kinh tế,Kinh tế xây dựng,65KTXD1,năm 2,2.45,Nam Định,453,Vùng sâu vùng xa,https://drive.google.com/file/d/193kol4egAAwcsXNCInY2jrp9Q5xa8dmJ/view?usp=drivesdk,Tôi cam kết các thông tin trên là đúng sự thật
29/01/2026 15:05:52,nguyenvanan384@gmail.com,Nguyễn Văn An,2251164384,22/04/2005,Nam,1205000384,0648544926,nguyenvanan384@sv.tlu.edu.vn,Ngôn ngữ học,Ngôn ngữ Trung,66NNT1,năm 1,2.83,Nghệ An,506,Vùng sâu vùng xa,https://drive.google.com/file/d/1QqDxwbUaTvxSDdnpQh1opsFBZfdx6-e9/view?usp=drivesdk,Tôi cam kết các thông tin trên là đúng sự thật
29/01/2026 15:05:52,buithihanh385@gmail.com,Bùi Thị Hạnh,2251164385,11/08/2003,Nữ,1205000385,0431515911,buithihanh385@sv.tlu.edu.vn,Công nghệ thông tin,Hệ thống thông tin,64HTTT2,năm 3,3.64,Hưng Yên,108,Hộ nghèo cận nghèo,https://drive.google.com/file/d/1j6284j4yhTFWrQxKioavwziFtYKLaz1z/view?usp=drivesdk,Tôi cam kết các thông tin trên là đúng sự thật
29/01/2026 15:05:52,hoangvanlong386@gmail.com,Hoàng Văn Long,2251164386,05/02/2006,Nam,1205000386,0708888735,hoangvanlong386@sv.tlu.edu.vn,Kinh tế,Kế toán,65KT1,năm 2,3.94,Lào Cai,223,,https://drive.google.com/file/d/122_GtHOlbnUO61lNzA8dxTyV2bXrLBA_/view?usp=drivesdk,Tôi cam kết các thông tin trên là đúng sự thật
29/01/2026 15:05:52,dothimai387@gmail.com,Đỗ Thị Mai,2251164387,02/09/2005,Nữ,1205000387,0561860595,dothimai387@sv.tlu.edu.vn,Công nghệ thông tin,Khoa học máy tính,64CNTT1,năm 4,3.80,Thanh Hóa,328,Hộ nghèo cận nghèo,https://drive.google.com/file/d/1TONzh_gdCmQlKUiL0ygBnSWI_sYj98K-/view?usp=drivesdk,Tôi cam kết các thông tin trên là đúng sự thật
29/01/2026 15:05:52,ngothilan388@gmail.com,Ngô Thị Lan,2251164388,20/01/2006,Nữ,1205000388,0442573257,ngothilan388@sv.tlu.edu.vn,Công nghệ thông tin,Trí tuệ nhân tạo,64AI1,năm 4,2.53,Hưng Yên,88,"Hộ nghèo cận nghèo, Vùng sâu vùng xa",https://drive.google.com/file/d/15rVbkVVnKFTukvIE6Jz8WvVXHqj53Op8/view?usp=drivesdk,Tôi cam kết các thông tin trên là đúng sự thật
29/01/2026 15:05:52,tranvanbinh389@gmail.com,Trần Văn Bình,2251164389,24/01/2003,Nam,1205000389,0612379333,tranvanbinh389@sv.tlu.edu.vn,Kinh tế,Tài chính ngân hàng,65TCNH1,năm 4,2.45,Nam Định,28,"Hộ nghèo cận nghèo, Vùng sâu vùng xa",https://drive.google.com/file/d/1uO_6nbTzpJjAlBspv-sAlcy9SsJvleYH/view?usp=drivesdk,Tôi cam kết các thông tin trên là đúng sự thật
29/01/2026 15:05:52,dangvankhanh390@gmail.com,Đặng Văn Khánh,2251164390,02/03/2006,Nam,1205000390,0257231920,dangvankhanh390@sv.tlu.edu.vn,Điện – Điện tử,Kỹ thuật điện,65D1,năm 1,2.81,Nghệ An,348,,https://drive.google.com/file/d/1TVWsQwXMY1P2n-KdhHmUGop6q3X0Nn7z/view?usp=drivesdk,Tôi cam kết các thông tin trên là đúng sự thật
29/01/2026 15:05:52,lethidieu391@gmail.com,Lê Thị Diệu,2251164391,06/09/2005,Nữ,1205000391,0063544957,lethidieu391@sv.tlu.edu.vn,Môi trường,Kỹ thuật môi trường,65MT1,năm 2,2.95,Gia Lai,452,Vùng sâu vùng xa,https://drive.google.com/file/d/1ndOgexNY8qYQyFyhYsfCgFSkBZmo6ne_/view?usp=drivesdk,Tôi cam kết các thông tin trên là đúng sự thật
29/01/2026 15:05:52,phamvancuong392@gmail.com,Phạm Văn Cường,2251164392,27/05/2003,Nam,1205000392,0354410229,phamvancuong392@sv.tlu.edu.vn,Công nghệ thông tin,Hệ thống thông tin,64HTTT2,năm 1,3.76,Thanh Hóa,535,Hộ nghèo cận nghèo,https://drive.google.com/file/d/1DxnaGSwlGXRQ5eLz_S5fhZku9nEcYTIj/view?usp=drivesdk,Tôi cam kết các thông tin trên là đúng sự thật
29/01/2026 15:05:52,lethidieu393@gmail.com,Lê Thị Diệu,2251164393,06/11/2005,Nữ,1205000393,0299038264,lethidieu393@sv.tlu.edu.vn,Ngôn ngữ học,Ngôn ngữ Anh,66NNA1,năm 1,4.00,Hà Nội,379,Vùng sâu vùng xa,https://drive.google.com/file/d/1aOrNZo-HH6tOhIbEyoUpvvCSvJERKRcH/view?usp=drivesdk,Tôi cam kết các thông tin trên là đúng sự thật
29/01/2026 15:05:52,phamvancuong394@gmail.com,Phạm Văn Cường,2251164394,06/10/2005,Nam,1205000394,0781323889,phamvancuong394@sv.tlu.edu.vn,Ngôn ngữ học,Ngôn ngữ Anh,66NNA1,năm 3,3.82,Nam Định,27,Vùng sâu vùng xa,https://drive.google.com/file/d/1U3Ofy9Bcc1uhw_bUzB_5scp691haznA5/view?usp=drivesdk,Tôi cam kết các thông tin trên là đúng sự thật
29/01/2026 15:05:52,lethidieu395@gmail.com,Lê Thị Diệu,2251164395,02/11/2005,Nữ,1205000395,0786774291,lethidieu395@sv.tlu.edu.vn,Công nghệ thông tin,Khoa học máy tính,64CNTT1,năm 4,3.54,Gia Lai,72,Vùng sâu vùng xa,https://drive.google.com/file/d/1D0mHQlqEBonfDZFm01m3OSBrnHEXAxVW/view?usp=drivesdk,Tôi cam kết các thông tin trên là đúng sự thật
29/01/2026 15:05:52,nguyenvanan396@gmail.com,Nguyễn Văn An,2251164396,15/10/2006,Nam,1205000396,0773123563,nguyenvanan396@sv.tlu.edu.vn,Công nghệ thông tin,Trí tuệ nhân tạo,64AI1,năm 2,2.88,Thanh Hóa,126,"Con thương binh, liệt sỹ",https://drive.google.com/file/d/1hMX_97aPSNK9xF9m7vTc23LY3K346947/view?usp=drivesdk,Tôi cam kết các thông tin trên là đúng sự thật
29/01/2026 15:05:52,hoangvanlong397@gmail.com,Hoàng Văn Long,2251164397,25/12/2006,Nam,1205000397,0029099463,hoangvanlong397@sv.tlu.edu.vn,Quản trị kinh doanh,Marketing,65MKT1,năm 3,3.33,Nghệ An,425,Hộ nghèo cận nghèo,https://drive.google.com/file/d/1ZiRO-Y-nKQsT2DgIev8nx7PDPpy1t4vb/view?usp=drivesdk,Tôi cam kết các thông tin trên là đúng sự thật
29/01/2026 15:05:52,hoangvanlong398@gmail.com,Hoàng Văn Long,2251164398,18/10/2004,Nam,1205000398,0880431727,hoangvanlong398@sv.tlu.edu.vn,Ngôn ngữ học,Ngôn ngữ Trung,66NNT1,năm 4,03.08,Gia Lai,475,Hộ nghèo cận nghèo,https://drive.google.com/file/d/1Zu6TtHbQE8CkooBR7m98ptfieWV3FXxd/view?usp=drivesdk,Tôi cam kết các thông tin trên là đúng sự thật
29/01/2026 15:05:52,buithihanh399@gmail.com,Bùi Thị Hạnh,2251164399,20/02/2006,Nữ,1205000399,0328322826,buithihanh399@sv.tlu.edu.vn,Cơ khí,Cơ khí chế tạo,65CK1,năm 4,3.68,Nghệ An,212,"Hộ nghèo cận nghèo, Vùng sâu vùng xa",https://drive.google.com/file/d/18iKmQ089_OYfnJzxLYpm4XDs3Wk1Cbhn/view?usp=drivesdk,Tôi cam kết các thông tin trên là đúng sự thật
29/01/2026 15:05:52,tranvanbinh400@gmail.com,Trần Văn Bình,2251164400,07/05/2003,Nam,1205000400,0925611123,tranvanbinh400@sv.tlu.edu.vn,Cơ khí,Cơ khí chế tạo,65CK1,năm 4,3.77,Gia Lai,367,Vùng sâu vùng xa,https://drive.google.com/file/d/1hQ1HrMG3fPKOSLBj56MikMbOi44jW312/view?usp=drivesdk,Tôi cam kết các thông tin trên là đúng sự thật
29/01/2026 15:05:52,buithihanh401@gmail.com,Bùi Thị Hạnh,2251164401,09/11/2003,Nữ,1205000401,0138720395,buithihanh401@sv.tlu.edu.vn,Xây dựng,Kỹ thuật xây dựng,65XDD1,năm 3,3.52,Nam Định,219,"Con thương binh, liệt sỹ",https://drive.google.com/file/d/1hQfiDhpYFScqAvxpG2EbbBROZqG_bhWV/view?usp=drivesdk,Tôi cam kết các thông tin trên là đúng sự thật
29/01/2026 15:05:52,hoangvanlong402@gmail.com,Hoàng Văn Long,2251164402,27/02/2005,Nam,1205000402,0824596976,hoangvanlong402@sv.tlu.edu.vn,Công nghệ thông tin,Kỹ thuật phần mềm,64KTPM1,năm 1,2.53,Nam Định,336,"Con thương binh, liệt sỹ",https://drive.google.com/file/d/1711gmpjYJ15L0EVNHR_G0gvY0BpniksN/view?usp=drivesdk,Tôi cam kết các thông tin trên là đúng sự thật
29/01/2026 15:05:52,tranvanbinh403@gmail.com,Trần Văn Bình,2251164403,09/04/2005,Nam,1205000403,0806606454,tranvanbinh403@sv.tlu.edu.vn,Xây dựng,Kỹ thuật xây dựng,65XDD1,năm 2,3.52,Lào Cai,291,Hộ nghèo cận nghèo,https://drive.google.com/file/d/1UQwa1z4dEURsp_6zLmNpyph3jtcv7kUC/view?usp=drivesdk,Tôi cam kết các thông tin trên là đúng sự thật
29/01/2026 15:05:52,nguyenvanan404@gmail.com,Nguyễn Văn An,2251164404,29/08/2006,Nam,1205000404,0903648605,nguyenvanan404@sv.tlu.edu.vn,Công nghệ thông tin,Kỹ thuật phần mềm,64KTPM1,năm 1,3.80,Hưng Yên,419,Vùng sâu vùng xa,https://drive.google.com/file/d/1Ck4zJ12YB8gUBVacaaUf_-YDtoLvtn0O/view?usp=drivesdk,Tôi cam kết các thông tin trên là đúng sự thật
29/01/2026 15:05:52,buithihanh405@gmail.com,Bùi Thị Hạnh,2251164405,19/05/2005,Nữ,1205000405,0775981334,buithihanh405@sv.tlu.edu.vn,Môi trường,Kỹ thuật môi trường,65MT1,năm 1,3.15,Hà Nội,579,"Con thương binh, liệt sỹ",https://drive.google.com/file/d/19fESOi5MRjzPj4YGMTLE2kaf0SdskqpD/view?usp=drivesdk,Tôi cam kết các thông tin trên là đúng sự thật
29/01/2026 15:05:52,lethidieu406@gmail.com,Lê Thị Diệu,2251164406,24/03/2003,Nữ,1205000406,0937132099,lethidieu406@sv.tlu.edu.vn,Công nghệ thông tin,Hệ thống thông tin,64HTTT2,năm 1,2.53,Nam Định,518,"Con thương binh, liệt sỹ",https://drive.google.com/file/d/1GXezHcZl-AmzW-ZowDgDjwacIgoOHbt8/view?usp=drivesdk,Tôi cam kết các thông tin trên là đúng sự thật
29/01/2026 15:05:52,phamvancuong407@gmail.com,Phạm Văn Cường,2251164407,17/10/2003,Nam,1205000407,0956910497,phamvancuong407@sv.tlu.edu.vn,Công nghệ thông tin,Kỹ thuật phần mềm,64KTPM1,năm 4,3.85,Nghệ An,413,Hộ nghèo cận nghèo,https://drive.google.com/file/d/1avw0rq7I5KuHU3ggbXvYahCsG9wbdNjD/view?usp=drivesdk,Tôi cam kết các thông tin trên là đúng sự thật
29/01/2026 15:05:52,tranvanbinh408@gmail.com,Trần Văn Bình,2251164408,14/09/2005,Nam,1205000408,0259001909,tranvanbinh408@sv.tlu.edu.vn,Công nghệ thông tin,Mạng máy tính,64MMT1,năm 2,2.43,Nam Định,154,,https://drive.google.com/file/d/1k5-5geFn3qPTtgcoKZSSXg9L0Ps40XQt/view?usp=drivesdk,Tôi cam kết các thông tin trên là đúng sự thật
29/01/2026 15:05:52,dangvankhanh409@gmail.com,Đặng Văn Khánh,2251164409,23/08/2005,Nam,1205000409,0599452200,dangvankhanh409@sv.tlu.edu.vn,Quản trị kinh doanh,Quản trị doanh nghiệp,65QTDN1,năm 3,3.96,Thanh Hóa,306,Vùng sâu vùng xa,https://drive.google.com/file/d/1sUwtA0Ja1qE0aTUGe9Owfc7cmHanswt6/view?usp=drivesdk,Tôi cam kết các thông tin trên là đúng sự thật
29/01/2026 15:05:52,hoangvanlong410@gmail.com,Hoàng Văn Long,2251164410,12/07/2003,Nam,1205000410,0472485199,hoangvanlong410@sv.tlu.edu.vn,Quản trị kinh doanh,Quản trị doanh nghiệp,65QTDN1,năm 4,3.96,Hưng Yên,300,"Con thương binh, liệt sỹ",https://drive.google.com/file/d/1PEjXSpFFkUg6eGqeTjlUEyHS7Ap5mt0h/view?usp=drivesdk,Tôi cam kết các thông tin trên là đúng sự thật
29/01/2026 15:05:52,nguyenvanan411@gmail.com,Nguyễn Văn An,2251164411,19/04/2005,Nam,1205000411,0849120282,nguyenvanan411@sv.tlu.edu.vn,Công nghệ thông tin,Mạng máy tính,64MMT1,năm 3,3.15,Hà Nội,439,"Con thương binh, liệt sỹ",https://drive.google.com/file/d/1lX6WIHbOSi0_8ONMaw0h-pzKwn7lpBSN/view?usp=drivesdk,Tôi cam kết các thông tin trên là đúng sự thật
29/01/2026 15:05:52,phamvancuong412@gmail.com,Phạm Văn Cường,2251164412,19/07/2003,Nam,1205000412,0337188342,phamvancuong412@sv.tlu.edu.vn,Kinh tế,Kế toán,65KT1,năm 4,2.41,Hà Nội,215,Vùng sâu vùng xa,https://drive.google.com/file/d/1L6QO2sCzamQ2b8PzkWVi92eRR6KbQmEQ/view?usp=drivesdk,Tôi cam kết các thông tin trên là đúng sự thật
29/01/2026 15:05:52,vuthiphuong413@gmail.com,Vũ Thị Phương,2251164413,18/11/2006,Nữ,1205000413,0729360897,vuthiphuong413@sv.tlu.edu.vn,Kinh tế,Tài chính ngân hàng,65TCNH1,năm 2,2.69,Hà Nội,466,Vùng sâu vùng xa,https://drive.google.com/file/d/1nGDYJgq0SLgIlHLsOuD9l4R25auyGdxX/view?usp=drivesdk,Tôi cam kết các thông tin trên là đúng sự thật
29/01/2026 15:05:52,vuthiphuong414@gmail.com,Vũ Thị Phương,2251164414,01/09/2004,Nữ,1205000414,0100526382,vuthiphuong414@sv.tlu.edu.vn,Kinh tế,Kinh tế xây dựng,65KTXD1,năm 1,2.61,Lào Cai,445,"Con thương binh, liệt sỹ",https://drive.google.com/file/d/1onwPbOwRukJgdK2Gu0rOaDrRe2KaCjBC/view?usp=drivesdk,Tôi cam kết các thông tin trên là đúng sự thật
29/01/2026 15:05:52,tranvanbinh415@gmail.com,Trần Văn Bình,2251164415,27/12/2004,Nam,1205000415,0543909399,tranvanbinh415@sv.tlu.edu.vn,Kinh tế,Kinh tế xây dựng,65KTXD1,năm 2,3.59,Thanh Hóa,551,Hộ nghèo cận nghèo,https://drive.google.com/file/d/1ELSpV_DwJtQLCKg7mp_DQqatrqJytg6Q/view?usp=drivesdk,Tôi cam kết các thông tin trên là đúng sự thật
29/01/2026 15:05:52,nguyenvanan416@gmail.com,Nguyễn Văn An,2251164416,29/07/2003,Nam,1205000416,0852516695,nguyenvanan416@sv.tlu.edu.vn,Môi trường,Kỹ thuật môi trường,65MT1,năm 2,2.97,Gia Lai,194,,https://drive.google.com/file/d/1HVn8UmjkgqeO595kQkms51Uqr55_4-DJ/view?usp=drivesdk,Tôi cam kết các thông tin trên là đúng sự thật
29/01/2026 15:05:52,nguyenvanan417@gmail.com,Nguyễn Văn An,2251164417,08/03/2006,Nam,1205000417,0882904705,nguyenvanan417@sv.tlu.edu.vn,Kinh tế,Kinh tế xây dựng,65KTXD1,năm 4,2.90,Hà Nội,145,,https://drive.google.com/file/d/17TaR-H5gUSqewDcl1kbWEjUZ4ZdnhovR/view?usp=drivesdk,Tôi cam kết các thông tin trên là đúng sự thật
29/01/2026 15:05:52,ngothilan418@gmail.com,Ngô Thị Lan,2251164418,19/02/2005,Nữ,1205000418,0913975392,ngothilan418@sv.tlu.edu.vn,Ngôn ngữ học,Ngôn ngữ Anh,66NNA1,năm 1,3.76,Nam Định,587,Hộ nghèo cận nghèo,https://drive.google.com/file/d/1sD_UGXpAHvdk_Gj6oCbqbervsb3WjHfs/view?usp=drivesdk,Tôi cam kết các thông tin trên là đúng sự thật
29/01/2026 15:05:52,vuthiphuong419@gmail.com,Vũ Thị Phương,2251164419,05/01/2005,Nữ,1205000419,0697033568,vuthiphuong419@sv.tlu.edu.vn,Ngôn ngữ học,Ngôn ngữ Trung,66NNT1,năm 2,03.06,Nam Định,539,"Hộ nghèo cận nghèo, Vùng sâu vùng xa",https://drive.google.com/file/d/11vzVR1gcMGIhlY1YCkV8XTu1nYj-_PO_/view?usp=drivesdk,Tôi cam kết các thông tin trên là đúng sự thật
29/01/2026 15:05:52,dothimai420@gmail.com,Đỗ Thị Mai,2251164420,11/11/2005,Nữ,1205000420,0391910861,dothimai420@sv.tlu.edu.vn,Ngôn ngữ học,Ngôn ngữ Anh,66NNA1,năm 2,2.57,Gia Lai,400,"Hộ nghèo cận nghèo, Vùng sâu vùng xa",https://drive.google.com/file/d/1tT5NBV5n-NZEI48Z-2ER8Jru_sSRehst/view?usp=drivesdk,Tôi cam kết các thông tin trên là đúng sự thật
29/01/2026 15:05:52,dothimai421@gmail.com,Đỗ Thị Mai,2251164421,18/11/2004,Nữ,1205000421,0352459996,dothimai421@sv.tlu.edu.vn,Xây dựng,Kỹ thuật xây dựng,65XDD1,năm 1,2.96,Hưng Yên,559,"Con thương binh, liệt sỹ",https://drive.google.com/file/d/1NMsvtO6pe53OMn_bUmnAHaBk6MUFxCqs/view?usp=drivesdk,Tôi cam kết các thông tin trên là đúng sự thật
29/01/2026 15:05:52,nguyenvanan422@gmail.com,Nguyễn Văn An,2251164422,05/04/2004,Nam,1205000422,0698927158,nguyenvanan422@sv.tlu.edu.vn,Môi trường,Kỹ thuật môi trường,65MT1,năm 3,2.78,Gia Lai,39,"Hộ nghèo cận nghèo, Vùng sâu vùng xa",https://drive.google.com/file/d/1Qybk4nxfAqPpLsi5doS8V_zLip4-oFjS/view?usp=drivesdk,Tôi cam kết các thông tin trên là đúng sự thật
29/01/2026 15:05:52,lethidieu423@gmail.com,Lê Thị Diệu,2251164423,30/06/2003,Nữ,1205000423,0765206006,lethidieu423@sv.tlu.edu.vn,Kinh tế,Kinh tế xây dựng,65KTXD1,năm 1,3.52,Lào Cai,286,Hộ nghèo cận nghèo,https://drive.google.com/file/d/1NBDhM24flIVQduU4J3v3YNpQU66pInq8/view?usp=drivesdk,Tôi cam kết các thông tin trên là đúng sự thật
29/01/2026 15:05:52,vuthiphuong424@gmail.com,Vũ Thị Phương,2251164424,18/03/2005,Nữ,1205000424,0693525607,vuthiphuong424@sv.tlu.edu.vn,Công nghệ thông tin,Kỹ thuật phần mềm,64KTPM1,năm 4,3.28,Nghệ An,523,,https://drive.google.com/file/d/1UjlN2k8tAQJYpQnvIaKXbmsFx2dAju7x/view?usp=drivesdk,Tôi cam kết các thông tin trên là đúng sự thật
29/01/2026 15:05:52,phamvancuong425@gmail.com,Phạm Văn Cường,2251164425,01/08/2005,Nam,1205000425,0149431960,phamvancuong425@sv.tlu.edu.vn,Xây dựng,Kỹ thuật xây dựng,65XDD1,năm 3,3.24,Hà Nội,539,Hộ nghèo cận nghèo,https://drive.google.com/file/d/1o8cquQUSGJZOvDL3BDf8ATSA5BsHn1Kg/view?usp=drivesdk,Tôi cam kết các thông tin trên là đúng sự thật
29/01/2026 15:05:52,tranvanbinh426@gmail.com,Trần Văn Bình,2251164426,21/07/2004,Nam,1205000426,0415376504,tranvanbinh426@sv.tlu.edu.vn,Ngôn ngữ học,Ngôn ngữ Anh,66NNA1,năm 2,3.86,Nam Định,201,"Con thương binh, liệt sỹ",https://drive.google.com/file/d/1fpkaHAlzDfIUcBx2N9LKwVahtkMX1J2O/view?usp=drivesdk,Tôi cam kết các thông tin trên là đúng sự thật
29/01/2026 15:05:52,lethidieu427@gmail.com,Lê Thị Diệu,2251164427,07/04/2004,Nữ,1205000427,0094754838,lethidieu427@sv.tlu.edu.vn,Kinh tế,Tài chính ngân hàng,65TCNH1,năm 2,3.60,Nam Định,262,,https://drive.google.com/file/d/1e_442-uUabKKrR-Zl4xkBg4jfok0rhDn/view?usp=drivesdk,Tôi cam kết các thông tin trên là đúng sự thật
29/01/2026 15:05:52,buithihanh428@gmail.com,Bùi Thị Hạnh,2251164428,20/12/2006,Nữ,1205000428,0115758086,buithihanh428@sv.tlu.edu.vn,Ngôn ngữ học,Ngôn ngữ Anh,66NNA1,năm 3,2.61,Nghệ An,253,,https://drive.google.com/file/d/1g2FFzFnFXv-Ourlt3bjSR8MznhiNaLid/view?usp=drivesdk,Tôi cam kết các thông tin trên là đúng sự thật
29/01/2026 15:05:52,hoangvanlong429@gmail.com,Hoàng Văn Long,2251164429,18/04/2003,Nam,1205000429,0710177046,hoangvanlong429@sv.tlu.edu.vn,Kinh tế,Kế toán,65KT1,năm 1,2.41,Gia Lai,202,"Con thương binh, liệt sỹ",https://drive.google.com/file/d/1PoTdS5e7v8tRtikkv41Hz8wGMd2t9TpC/view?usp=drivesdk,Tôi cam kết các thông tin trên là đúng sự thật
29/01/2026 15:05:52,dothimai430@gmail.com,Đỗ Thị Mai,2251164430,19/05/2005,Nữ,1205000430,0408665821,dothimai430@sv.tlu.edu.vn,Kinh tế,Kế toán,65KT1,năm 2,3.48,Hưng Yên,86,Hộ nghèo cận nghèo,https://drive.google.com/file/d/1Yj7C00Xrbu25Tdo22FmnLYH5Z3EDGRDw/view?usp=drivesdk,Tôi cam kết các thông tin trên là đúng sự thật
29/01/2026 15:05:52,tranvanbinh431@gmail.com,Trần Văn Bình,2251164431,27/11/2006,Nam,1205000431,0037367821,tranvanbinh431@sv.tlu.edu.vn,Quản trị kinh doanh,Quản trị doanh nghiệp,65QTDN1,năm 3,3.23,Nghệ An,420,Vùng sâu vùng xa,https://drive.google.com/file/d/1z247fF7CzPXRq7_wOrncxr7TaEjnHmmc/view?usp=drivesdk,Tôi cam kết các thông tin trên là đúng sự thật
29/01/2026 15:05:52,nguyenvanan432@gmail.com,Nguyễn Văn An,2251164432,25/10/2006,Nam,1205000432,0954263195,nguyenvanan432@sv.tlu.edu.vn,Kinh tế,Kinh tế xây dựng,65KTXD1,năm 2,2.69,Thanh Hóa,409,,https://drive.google.com/file/d/1azG6OmEPqAcERpYwyi9fAlQNQe1N0vMc/view?usp=drivesdk,Tôi cam kết các thông tin trên là đúng sự thật
29/01/2026 15:05:52,phamvancuong433@gmail.com,Phạm Văn Cường,2251164433,15/03/2005,Nam,1205000433,0326166609,phamvancuong433@sv.tlu.edu.vn,Ngôn ngữ học,Ngôn ngữ Anh,66NNA1,năm 1,2.45,Thanh Hóa,192,Hộ nghèo cận nghèo,https://drive.google.com/file/d/1OSEKMwUh8AuKLkbWTh-wzvTeh9TMdhXc/view?usp=drivesdk,Tôi cam kết các thông tin trên là đúng sự thật
29/01/2026 15:05:52,vuthiphuong434@gmail.com,Vũ Thị Phương,2251164434,19/11/2004,Nữ,1205000434,0698711002,vuthiphuong434@sv.tlu.edu.vn,Công nghệ thông tin,Kỹ thuật phần mềm,64KTPM1,năm 1,3.99,Hưng Yên,374,Hộ nghèo cận nghèo,https://drive.google.com/file/d/1EEnVJUXFVbf2zsuuRPffMHQD18NZ0slr/view?usp=drivesdk,Tôi cam kết các thông tin trên là đúng sự thật
29/01/2026 15:05:52,lethidieu435@gmail.com,Lê Thị Diệu,2251164435,30/08/2005,Nữ,1205000435,0471828171,lethidieu435@sv.tlu.edu.vn,Quản trị kinh doanh,Marketing,65MKT1,năm 2,3.44,Hà Nội,509,Vùng sâu vùng xa,https://drive.google.com/file/d/1WD8iJ26vJFSL7K2fXeVbuEXLy4t-SHae/view?usp=drivesdk,Tôi cam kết các thông tin trên là đúng sự thật
29/01/2026 15:05:52,tranvanbinh436@gmail.com,Trần Văn Bình,2251164436,15/04/2004,Nam,1205000436,0620623327,tranvanbinh436@sv.tlu.edu.vn,Cơ khí,Cơ khí chế tạo,65CK1,năm 3,2.41,Hưng Yên,407,"Hộ nghèo cận nghèo, Vùng sâu vùng xa",https://drive.google.com/file/d/121J3jIHzMyqp6ui1NSUVURHCMauiWRrf/view?usp=drivesdk,Tôi cam kết các thông tin trên là đúng sự thật
29/01/2026 15:05:52,dothimai437@gmail.com,Đỗ Thị Mai,2251164437,15/03/2003,Nữ,1205000437,0291525597,dothimai437@sv.tlu.edu.vn,Công nghệ thông tin,Kỹ thuật phần mềm,64KTPM1,năm 3,3.88,Lào Cai,382,"Hộ nghèo cận nghèo, Vùng sâu vùng xa",https://drive.google.com/file/d/1pN44uIZy5-EolT8VD7BK2VLHsrYBY-1h/view?usp=drivesdk,Tôi cam kết các thông tin trên là đúng sự thật
29/01/2026 15:05:52,buithihanh438@gmail.com,Bùi Thị Hạnh,2251164438,13/06/2006,Nữ,1205000438,0779523765,buithihanh438@sv.tlu.edu.vn,Kinh tế,Kinh tế xây dựng,65KTXD1,năm 4,3.58,Nghệ An,117,Hộ nghèo cận nghèo,https://drive.google.com/file/d/18n3vqBXrqpSxFW3EgDI6PbV8Q2ECfg5z/view?usp=drivesdk,Tôi cam kết các thông tin trên là đúng sự thật
29/01/2026 15:05:52,hoangvanlong439@gmail.com,Hoàng Văn Long,2251164439,20/02/2006,Nam,1205000439,0309452342,hoangvanlong439@sv.tlu.edu.vn,Ngôn ngữ học,Ngôn ngữ Trung,66NNT1,năm 3,3.50,Thanh Hóa,49,,https://drive.google.com/file/d/1weJj6HLrJu7iAejvI5RlyGGJZNe233Vt/view?usp=drivesdk,Tôi cam kết các thông tin trên là đúng sự thật
29/01/2026 15:05:52,ngothilan440@gmail.com,Ngô Thị Lan,2251164440,04/02/2005,Nữ,1205000440,0202172418,ngothilan440@sv.tlu.edu.vn,Quản trị kinh doanh,Quản trị doanh nghiệp,65QTDN1,năm 3,2.50,Lào Cai,49,Vùng sâu vùng xa,https://drive.google.com/file/d/1HOozCvDSV3RVj0Hwwh-2ZDxe54fW7BJ8/view?usp=drivesdk,Tôi cam kết các thông tin trên là đúng sự thật
29/01/2026 15:05:52,buithihanh441@gmail.com,Bùi Thị Hạnh,2251164441,16/01/2003,Nữ,1205000441,0182264039,buithihanh441@sv.tlu.edu.vn,Kinh tế,Kế toán,65KT1,năm 4,3.84,Hà Nội,467,Hộ nghèo cận nghèo,https://drive.google.com/file/d/1oi5ryEiCd6LWlA7xy4B2SxWPaSNl9bgw/view?usp=drivesdk,Tôi cam kết các thông tin trên là đúng sự thật
29/01/2026 15:05:52,hoangvanlong442@gmail.com,Hoàng Văn Long,2251164442,20/12/2005,Nam,1205000442,0408008894,hoangvanlong442@sv.tlu.edu.vn,Xây dựng,Kỹ thuật xây dựng,65XDD1,năm 2,2.63,Nghệ An,453,,https://drive.google.com/file/d/10VPF4WQ2rjODArPLTVKAP3Ql3hQaYzSl/view?usp=drivesdk,Tôi cam kết các thông tin trên là đúng sự thật
29/01/2026 15:05:52,vuthiphuong443@gmail.com,Vũ Thị Phương,2251164443,08/10/2003,Nữ,1205000443,0939814341,vuthiphuong443@sv.tlu.edu.vn,Kinh tế,Tài chính ngân hàng,65TCNH1,năm 3,03.09,Lào Cai,577,"Con thương binh, liệt sỹ",https://drive.google.com/file/d/1hbbtNRdZ8-ttkSIVtMFaU5kqa8qtexTU/view?usp=drivesdk,Tôi cam kết các thông tin trên là đúng sự thật
29/01/2026 15:05:52,buithihanh444@gmail.com,Bùi Thị Hạnh,2251164444,02/10/2006,Nữ,1205000444,0013865025,buithihanh444@sv.tlu.edu.vn,Điện – Điện tử,Kỹ thuật điện,65D1,năm 3,3.20,Lào Cai,91,Hộ nghèo cận nghèo,https://drive.google.com/file/d/1VJqQLaBcn3X5eA85I2MZI63rAbd31h2r/view?usp=drivesdk,Tôi cam kết các thông tin trên là đúng sự thật
29/01/2026 15:05:52,phamvancuong445@gmail.com,Phạm Văn Cường,2251164445,28/10/2003,Nam,1205000445,0338332285,phamvancuong445@sv.tlu.edu.vn,Kinh tế,Kế toán,65KT1,năm 4,3.94,Hà Nội,304,"Hộ nghèo cận nghèo, Vùng sâu vùng xa",https://drive.google.com/file/d/1-sGqtA8MOujARmkXlGjlVAtzxXd0Exv7/view?usp=drivesdk,Tôi cam kết các thông tin trên là đúng sự thật
29/01/2026 15:05:52,ngothilan446@gmail.com,Ngô Thị Lan,2251164446,15/03/2004,Nữ,1205000446,0696933473,ngothilan446@sv.tlu.edu.vn,Kinh tế,Kế toán,65KT1,năm 2,2.87,Hưng Yên,454,"Hộ nghèo cận nghèo, Vùng sâu vùng xa",https://drive.google.com/file/d/1kB6QE5pzW-QaEpYUK1fGBY0S1lqFKqcs/view?usp=drivesdk,Tôi cam kết các thông tin trên là đúng sự thật
29/01/2026 15:05:52,tranvanbinh447@gmail.com,Trần Văn Bình,2251164447,29/09/2004,Nam,1205000447,0637035030,tranvanbinh447@sv.tlu.edu.vn,Quản trị kinh doanh,Marketing,65MKT1,năm 1,3.73,Thanh Hóa,145,Vùng sâu vùng xa,https://drive.google.com/file/d/1HhxRjI4Kyn2GxRQwiRcWstuj2VogVG1Y/view?usp=drivesdk,Tôi cam kết các thông tin trên là đúng sự thật
29/01/2026 15:05:52,dothimai448@gmail.com,Đỗ Thị Mai,2251164448,21/12/2005,Nữ,1205000448,0886854326,dothimai448@sv.tlu.edu.vn,Công nghệ thông tin,Khoa học máy tính,64CNTT1,năm 3,3.16,Lào Cai,333,,https://drive.google.com/file/d/1BYi2zzjB74vgBjfoqm4a3sunJyXbQ1pj/view?usp=drivesdk,Tôi cam kết các thông tin trên là đúng sự thật
29/01/2026 15:05:52,tranvanbinh449@gmail.com,Trần Văn Bình,2251164449,02/10/2004,Nam,1205000449,0828042916,tranvanbinh449@sv.tlu.edu.vn,Xây dựng,Công trình thủy,65CTT1,năm 2,3.11,Hà Nội,27,"Con thương binh, liệt sỹ",https://drive.google.com/file/d/1_py4xOr8Xgv162gb6GDn3JLyxSb0dQRh/view?usp=drivesdk,Tôi cam kết các thông tin trên là đúng sự thật
29/01/2026 15:05:52,buithihanh450@gmail.com,Bùi Thị Hạnh,2251164450,08/12/2004,Nữ,1205000450,0704528675,buithihanh450@sv.tlu.edu.vn,Ngôn ngữ học,Ngôn ngữ Anh,66NNA1,năm 4,03.05,Nam Định,205,,https://drive.google.com/file/d/1Ob869sS7336I6jhOC-mmY7z-qoU6b-ta/view?usp=drivesdk,Tôi cam kết các thông tin trên là đúng sự thật
29/01/2026 15:05:52,phamvancuong451@gmail.com,Phạm Văn Cường,2251164451,16/10/2004,Nam,1205000451,0865151809,phamvancuong451@sv.tlu.edu.vn,Ngôn ngữ học,Ngôn ngữ Trung,66NNT1,năm 1,3.55,Hưng Yên,211,Vùng sâu vùng xa,https://drive.google.com/file/d/17LuRil8Pmo3QmLvRMJ2zvPP2bfT8Yp6W/view?usp=drivesdk,Tôi cam kết các thông tin trên là đúng sự thật
29/01/2026 15:05:52,tranvanbinh452@gmail.com,Trần Văn Bình,2251164452,17/02/2006,Nam,1205000452,0323616110,tranvanbinh452@sv.tlu.edu.vn,Môi trường,Kỹ thuật môi trường,65MT1,năm 1,3.69,Thanh Hóa,240,"Con thương binh, liệt sỹ",https://drive.google.com/file/d/13lfifCrekY59Pqfja_blabrQbs4zgL65/view?usp=drivesdk,Tôi cam kết các thông tin trên là đúng sự thật
29/01/2026 15:05:52,dangvankhanh453@gmail.com,Đặng Văn Khánh,2251164453,14/06/2006,Nam,1205000453,0322394739,dangvankhanh453@sv.tlu.edu.vn,Ngôn ngữ học,Ngôn ngữ Anh,66NNA1,năm 4,2.80,Hà Nội,533,Hộ nghèo cận nghèo,https://drive.google.com/file/d/1l2pXFkontJJlQbo1E5jViEkSbAIHvi6u/view?usp=drivesdk,Tôi cam kết các thông tin trên là đúng sự thật
29/01/2026 15:05:52,buithihanh454@gmail.com,Bùi Thị Hạnh,2251164454,16/07/2005,Nữ,1205000454,0945308359,buithihanh454@sv.tlu.edu.vn,Công nghệ thông tin,Hệ thống thông tin,64HTTT2,năm 3,2.52,Hưng Yên,466,Vùng sâu vùng xa,https://drive.google.com/file/d/1gy_bjcjMX4-UWplV51C1SiVwkrdUf9UZ/view?usp=drivesdk,Tôi cam kết các thông tin trên là đúng sự thật
29/01/2026 15:05:52,ngothilan455@gmail.com,Ngô Thị Lan,2251164455,29/08/2004,Nữ,1205000455,0129793101,ngothilan455@sv.tlu.edu.vn,Công nghệ thông tin,Hệ thống thông tin,64HTTT2,năm 3,03.08,Hà Nội,544,,https://drive.google.com/file/d/1qUqcBDgoYZyCbb8LwTKpXwalOUqP_F2L/view?usp=drivesdk,Tôi cam kết các thông tin trên là đúng sự thật
29/01/2026 15:05:52,dothimai456@gmail.com,Đỗ Thị Mai,2251164456,25/12/2005,Nữ,1205000456,0676435071,dothimai456@sv.tlu.edu.vn,Cơ khí,Cơ khí chế tạo,65CK1,năm 4,2.64,Gia Lai,25,"Hộ nghèo cận nghèo, Vùng sâu vùng xa",https://drive.google.com/file/d/1YrhkL354kisM7bOZF4_0Z5Xwte3vm3qH/view?usp=drivesdk,Tôi cam kết các thông tin trên là đúng sự thật
29/01/2026 15:05:52,dangvankhanh457@gmail.com,Đặng Văn Khánh,2251164457,16/08/2005,Nam,1205000457,0273991288,dangvankhanh457@sv.tlu.edu.vn,Công nghệ thông tin,Kỹ thuật phần mềm,64KTPM1,năm 4,3.37,Gia Lai,222,,https://drive.google.com/file/d/1ltV-biiVAOfm2nW9cee2mdL2ReR5IvkR/view?usp=drivesdk,Tôi cam kết các thông tin trên là đúng sự thật
29/01/2026 15:05:52,dothimai458@gmail.com,Đỗ Thị Mai,2251164458,26/07/2006,Nữ,1205000458,0771653680,dothimai458@sv.tlu.edu.vn,Ngôn ngữ học,Ngôn ngữ Anh,66NNA1,năm 2,2.57,Lào Cai,5,Hộ nghèo cận nghèo,https://drive.google.com/file/d/1rUOrT5ISycvmK8Wx-z2-HqE1pBujnm1C/view?usp=drivesdk,Tôi cam kết các thông tin trên là đúng sự thật
29/01/2026 15:05:52,nguyenvanan459@gmail.com,Nguyễn Văn An,2251164459,31/07/2005,Nam,1205000459,0832542772,nguyenvanan459@sv.tlu.edu.vn,Công nghệ thông tin,Hệ thống thông tin,64HTTT2,năm 1,3.87,Hưng Yên,235,"Con thương binh, liệt sỹ",https://drive.google.com/file/d/1r1IXqx2G6HhxqcohcutJSDVHbO6z-Uwk/view?usp=drivesdk,Tôi cam kết các thông tin trên là đúng sự thật
29/01/2026 15:05:52,vuthiphuong460@gmail.com,Vũ Thị Phương,2251164460,19/01/2005,Nữ,1205000460,0129642935,vuthiphuong460@sv.tlu.edu.vn,Ngôn ngữ học,Ngôn ngữ Anh,66NNA1,năm 2,3.10,Nghệ An,157,Vùng sâu vùng xa,https://drive.google.com/file/d/1fPx8f-gHA_IPIZjAUniwR8eyrRcNCVhg/view?usp=drivesdk,Tôi cam kết các thông tin trên là đúng sự thật
29/01/2026 15:05:52,tranvanbinh461@gmail.com,Trần Văn Bình,2251164461,20/11/2003,Nam,1205000461,0626740651,tranvanbinh461@sv.tlu.edu.vn,Quản trị kinh doanh,Marketing,65MKT1,năm 3,2.71,Nam Định,198,Hộ nghèo cận nghèo,https://drive.google.com/file/d/1nbRTswyZCXkX8HWhEuIxDlqpE1Jc2jQG/view?usp=drivesdk,Tôi cam kết các thông tin trên là đúng sự thật
29/01/2026 15:05:52,hoangvanlong462@gmail.com,Hoàng Văn Long,2251164462,19/01/2005,Nam,1205000462,0165771633,hoangvanlong462@sv.tlu.edu.vn,Công nghệ thông tin,Mạng máy tính,64MMT1,năm 1,3.18,Hà Nội,192,Vùng sâu vùng xa,https://drive.google.com/file/d/1b2tOeqrP9VeGy0alrB0xSIvOol5hheHj/view?usp=drivesdk,Tôi cam kết các thông tin trên là đúng sự thật
29/01/2026 15:05:52,ngothilan463@gmail.com,Ngô Thị Lan,2251164463,25/02/2003,Nữ,1205000463,0147500402,ngothilan463@sv.tlu.edu.vn,Điện – Điện tử,Kỹ thuật điện,65D1,năm 4,2.72,Gia Lai,347,"Con thương binh, liệt sỹ",https://drive.google.com/file/d/1Y9rPGxmEXjAWL4YplRGoh0GYU8O-DUEk/view?usp=drivesdk,Tôi cam kết các thông tin trên là đúng sự thật
29/01/2026 15:05:52,ngothilan464@gmail.com,Ngô Thị Lan,2251164464,03/01/2004,Nữ,1205000464,0128849338,ngothilan464@sv.tlu.edu.vn,Điện – Điện tử,Kỹ thuật điện,65D1,năm 2,3.59,Nghệ An,6,"Hộ nghèo cận nghèo, Vùng sâu vùng xa",https://drive.google.com/file/d/1eZMq68CWW1SVTQTAbpJMY2ie2nDFgSCZ/view?usp=drivesdk,Tôi cam kết các thông tin trên là đúng sự thật
29/01/2026 15:05:52,ngothilan465@gmail.com,Ngô Thị Lan,2251164465,05/05/2006,Nữ,1205000465,0028024199,ngothilan465@sv.tlu.edu.vn,Công nghệ thông tin,Khoa học máy tính,64CNTT1,năm 1,3.65,Hà Nội,387,Vùng sâu vùng xa,https://drive.google.com/file/d/1eHNBzSqE_BaCB5KwR1NxOL6Bz7F1_FiH/view?usp=drivesdk,Tôi cam kết các thông tin trên là đúng sự thật
29/01/2026 15:05:52,hoangvanlong466@gmail.com,Hoàng Văn Long,2251164466,14/12/2006,Nam,1205000466,0618135367,hoangvanlong466@sv.tlu.edu.vn,Ngôn ngữ học,Ngôn ngữ Trung,66NNT1,năm 2,3.56,Gia Lai,469,"Hộ nghèo cận nghèo, Vùng sâu vùng xa",https://drive.google.com/file/d/1bWJlMHgyLCkuCWuguuKiVifavYkXzyS2/view?usp=drivesdk,Tôi cam kết các thông tin trên là đúng sự thật
29/01/2026 15:05:52,dangvankhanh467@gmail.com,Đặng Văn Khánh,2251164467,09/04/2003,Nam,1205000467,0804545861,dangvankhanh467@sv.tlu.edu.vn,Công nghệ thông tin,Mạng máy tính,64MMT1,năm 1,2.71,Nghệ An,235,"Hộ nghèo cận nghèo, Vùng sâu vùng xa",https://drive.google.com/file/d/1Aqy2fMLtCYA_C-LpqT9UHt_T_mNt5VQ8/view?usp=drivesdk,Tôi cam kết các thông tin trên là đúng sự thật
29/01/2026 15:05:52,lethidieu468@gmail.com,Lê Thị Diệu,2251164468,04/07/2005,Nữ,1205000468,0920183358,lethidieu468@sv.tlu.edu.vn,Xây dựng,Kỹ thuật xây dựng,65XDD1,năm 1,4.00,Nam Định,270,"Con thương binh, liệt sỹ",https://drive.google.com/file/d/1oI6PmfWdTwnJyBrxn2ZCiQmRQGCAAR3X/view?usp=drivesdk,Tôi cam kết các thông tin trên là đúng sự thật
29/01/2026 15:05:52,ngothilan469@gmail.com,Ngô Thị Lan,2251164469,04/05/2004,Nữ,1205000469,0030934479,ngothilan469@sv.tlu.edu.vn,Công nghệ thông tin,Khoa học máy tính,64CNTT1,năm 1,3.97,Thanh Hóa,41,Vùng sâu vùng xa,https://drive.google.com/file/d/1jBILe22KyRWAyD1WAaW6yYA68lNGwTw6/view?usp=drivesdk,Tôi cam kết các thông tin trên là đúng sự thật
29/01/2026 15:05:52,dothimai470@gmail.com,Đỗ Thị Mai,2251164470,07/11/2005,Nữ,1205000470,0725615772,dothimai470@sv.tlu.edu.vn,Công nghệ thông tin,Khoa học máy tính,64CNTT1,năm 4,2.73,Nam Định,415,"Con thương binh, liệt sỹ",https://drive.google.com/file/d/1-K8a1JASbmusVgRlYwqOtjLcmwdkcZTW/view?usp=drivesdk,Tôi cam kết các thông tin trên là đúng sự thật
29/01/2026 15:05:52,phamvancuong471@gmail.com,Phạm Văn Cường,2251164471,09/07/2005,Nam,1205000471,0433445884,phamvancuong471@sv.tlu.edu.vn,Ngôn ngữ học,Ngôn ngữ Trung,66NNT1,năm 2,2.85,Gia Lai,219,"Con thương binh, liệt sỹ",https://drive.google.com/file/d/1xw8SCzr-3zWEIQeGj5BIWhDI_qiNveGh/view?usp=drivesdk,Tôi cam kết các thông tin trên là đúng sự thật
29/01/2026 15:05:52,tranvanbinh472@gmail.com,Trần Văn Bình,2251164472,18/06/2004,Nam,1205000472,0195561506,tranvanbinh472@sv.tlu.edu.vn,Xây dựng,Kỹ thuật xây dựng,65XDD1,năm 2,3.87,Lào Cai,176,"Con thương binh, liệt sỹ",https://drive.google.com/file/d/1j31-a6cQEdJNnwj43V9R9nhpYLEC2g9P/view?usp=drivesdk,Tôi cam kết các thông tin trên là đúng sự thật
29/01/2026 15:05:52,dangvankhanh473@gmail.com,Đặng Văn Khánh,2251164473,06/05/2003,Nam,1205000473,0201101730,dangvankhanh473@sv.tlu.edu.vn,Xây dựng,Kỹ thuật xây dựng,65XDD1,năm 2,3.27,Nam Định,482,"Hộ nghèo cận nghèo, Vùng sâu vùng xa",https://drive.google.com/file/d/1DPVlJ21x1s3UDuxRy7jgjsi3pb4-QIqn/view?usp=drivesdk,Tôi cam kết các thông tin trên là đúng sự thật
29/01/2026 15:05:52,tranvanbinh474@gmail.com,Trần Văn Bình,2251164474,27/07/2005,Nam,1205000474,0597579988,tranvanbinh474@sv.tlu.edu.vn,Xây dựng,Kỹ thuật xây dựng,65XDD1,năm 2,2.44,Hưng Yên,511,Vùng sâu vùng xa,https://drive.google.com/file/d/1EmoWpc7W1kKS6kl3MgVzqjbQck1fiQ7c/view?usp=drivesdk,Tôi cam kết các thông tin trên là đúng sự thật
29/01/2026 15:05:52,dangvankhanh475@gmail.com,Đặng Văn Khánh,2251164475,31/10/2006,Nam,1205000475,0970236689,dangvankhanh475@sv.tlu.edu.vn,Kinh tế,Kế toán,65KT1,năm 4,2.43,Hà Nội,300,"Con thương binh, liệt sỹ",https://drive.google.com/file/d/1YodhFiGU-V7RBsN0uQrIQoPjUIjCqnea/view?usp=drivesdk,Tôi cam kết các thông tin trên là đúng sự thật
29/01/2026 15:05:52,ngothilan476@gmail.com,Ngô Thị Lan,2251164476,11/09/2005,Nữ,1205000476,0099489489,ngothilan476@sv.tlu.edu.vn,Cơ khí,Cơ khí chế tạo,65CK1,năm 3,3.48,Hưng Yên,560,"Con thương binh, liệt sỹ",https://drive.google.com/file/d/1xT4DkjeUd09Ku_ngKDrC4SL9P_ea_LMu/view?usp=drivesdk,Tôi cam kết các thông tin trên là đúng sự thật
29/01/2026 15:05:52,vuthiphuong477@gmail.com,Vũ Thị Phương,2251164477,23/05/2005,Nữ,1205000477,0865446454,vuthiphuong477@sv.tlu.edu.vn,Quản trị kinh doanh,Quản trị doanh nghiệp,65QTDN1,năm 2,3.14,Thanh Hóa,316,,https://drive.google.com/file/d/11urtBkqR21bmVZd9uXmBLaFJnEuBgt7Y/view?usp=drivesdk,Tôi cam kết các thông tin trên là đúng sự thật
29/01/2026 15:05:52,nguyenvanan478@gmail.com,Nguyễn Văn An,2251164478,13/02/2005,Nam,1205000478,0070187568,nguyenvanan478@sv.tlu.edu.vn,Công nghệ thông tin,Khoa học máy tính,64CNTT1,năm 1,2.70,Lào Cai,144,"Hộ nghèo cận nghèo, Vùng sâu vùng xa",https://drive.google.com/file/d/1siKIww6yL026YRJ26TqgA09PlAZwFFs5/view?usp=drivesdk,Tôi cam kết các thông tin trên là đúng sự thật
29/01/2026 15:05:52,buithihanh479@gmail.com,Bùi Thị Hạnh,2251164479,19/11/2005,Nữ,1205000479,0836824841,buithihanh479@sv.tlu.edu.vn,Công nghệ thông tin,Trí tuệ nhân tạo,64AI1,năm 2,3.77,Thanh Hóa,413,Hộ nghèo cận nghèo,https://drive.google.com/file/d/1pW-UBlClVht0OPhI9wLsx3Dz4sR8l4BB/view?usp=drivesdk,Tôi cam kết các thông tin trên là đúng sự thật
29/01/2026 15:05:52,dangvankhanh480@gmail.com,Đặng Văn Khánh,2251164480,01/03/2006,Nam,1205000480,0985450123,dangvankhanh480@sv.tlu.edu.vn,Xây dựng,Công trình thủy,65CTT1,năm 4,2.87,Nam Định,297,Hộ nghèo cận nghèo,https://drive.google.com/file/d/1awc7ogktpsAUxnMJ55oUVHQ4Tvp9CBYm/view?usp=drivesdk,Tôi cam kết các thông tin trên là đúng sự thật
29/01/2026 15:05:52,buithihanh481@gmail.com,Bùi Thị Hạnh,2251164481,25/11/2003,Nữ,1205000481,0032796198,buithihanh481@sv.tlu.edu.vn,Ngôn ngữ học,Ngôn ngữ Trung,66NNT1,năm 4,3.49,Gia Lai,310,,https://drive.google.com/file/d/1OZ8HdBUBcimngrKs5B4M9_JYlnKg6GeM/view?usp=drivesdk,Tôi cam kết các thông tin trên là đúng sự thật
29/01/2026 15:05:52,vuthiphuong482@gmail.com,Vũ Thị Phương,2251164482,11/06/2003,Nữ,1205000482,0423526801,vuthiphuong482@sv.tlu.edu.vn,Điện – Điện tử,Kỹ thuật điện,65D1,năm 4,3.60,Nghệ An,521,"Con thương binh, liệt sỹ",https://drive.google.com/file/d/1XTTJl_b0mQOQTMQmnW9nJFJKMGkipgf2/view?usp=drivesdk,Tôi cam kết các thông tin trên là đúng sự thật
29/01/2026 15:05:52,vuthiphuong483@gmail.com,Vũ Thị Phương,2251164483,27/09/2005,Nữ,1205000483,0960373096,vuthiphuong483@sv.tlu.edu.vn,Công nghệ thông tin,Kỹ thuật phần mềm,64KTPM1,năm 3,3.63,Gia Lai,23,Hộ nghèo cận nghèo,https://drive.google.com/file/d/16eVNWxfXTJy-SBxz5NkaRlS0uEn6Iv-W/view?usp=drivesdk,Tôi cam kết các thông tin trên là đúng sự thật
29/01/2026 15:05:52,vuthiphuong484@gmail.com,Vũ Thị Phương,2251164484,21/12/2005,Nữ,1205000484,0609549969,vuthiphuong484@sv.tlu.edu.vn,Quản trị kinh doanh,Quản trị doanh nghiệp,65QTDN1,năm 4,2.99,Hà Nội,276,Hộ nghèo cận nghèo,https://drive.google.com/file/d/1ul5LIiJik7BFN0x3u4cejRGpFqm2GUmK/view?usp=drivesdk,Tôi cam kết các thông tin trên là đúng sự thật
29/01/2026 15:05:52,hoangvanlong485@gmail.com,Hoàng Văn Long,2251164485,01/09/2004,Nam,1205000485,0067012789,hoangvanlong485@sv.tlu.edu.vn,Công nghệ thông tin,Kỹ thuật phần mềm,64KTPM1,năm 1,3.71,Nghệ An,280,"Hộ nghèo cận nghèo, Vùng sâu vùng xa",https://drive.google.com/file/d/1IBl_tJ-W7O8AqIEoVaXL0NmB3DVEq8KN/view?usp=drivesdk,Tôi cam kết các thông tin trên là đúng sự thật
29/01/2026 15:05:52,lethidieu486@gmail.com,Lê Thị Diệu,2251164486,16/04/2006,Nữ,1205000486,0820711096,lethidieu486@sv.tlu.edu.vn,Quản trị kinh doanh,Quản trị doanh nghiệp,65QTDN1,năm 4,3.51,Lào Cai,97,Vùng sâu vùng xa,https://drive.google.com/file/d/1NFUeTh1ngWKVVi07ZVlNOzmsjo7Z7fKe/view?usp=drivesdk,Tôi cam kết các thông tin trên là đúng sự thật
29/01/2026 15:05:52,dothimai487@gmail.com,Đỗ Thị Mai,2251164487,31/10/2006,Nữ,1205000487,0170776721,dothimai487@sv.tlu.edu.vn,Kinh tế,Tài chính ngân hàng,65TCNH1,năm 4,3.71,Nghệ An,420,Vùng sâu vùng xa,https://drive.google.com/file/d/1RGVrKTwcBbgHDROQr1ESHZ-s6FPSKkM2/view?usp=drivesdk,Tôi cam kết các thông tin trên là đúng sự thật
29/01/2026 15:05:52,ngothilan488@gmail.com,Ngô Thị Lan,2251164488,25/05/2005,Nữ,1205000488,0337204357,ngothilan488@sv.tlu.edu.vn,Cơ khí,Cơ khí chế tạo,65CK1,năm 3,3.48,Hà Nội,478,"Con thương binh, liệt sỹ",https://drive.google.com/file/d/1binKnJZXmQTny0MfKkFFPyxglFFWYgbf/view?usp=drivesdk,Tôi cam kết các thông tin trên là đúng sự thật
29/01/2026 15:05:52,tranvanbinh489@gmail.com,Trần Văn Bình,2251164489,13/11/2003,Nam,1205000489,0588839964,tranvanbinh489@sv.tlu.edu.vn,Công nghệ thông tin,Hệ thống thông tin,64HTTT2,năm 1,2.82,Hưng Yên,597,"Con thương binh, liệt sỹ",https://drive.google.com/file/d/1epmj6_TvwjP2AlwYZNxuIXMep_BjxDsn/view?usp=drivesdk,Tôi cam kết các thông tin trên là đúng sự thật
29/01/2026 15:05:52,nguyenvanan490@gmail.com,Nguyễn Văn An,2251164490,06/07/2004,Nam,1205000490,0568647426,nguyenvanan490@sv.tlu.edu.vn,Kinh tế,Kế toán,65KT1,năm 3,2.93,Thanh Hóa,546,Vùng sâu vùng xa,https://drive.google.com/file/d/1qouX1dbGmrHmQo4Cap4xLGbgZacL7aUo/view?usp=drivesdk,Tôi cam kết các thông tin trên là đúng sự thật
29/01/2026 15:05:52,dangvankhanh491@gmail.com,Đặng Văn Khánh,2251164491,28/12/2003,Nam,1205000491,0411483661,dangvankhanh491@sv.tlu.edu.vn,Ngôn ngữ học,Ngôn ngữ Anh,66NNA1,năm 4,2.78,Nghệ An,154,"Con thương binh, liệt sỹ",https://drive.google.com/file/d/123IY_cMcqQ6lfCMysFaCZ2L31olXEMIo/view?usp=drivesdk,Tôi cam kết các thông tin trên là đúng sự thật
29/01/2026 15:05:52,dothimai492@gmail.com,Đỗ Thị Mai,2251164492,01/05/2003,Nữ,1205000492,0718196423,dothimai492@sv.tlu.edu.vn,Cơ khí,Cơ khí chế tạo,65CK1,năm 1,2.64,Lào Cai,460,Hộ nghèo cận nghèo,https://drive.google.com/file/d/1T_dchHSri0wn-GvAoxYPobPA4Skm-e4f/view?usp=drivesdk,Tôi cam kết các thông tin trên là đúng sự thật
29/01/2026 15:05:52,dangvankhanh493@gmail.com,Đặng Văn Khánh,2251164493,21/11/2004,Nam,1205000493,0113779871,dangvankhanh493@sv.tlu.edu.vn,Kinh tế,Kế toán,65KT1,năm 4,3.77,Lào Cai,88,,https://drive.google.com/file/d/1-FS48yuvMffukGTahjHCKwSMMzgyqaGM/view?usp=drivesdk,Tôi cam kết các thông tin trên là đúng sự thật
29/01/2026 15:05:52,nguyenvanan494@gmail.com,Nguyễn Văn An,2251164494,18/08/2003,Nam,1205000494,0842010797,nguyenvanan494@sv.tlu.edu.vn,Công nghệ thông tin,Trí tuệ nhân tạo,64AI1,năm 2,3.35,Thanh Hóa,159,,https://drive.google.com/file/d/19kuCtwoiIIRTxmnYZL-cHyJCXQ1kZ1qw/view?usp=drivesdk,Tôi cam kết các thông tin trên là đúng sự thật
29/01/2026 15:05:52,buithihanh495@gmail.com,Bùi Thị Hạnh,2251164495,29/11/2006,Nữ,1205000495,0091775781,buithihanh495@sv.tlu.edu.vn,Công nghệ thông tin,Mạng máy tính,64MMT1,năm 2,2.76,Gia Lai,18,,https://drive.google.com/file/d/1jFSsi2dbH4mNGfvLzKb3tmyTtZ5FumgY/view?usp=drivesdk,Tôi cam kết các thông tin trên là đúng sự thật
29/01/2026 15:05:52,hoangvanlong496@gmail.com,Hoàng Văn Long,2251164496,05/01/2006,Nam,1205000496,0528426820,hoangvanlong496@sv.tlu.edu.vn,Xây dựng,Kỹ thuật xây dựng,65XDD1,năm 2,3.31,Nam Định,329,,https://drive.google.com/file/d/1WSgl_EOJ6c2ZhJcApSS0m1_hC_RfzoOz/view?usp=drivesdk,Tôi cam kết các thông tin trên là đúng sự thật
29/01/2026 15:05:52,nguyenvanan497@gmail.com,Nguyễn Văn An,2251164497,07/02/2004,Nam,1205000497,0786775435,nguyenvanan497@sv.tlu.edu.vn,Quản trị kinh doanh,Quản trị doanh nghiệp,65QTDN1,năm 4,2.98,Hưng Yên,414,,https://drive.google.com/file/d/1FJwZ-LY_R2py-X_LiKtEb48EgoDMeAIP/view?usp=drivesdk,Tôi cam kết các thông tin trên là đúng sự thật
29/01/2026 15:05:52,lethidieu498@gmail.com,Lê Thị Diệu,2251164498,22/08/2004,Nữ,1205000498,0355725403,lethidieu498@sv.tlu.edu.vn,Môi trường,Kỹ thuật môi trường,65MT1,năm 2,3.27,Hưng Yên,190,,https://drive.google.com/file/d/1V_wVDToOXOoaB3PzHEk0xX8bE52K8nVX/view?usp=drivesdk,Tôi cam kết các thông tin trên là đúng sự thật
29/01/2026 15:05:52,dothimai499@gmail.com,Đỗ Thị Mai,2251164499,18/06/2003,Nữ,1205000499,0224869893,dothimai499@sv.tlu.edu.vn,Xây dựng,Công trình thủy,65CTT1,năm 3,3.93,Hưng Yên,191,,https://drive.google.com/file/d/13k00J_R15Q2Wng69g7tPW4BIPFNpv9Ek/view?usp=drivesdk,Tôi cam kết các thông tin trên là đúng sự thật
29/01/2026 15:05:52,buithihanh500@gmail.com,Bùi Thị Hạnh,2251164500,04/10/2005,Nữ,1205000500,0481590755,buithihanh500@sv.tlu.edu.vn,Xây dựng,Công trình thủy,65CTT1,năm 3,2.80,Gia Lai,519,,https://drive.google.com/file/d/1_d1g8hVRoSCgqwyuNxBYLITT12I8473K/view?usp=drivesdk,Tôi cam kết các thông tin trên là đúng sự thật
29/01/2026 15:05:52,buithihanh501@gmail.com,Bùi Thị Hạnh,2251164501,18/05/2003,Nữ,1205000501,0796928696,buithihanh501@sv.tlu.edu.vn,Xây dựng,Kỹ thuật xây dựng,65XDD1,năm 1,3.91,Nam Định,525,,https://drive.google.com/file/d/1tmcxRGaOgL8Okkl3RED0Mz6j3mGWuffp/view?usp=drivesdk,Tôi cam kết các thông tin trên là đúng sự thật
29/01/2026 15:05:52,tranvanbinh502@gmail.com,Trần Văn Bình,2251164502,16/12/2006,Nam,1205000502,0450040727,tranvanbinh502@sv.tlu.edu.vn,Kinh tế,Tài chính ngân hàng,65TCNH1,năm 1,3.54,Lào Cai,144,,https://drive.google.com/file/d/1rcyVg_D8WvF7lkkoPvWjZniHt7eZikPu/view?usp=drivesdk,Tôi cam kết các thông tin trên là đúng sự thật
29/01/2026 15:05:52,hoangvanlong503@gmail.com,Hoàng Văn Long,2251164503,15/01/2005,Nam,1205000503,0446507707,hoangvanlong503@sv.tlu.edu.vn,Quản trị kinh doanh,Marketing,65MKT1,năm 1,2.45,Hà Nội,561,,https://drive.google.com/file/d/1WWOldoqk3f5a46jVOSEu0iJwmGEclRh9/view?usp=drivesdk,Tôi cam kết các thông tin trên là đúng sự thật
29/01/2026 15:05:52,dothimai504@gmail.com,Đỗ Thị Mai,2251164504,21/06/2006,Nữ,1205000504,0364457807,dothimai504@sv.tlu.edu.vn,Xây dựng,Kỹ thuật xây dựng,65XDD1,năm 1,2.82,Hưng Yên,391,,https://drive.google.com/file/d/117Bp-PyVWQRIc-FQCvSD8gQhugk-Og4s/view?usp=drivesdk,Tôi cam kết các thông tin trên là đúng sự thật
29/01/2026 15:05:52,nguyenvanan505@gmail.com,Nguyễn Văn An,2251164505,15/12/2003,Nam,1205000505,0904030273,nguyenvanan505@sv.tlu.edu.vn,Cơ khí,Cơ khí chế tạo,65CK1,năm 3,2.49,Hà Nội,273,,https://drive.google.com/file/d/12xyieTyj3J8fkwi7g0fq-IyzXBw_nL5V/view?usp=drivesdk,Tôi cam kết các thông tin trên là đúng sự thật
29/01/2026 15:05:52,lethidieu506@gmail.com,Lê Thị Diệu,2251164506,24/10/2004,Nữ,1205000506,0802773994,lethidieu506@sv.tlu.edu.vn,Công nghệ thông tin,Khoa học máy tính,64CNTT1,năm 3,3.49,Nghệ An,530,,https://drive.google.com/file/d/1D1FdJqFXd8sHqfiBCAqUBE_SDiXEjydr/view?usp=drivesdk,Tôi cam kết các thông tin trên là đúng sự thật
29/01/2026 15:05:52,ngothilan507@gmail.com,Ngô Thị Lan,2251164507,04/02/2005,Nữ,1205000507,0315597682,ngothilan507@sv.tlu.edu.vn,Công nghệ thông tin,Khoa học máy tính,64CNTT1,năm 2,3.88,Nghệ An,577,,https://drive.google.com/file/d/1B6M7hoYFfHT4R4FvE_bHN3d7tgSXW_OR/view?usp=drivesdk,Tôi cam kết các thông tin trên là đúng sự thật
29/01/2026 15:05:52,vuthiphuong508@gmail.com,Vũ Thị Phương,2251164508,02/08/2005,Nữ,1205000508,0103431746,vuthiphuong508@sv.tlu.edu.vn,Công nghệ thông tin,Hệ thống thông tin,64HTTT2,năm 2,3.80,Lào Cai,442,,https://drive.google.com/file/d/19ZQPVL6I15GvGRd-RkyUBfA_ql6DP9QJ/view?usp=drivesdk,Tôi cam kết các thông tin trên là đúng sự thật
29/01/2026 15:05:52,lethidieu509@gmail.com,Lê Thị Diệu,2251164509,27/07/2004,Nữ,1205000509,0415130692,lethidieu509@sv.tlu.edu.vn,Xây dựng,Công trình thủy,65CTT1,năm 1,3.62,Gia Lai,133,,https://drive.google.com/file/d/1RIJcEaQ3vcIUHhOLVvug319TsWDbQ41R/view?usp=drivesdk,Tôi cam kết các thông tin trên là đúng sự thật
29/01/2026 15:05:52,dangvankhanh510@gmail.com,Đặng Văn Khánh,2251164510,25/08/2006,Nam,1205000510,0367359185,dangvankhanh510@sv.tlu.edu.vn,Quản trị kinh doanh,Quản trị doanh nghiệp,65QTDN1,năm 4,3.77,Nghệ An,99,,https://drive.google.com/file/d/1QWyz3AWzHEnCklwFtuLPsHNq14ur-mOJ/view?usp=drivesdk,Tôi cam kết các thông tin trên là đúng sự thật
29/01/2026 15:05:52,lethidieu511@gmail.com,Lê Thị Diệu,2251164511,13/02/2003,Nữ,1205000511,0847733362,lethidieu511@sv.tlu.edu.vn,Điện – Điện tử,Kỹ thuật điện,65D1,năm 4,2.91,Nghệ An,522,,https://drive.google.com/file/d/1ZMweU4UdFPJ4-5A91TfalKWIYKWSiTvC/view?usp=drivesdk,Tôi cam kết các thông tin trên là đúng sự thật
29/01/2026 15:05:52,dothimai512@gmail.com,Đỗ Thị Mai,2251164512,03/01/2003,Nữ,1205000512,0323373497,dothimai512@sv.tlu.edu.vn,Quản trị kinh doanh,Marketing,65MKT1,năm 2,2.57,Lào Cai,56,,https://drive.google.com/file/d/1ZuUDlIjV6GxHIcn8IS5oB0uEhM92ODBg/view?usp=drivesdk,Tôi cam kết các thông tin trên là đúng sự thật
29/01/2026 15:05:52,lethidieu513@gmail.com,Lê Thị Diệu,2251164513,30/05/2004,Nữ,1205000513,0192130160,lethidieu513@sv.tlu.edu.vn,Công nghệ thông tin,Trí tuệ nhân tạo,64AI1,năm 3,2.86,Nam Định,409,,https://drive.google.com/file/d/1zVwsaz6HQv2N8c2cTd5-Ba8NP8BVb-YU/view?usp=drivesdk,Tôi cam kết các thông tin trên là đúng sự thật
29/01/2026 15:05:52,ngothilan514@gmail.com,Ngô Thị Lan,2251164514,17/02/2006,Nữ,1205000514,0494984453,ngothilan514@sv.tlu.edu.vn,Công nghệ thông tin,Trí tuệ nhân tạo,64AI1,năm 4,2.81,Thanh Hóa,269,,https://drive.google.com/file/d/1AzRJivxyb-_jlxTBLgLLVWijpx9Iwfb3/view?usp=drivesdk,Tôi cam kết các thông tin trên là đúng sự thật
29/01/2026 15:05:52,hoangvanlong515@gmail.com,Hoàng Văn Long,2251164515,26/04/2006,Nam,1205000515,0546714516,hoangvanlong515@sv.tlu.edu.vn,Kinh tế,Kế toán,65KT1,năm 1,2.79,Lào Cai,11,,https://drive.google.com/file/d/1mJaSXjOJ3MviL3HycidK9q-xJOJu6TLc/view?usp=drivesdk,Tôi cam kết các thông tin trên là đúng sự thật
29/01/2026 15:05:52,buithihanh516@gmail.com,Bùi Thị Hạnh,2251164516,13/06/2005,Nữ,1205000516,0118208176,buithihanh516@sv.tlu.edu.vn,Quản trị kinh doanh,Quản trị doanh nghiệp,65QTDN1,năm 3,3.58,Gia Lai,320,,https://drive.google.com/file/d/16W2V0z6mqNOiCNxTlcPBseiBiJzkvm6g/view?usp=drivesdk,Tôi cam kết các thông tin trên là đúng sự thật
29/01/2026 15:05:52,ngothilan517@gmail.com,Ngô Thị Lan,2251164517,05/07/2005,Nữ,1205000517,0000202606,ngothilan517@sv.tlu.edu.vn,Công nghệ thông tin,Mạng máy tính,64MMT1,năm 4,3.47,Hà Nội,255,,https://drive.google.com/file/d/1afU7pZZFUsqym-smo7OhcDOSazNmoNGJ/view?usp=drivesdk,Tôi cam kết các thông tin trên là đúng sự thật
29/01/2026 15:05:52,dothimai518@gmail.com,Đỗ Thị Mai,2251164518,05/06/2004,Nữ,1205000518,0283782649,dothimai518@sv.tlu.edu.vn,Công nghệ thông tin,Kỹ thuật phần mềm,64KTPM1,năm 1,2.46,Hà Nội,238,,https://drive.google.com/file/d/1bxbHC6NQyKoUo6cjOkq-wec4OY3KVkO-/view?usp=drivesdk,Tôi cam kết các thông tin trên là đúng sự thật
29/01/2026 15:05:52,lethidieu519@gmail.com,Lê Thị Diệu,2251164519,01/04/2003,Nữ,1205000519,0376243995,lethidieu519@sv.tlu.edu.vn,Công nghệ thông tin,Hệ thống thông tin,64HTTT2,năm 4,3.44,Thanh Hóa,335,,https://drive.google.com/file/d/1Lnr8YYRNpnE1chDsPOA97mUvw3fT9oDo/view?usp=drivesdk,Tôi cam kết các thông tin trên là đúng sự thật
29/01/2026 15:05:52,phamvancuong520@gmail.com,Phạm Văn Cường,2251164520,31/07/2003,Nam,1205000520,0565517762,phamvancuong520@sv.tlu.edu.vn,Xây dựng,Kỹ thuật xây dựng,65XDD1,năm 4,3.49,Nghệ An,228,,https://drive.google.com/file/d/1yoBO1bfZU0pnbVQU19KRovv_qVjsD10b/view?usp=drivesdk,Tôi cam kết các thông tin trên là đúng sự thật
29/01/2026 15:05:52,tranvanbinh521@gmail.com,Trần Văn Bình,2251164521,11/05/2003,Nam,1205000521,0579855643,tranvanbinh521@sv.tlu.edu.vn,Quản trị kinh doanh,Quản trị doanh nghiệp,65QTDN1,năm 3,3.42,Lào Cai,176,,https://drive.google.com/file/d/1PcyA55KxZMTrO5mn956mV5ja9B2MsQ5y/view?usp=drivesdk,Tôi cam kết các thông tin trên là đúng sự thật
29/01/2026 15:05:52,nguyenvanan522@gmail.com,Nguyễn Văn An,2251164522,17/09/2006,Nam,1205000522,0659625584,nguyenvanan522@sv.tlu.edu.vn,Quản trị kinh doanh,Marketing,65MKT1,năm 2,3.67,Nghệ An,36,,https://drive.google.com/file/d/1H64ppqUQWOr-Wl13FPeMkPojtfBr9lDb/view?usp=drivesdk,Tôi cam kết các thông tin trên là đúng sự thật
29/01/2026 15:05:52,phamvancuong523@gmail.com,Phạm Văn Cường,2251164523,19/03/2006,Nam,1205000523,0612462227,phamvancuong523@sv.tlu.edu.vn,Công nghệ thông tin,Trí tuệ nhân tạo,64AI1,năm 1,3.86,Gia Lai,33,,https://drive.google.com/file/d/1HKGKTZ_NlyyG0HY-Ic2LCXAH0oBWmB4e/view?usp=drivesdk,Tôi cam kết các thông tin trên là đúng sự thật
29/01/2026 15:05:52,buithihanh524@gmail.com,Bùi Thị Hạnh,2251164524,19/01/2005,Nữ,1205000524,0340522712,buithihanh524@sv.tlu.edu.vn,Công nghệ thông tin,Trí tuệ nhân tạo,64AI1,năm 4,2.52,Hà Nội,25,,https://drive.google.com/file/d/1PU4C-9tKN6y7cP7c2nQf8d0my_8QCtZi/view?usp=drivesdk,Tôi cam kết các thông tin trên là đúng sự thật
29/01/2026 15:05:52,ngothilan525@gmail.com,Ngô Thị Lan,2251164525,08/07/2005,Nữ,1205000525,0042448852,ngothilan525@sv.tlu.edu.vn,Điện – Điện tử,Kỹ thuật điện,65D1,năm 1,3.35,Hà Nội,249,,https://drive.google.com/file/d/1LEbzjgMDNNDI4jR9qA_d03I6ShDG7W7j/view?usp=drivesdk,Tôi cam kết các thông tin trên là đúng sự thật
29/01/2026 15:05:52,lethidieu526@gmail.com,Lê Thị Diệu,2251164526,04/04/2005,Nữ,1205000526,0041658061,lethidieu526@sv.tlu.edu.vn,Công nghệ thông tin,Mạng máy tính,64MMT1,năm 1,2.46,Hưng Yên,190,,https://drive.google.com/file/d/1Y3C5zAAotMGB48TnDh5kyXAyA4Xcqh1x/view?usp=drivesdk,Tôi cam kết các thông tin trên là đúng sự thật
29/01/2026 15:05:52,vuthiphuong527@gmail.com,Vũ Thị Phương,2251164527,18/12/2004,Nữ,1205000527,0614948188,vuthiphuong527@sv.tlu.edu.vn,Công nghệ thông tin,Mạng máy tính,64MMT1,năm 4,2.69,Gia Lai,499,,https://drive.google.com/file/d/1wjStdtQd3LSYHDqkR7uJcsgYbSxQfJHV/view?usp=drivesdk,Tôi cam kết các thông tin trên là đúng sự thật
29/01/2026 15:05:52,tranvanbinh528@gmail.com,Trần Văn Bình,2251164528,08/04/2003,Nam,1205000528,0291778918,tranvanbinh528@sv.tlu.edu.vn,Quản trị kinh doanh,Marketing,65MKT1,năm 1,2.60,Gia Lai,185,,https://drive.google.com/file/d/12iamQ87sF91jGZb6S7c8DMbZ2uthXgiA/view?usp=drivesdk,Tôi cam kết các thông tin trên là đúng sự thật
29/01/2026 15:05:52,nguyenvanan529@gmail.com,Nguyễn Văn An,2251164529,14/05/2003,Nam,1205000529,0803949119,nguyenvanan529@sv.tlu.edu.vn,Quản trị kinh doanh,Quản trị doanh nghiệp,65QTDN1,năm 2,3.63,Nam Định,521,,https://drive.google.com/file/d/1URxlsI0Ipd0nPGzHWjQVd8oi7NcD1BF8/view?usp=drivesdk,Tôi cam kết các thông tin trên là đúng sự thật
29/01/2026 15:05:52,lethidieu530@gmail.com,Lê Thị Diệu,2251164530,30/01/2005,Nữ,1205000530,0392636123,lethidieu530@sv.tlu.edu.vn,Môi trường,Kỹ thuật môi trường,65MT1,năm 1,2.86,Nghệ An,414,,https://drive.google.com/file/d/18rY6vFvcyGNxIDVW32Kk9wZxT_x4YZS3/view?usp=drivesdk,Tôi cam kết các thông tin trên là đúng sự thật
29/01/2026 15:05:52,phamvancuong531@gmail.com,Phạm Văn Cường,2251164531,10/11/2006,Nam,1205000531,0565312430,phamvancuong531@sv.tlu.edu.vn,Điện – Điện tử,Kỹ thuật điện,65D1,năm 1,3.39,Thanh Hóa,282,,https://drive.google.com/file/d/1hGP_SMXFfC-Hf8AnB-eC9G9dgYEdILlf/view?usp=drivesdk,Tôi cam kết các thông tin trên là đúng sự thật
29/01/2026 15:05:52,lethidieu532@gmail.com,Lê Thị Diệu,2251164532,15/10/2006,Nữ,1205000532,0051226794,lethidieu532@sv.tlu.edu.vn,Quản trị kinh doanh,Quản trị doanh nghiệp,65QTDN1,năm 4,3.47,Gia Lai,423,,https://drive.google.com/file/d/1fIAkCi-8aQ2k0wXyfj0YusgNTreYmL7c/view?usp=drivesdk,Tôi cam kết các thông tin trên là đúng sự thật
29/01/2026 15:05:52,phamvancuong533@gmail.com,Phạm Văn Cường,2251164533,28/04/2006,Nam,1205000533,0466673274,phamvancuong533@sv.tlu.edu.vn,Cơ khí,Cơ khí chế tạo,65CK1,năm 3,3.59,Nam Định,215,,https://drive.google.com/file/d/10_eqOkd3_3dUVfHHg5jEJ7_781tgfPCP/view?usp=drivesdk,Tôi cam kết các thông tin trên là đúng sự thật
29/01/2026 15:05:52,ngothilan534@gmail.com,Ngô Thị Lan,2251164534,24/07/2003,Nữ,1205000534,0509292939,ngothilan534@sv.tlu.edu.vn,Xây dựng,Kỹ thuật xây dựng,65XDD1,năm 4,2.91,Lào Cai,422,,https://drive.google.com/file/d/1VP3dHKNSrz0EruCB6W0Y-torihWGEo1z/view?usp=drivesdk,Tôi cam kết các thông tin trên là đúng sự thật
29/01/2026 15:05:52,hoangvanlong535@gmail.com,Hoàng Văn Long,2251164535,23/11/2005,Nam,1205000535,0213456359,hoangvanlong535@sv.tlu.edu.vn,Quản trị kinh doanh,Marketing,65MKT1,năm 4,3.28,Lào Cai,132,,https://drive.google.com/file/d/1KhNIiqORxFGlGrJIrb0DAicdbMUaXMqE/view?usp=drivesdk,Tôi cam kết các thông tin trên là đúng sự thật
29/01/2026 15:05:52,dothimai536@gmail.com,Đỗ Thị Mai,2251164536,27/05/2006,Nữ,1205000536,0230842335,dothimai536@sv.tlu.edu.vn,Quản trị kinh doanh,Quản trị doanh nghiệp,65QTDN1,năm 2,2.81,Lào Cai,532,,https://drive.google.com/file/d/1WYj_DjrzYfuxfwuvf3MuQ-kzq7eq3nX6/view?usp=drivesdk,Tôi cam kết các thông tin trên là đúng sự thật
29/01/2026 15:05:52,dothimai537@gmail.com,Đỗ Thị Mai,2251164537,24/03/2004,Nữ,1205000537,0678697794,dothimai537@sv.tlu.edu.vn,Cơ khí,Cơ khí chế tạo,65CK1,năm 3,2.86,Hà Nội,492,,https://drive.google.com/file/d/1x_XbevpT4S3AZTf36BE-tH11jWy34Ktc/view?usp=drivesdk,Tôi cam kết các thông tin trên là đúng sự thật
29/01/2026 15:05:52,phamvancuong538@gmail.com,Phạm Văn Cường,2251164538,21/03/2003,Nam,1205000538,0332150505,phamvancuong538@sv.tlu.edu.vn,Kinh tế,Tài chính ngân hàng,65TCNH1,năm 2,3.80,Thanh Hóa,379,,https://drive.google.com/file/d/1OyyBPSjGjlTtyj2MEE5QpoVk-nQI5kq1/view?usp=drivesdk,Tôi cam kết các thông tin trên là đúng sự thật
29/01/2026 15:05:52,tranvanbinh539@gmail.com,Trần Văn Bình,2251164539,01/12/2006,Nam,1205000539,0091872197,tranvanbinh539@sv.tlu.edu.vn,Quản trị kinh doanh,Marketing,65MKT1,năm 2,3.57,Lào Cai,585,,https://drive.google.com/file/d/1ld2mwhYn0QGi3BUx46ThxOXuTOqzUMpX/view?usp=drivesdk,Tôi cam kết các thông tin trên là đúng sự thật
29/01/2026 15:05:52,dangvankhanh540@gmail.com,Đặng Văn Khánh,2251164540,30/01/2005,Nam,1205000540,0456360305,dangvankhanh540@sv.tlu.edu.vn,Môi trường,Kỹ thuật môi trường,65MT1,năm 1,2.94,Hà Nội,419,,https://drive.google.com/file/d/1b4cJ6Hx4anAq8uoba6NsByy3ykfBLbK9/view?usp=drivesdk,Tôi cam kết các thông tin trên là đúng sự thật
29/01/2026 15:05:52,dothimai541@gmail.com,Đỗ Thị Mai,2251164541,16/02/2004,Nữ,1205000541,0676595991,dothimai541@sv.tlu.edu.vn,Xây dựng,Kỹ thuật xây dựng,65XDD1,năm 3,3.56,Lào Cai,167,,https://drive.google.com/file/d/1T2DjP_B7RqUxhg-0NolEZLTFCMg1cR-p/view?usp=drivesdk,Tôi cam kết các thông tin trên là đúng sự thật
29/01/2026 15:05:52,vuthiphuong542@gmail.com,Vũ Thị Phương,2251164542,18/12/2004,Nữ,1205000542,0990336885,vuthiphuong542@sv.tlu.edu.vn,Công nghệ thông tin,Hệ thống thông tin,64HTTT2,năm 1,3.16,Hưng Yên,21,,https://drive.google.com/file/d/106uKnKU08ZFy5Pf39KVo1iHA39SfeL0a/view?usp=drivesdk,Tôi cam kết các thông tin trên là đúng sự thật
29/01/2026 15:05:52,lethidieu543@gmail.com,Lê Thị Diệu,2251164543,12/12/2005,Nữ,1205000543,0228783477,lethidieu543@sv.tlu.edu.vn,Môi trường,Kỹ thuật môi trường,65MT1,năm 1,2.53,Thanh Hóa,12,,https://drive.google.com/file/d/1Ij4decKUT5x_0XbRazeq1PRhT1VP3rOI/view?usp=drivesdk,Tôi cam kết các thông tin trên là đúng sự thật
29/01/2026 15:05:52,nguyenvanan544@gmail.com,Nguyễn Văn An,2251164544,21/06/2003,Nam,1205000544,0681726075,nguyenvanan544@sv.tlu.edu.vn,Công nghệ thông tin,Kỹ thuật phần mềm,64KTPM1,năm 2,2.68,Lào Cai,303,,https://drive.google.com/file/d/1OXS7MQ30qADM2kRGullsfo8ppdxtKhcg/view?usp=drivesdk,Tôi cam kết các thông tin trên là đúng sự thật
29/01/2026 15:05:52,tranvanbinh545@gmail.com,Trần Văn Bình,2251164545,07/11/2006,Nam,1205000545,0011622815,tranvanbinh545@sv.tlu.edu.vn,Ngôn ngữ học,Ngôn ngữ Trung,66NNT1,năm 3,3.64,Thanh Hóa,17,,https://drive.google.com/file/d/15S3G_w1q7CrCpl9ip7kzpUuwtEbEJksn/view?usp=drivesdk,Tôi cam kết các thông tin trên là đúng sự thật
29/01/2026 15:05:52,tranvanbinh546@gmail.com,Trần Văn Bình,2251164546,28/08/2005,Nam,1205000546,0228069410,tranvanbinh546@sv.tlu.edu.vn,Kinh tế,Kế toán,65KT1,năm 3,3.91,Hưng Yên,166,,https://drive.google.com/file/d/1KDeeQUA36jX-M9hkD7Z9ZNu5KjI0eyeA/view?usp=drivesdk,Tôi cam kết các thông tin trên là đúng sự thật
29/01/2026 15:05:52,lethidieu547@gmail.com,Lê Thị Diệu,2251164547,26/02/2003,Nữ,1205000547,0257989460,lethidieu547@sv.tlu.edu.vn,Cơ khí,Cơ khí chế tạo,65CK1,năm 4,2.84,Lào Cai,395,,https://drive.google.com/file/d/1NYfZb_bXwQkJ41tBnU8aNW9_gAov4_t9/view?usp=drivesdk,Tôi cam kết các thông tin trên là đúng sự thật
29/01/2026 15:05:52,buithihanh548@gmail.com,Bùi Thị Hạnh,2251164548,08/06/2005,Nữ,1205000548,0626698062,buithihanh548@sv.tlu.edu.vn,Công nghệ thông tin,Trí tuệ nhân tạo,64AI1,năm 4,2.69,Hà Nội,63,,https://drive.google.com/file/d/11I7Otm-OOsMxydbtUnJZA1Zydz6jZzUg/view?usp=drivesdk,Tôi cam kết các thông tin trên là đúng sự thật
29/01/2026 15:05:52,nguyenvanan549@gmail.com,Nguyễn Văn An,2251164549,01/07/2006,Nam,1205000549,0312958350,nguyenvanan549@sv.tlu.edu.vn,Kinh tế,Kế toán,65KT1,năm 4,3.19,Gia Lai,38,,https://drive.google.com/file/d/1gQykGq4vAFxaall9hwKEX15PP9Gq5Y5k/view?usp=drivesdk,Tôi cam kết các thông tin trên là đúng sự thật
29/01/2026 15:05:52,ngothilan550@gmail.com,Ngô Thị Lan,2251164550,14/09/2003,Nữ,1205000550,0267047518,ngothilan550@sv.tlu.edu.vn,Điện – Điện tử,Kỹ thuật điện,65D1,năm 2,2.69,Hưng Yên,75,,https://drive.google.com/file/d/1D9ikdn9lNVKN6h_q8qaKZAal-K3lM8Is/view?usp=drivesdk,Tôi cam kết các thông tin trên là đúng sự thật
29/01/2026 15:05:52,nguyenvanan551@gmail.com,Nguyễn Văn An,2251164551,27/03/2005,Nam,1205000551,0024686352,nguyenvanan551@sv.tlu.edu.vn,Môi trường,Kỹ thuật môi trường,65MT1,năm 1,3.69,Lào Cai,528,,https://drive.google.com/file/d/1E-SUFEEK4TWLKD8_23X5HjSIFVeAhDZE/view?usp=drivesdk,Tôi cam kết các thông tin trên là đúng sự thật
29/01/2026 15:05:52,hoangvanlong552@gmail.com,Hoàng Văn Long,2251164552,21/12/2003,Nam,1205000552,0447748589,hoangvanlong552@sv.tlu.edu.vn,Công nghệ thông tin,Mạng máy tính,64MMT1,năm 2,3.39,Gia Lai,199,,https://drive.google.com/file/d/1UczDIskYX5XZU55MBZaa7P-YbMvk5-i2/view?usp=drivesdk,Tôi cam kết các thông tin trên là đúng sự thật
29/01/2026 15:05:52,tranvanbinh553@gmail.com,Trần Văn Bình,2251164553,27/12/2006,Nam,1205000553,0964855276,tranvanbinh553@sv.tlu.edu.vn,Kinh tế,Tài chính ngân hàng,65TCNH1,năm 1,3.74,Nghệ An,280,,https://drive.google.com/file/d/172cZV3pcK98JVOdItJflnP4yvdDeFvf_/view?usp=drivesdk,Tôi cam kết các thông tin trên là đúng sự thật
29/01/2026 15:05:52,dothimai554@gmail.com,Đỗ Thị Mai,2251164554,05/12/2004,Nữ,1205000554,0715494966,dothimai554@sv.tlu.edu.vn,Công nghệ thông tin,Kỹ thuật phần mềm,64KTPM1,năm 2,3.17,Hà Nội,303,,https://drive.google.com/file/d/1Z_4jZtZZBA1-nbfcnw_vXawy_SeCrN4I/view?usp=drivesdk,Tôi cam kết các thông tin trên là đúng sự thật
29/01/2026 15:05:52,vuthiphuong555@gmail.com,Vũ Thị Phương,2251164555,02/10/2004,Nữ,1205000555,0785678401,vuthiphuong555@sv.tlu.edu.vn,Xây dựng,Công trình thủy,65CTT1,năm 1,2.76,Lào Cai,494,,https://drive.google.com/file/d/1m6F7v14HmqlHmlCij5rktdKL4jtam44s/view?usp=drivesdk,Tôi cam kết các thông tin trên là đúng sự thật
29/01/2026 15:05:52,phamvancuong556@gmail.com,Phạm Văn Cường,2251164556,13/02/2006,Nam,1205000556,0053805461,phamvancuong556@sv.tlu.edu.vn,Công nghệ thông tin,Kỹ thuật phần mềm,64KTPM1,năm 4,3.80,Gia Lai,296,,https://drive.google.com/file/d/1H2l-UIIT_G1YwuNYvJDx6A_AzBxSnaxi/view?usp=drivesdk,Tôi cam kết các thông tin trên là đúng sự thật
29/01/2026 15:05:52,dangvankhanh557@gmail.com,Đặng Văn Khánh,2251164557,01/04/2006,Nam,1205000557,0666522307,dangvankhanh557@sv.tlu.edu.vn,Môi trường,Kỹ thuật môi trường,65MT1,năm 1,2.41,Nam Định,36,,https://drive.google.com/file/d/1Jy0Tx_Dk6IdmV78a-iA9Fd5TTZEi34GR/view?usp=drivesdk,Tôi cam kết các thông tin trên là đúng sự thật
29/01/2026 15:05:52,vuthiphuong558@gmail.com,Vũ Thị Phương,2251164558,26/01/2006,Nữ,1205000558,0460286051,vuthiphuong558@sv.tlu.edu.vn,Kinh tế,Kinh tế xây dựng,65KTXD1,năm 2,3.62,Gia Lai,493,,https://drive.google.com/file/d/1YgcI6vfawKo0cNW5RZyglpjNxCDRuZPW/view?usp=drivesdk,Tôi cam kết các thông tin trên là đúng sự thật
29/01/2026 15:05:52,vuthiphuong559@gmail.com,Vũ Thị Phương,2251164559,06/08/2004,Nữ,1205000559,0100366792,vuthiphuong559@sv.tlu.edu.vn,Điện – Điện tử,Kỹ thuật điện,65D1,năm 2,3.34,Nghệ An,564,,https://drive.google.com/file/d/1cLTH6eZGBKM08Ki91ofsHCIs0q62PbYO/view?usp=drivesdk,Tôi cam kết các thông tin trên là đúng sự thật
29/01/2026 15:05:52,ngothilan560@gmail.com,Ngô Thị Lan,2251164560,07/11/2004,Nữ,1205000560,0809685672,ngothilan560@sv.tlu.edu.vn,Xây dựng,Kỹ thuật xây dựng,65XDD1,năm 4,3.47,Lào Cai,332,,https://drive.google.com/file/d/1p0EfWI0eIzW3RZQFF4eZwOW1g634z1Pa/view?usp=drivesdk,Tôi cam kết các thông tin trên là đúng sự thật
29/01/2026 15:05:52,buithihanh561@gmail.com,Bùi Thị Hạnh,2251164561,31/03/2004,Nữ,1205000561,0173432606,buithihanh561@sv.tlu.edu.vn,Quản trị kinh doanh,Quản trị doanh nghiệp,65QTDN1,năm 3,2.50,Hưng Yên,267,,https://drive.google.com/file/d/15p9vGDjoibKtQYZURzmFvIpDZLSHmzAU/view?usp=drivesdk,Tôi cam kết các thông tin trên là đúng sự thật
29/01/2026 15:05:52,hoangvanlong562@gmail.com,Hoàng Văn Long,2251164562,01/04/2004,Nam,1205000562,0831185589,hoangvanlong562@sv.tlu.edu.vn,Công nghệ thông tin,Kỹ thuật phần mềm,64KTPM1,năm 4,2.64,Nghệ An,440,,https://drive.google.com/file/d/1QHWez6OGsTi1eBdTZe6r2Uh7IbqdjzCZ/view?usp=drivesdk,Tôi cam kết các thông tin trên là đúng sự thật
29/01/2026 15:05:52,lethidieu563@gmail.com,Lê Thị Diệu,2251164563,12/11/2004,Nữ,1205000563,0669964253,lethidieu563@sv.tlu.edu.vn,Ngôn ngữ học,Ngôn ngữ Trung,66NNT1,năm 2,3.80,Nghệ An,377,,https://drive.google.com/file/d/17OVh-dJV1MQbYQTmapVbGEmD995wrPCJ/view?usp=drivesdk,Tôi cam kết các thông tin trên là đúng sự thật
29/01/2026 15:05:52,vuthiphuong564@gmail.com,Vũ Thị Phương,2251164564,12/03/2003,Nữ,1205000564,0005467320,vuthiphuong564@sv.tlu.edu.vn,Điện – Điện tử,Kỹ thuật điện,65D1,năm 4,3.83,Nghệ An,363,,https://drive.google.com/file/d/1qZWTI3Z1CyzZKc3ttfCeAnkJWLNCWpcc/view?usp=drivesdk,Tôi cam kết các thông tin trên là đúng sự thật
29/01/2026 15:05:52,ngothilan565@gmail.com,Ngô Thị Lan,2251164565,08/08/2006,Nữ,1205000565,0108554223,ngothilan565@sv.tlu.edu.vn,Công nghệ thông tin,Trí tuệ nhân tạo,64AI1,năm 4,3.63,Gia Lai,115,,https://drive.google.com/file/d/1cCxNrszZ_EtN0or8utXnykAJl1nSYsFy/view?usp=drivesdk,Tôi cam kết các thông tin trên là đúng sự thật
29/01/2026 15:05:52,tranvanbinh566@gmail.com,Trần Văn Bình,2251164566,21/11/2005,Nam,1205000566,0542675923,tranvanbinh566@sv.tlu.edu.vn,Kinh tế,Tài chính ngân hàng,65TCNH1,năm 2,2.86,Thanh Hóa,57,,https://drive.google.com/file/d/1YL0xzGGP1PIAEd5uvvYxZ3p06QEB815j/view?usp=drivesdk,Tôi cam kết các thông tin trên là đúng sự thật
29/01/2026 15:05:52,lethidieu567@gmail.com,Lê Thị Diệu,2251164567,09/06/2005,Nữ,1205000567,0427677146,lethidieu567@sv.tlu.edu.vn,Công nghệ thông tin,Khoa học máy tính,64CNTT1,năm 3,2.94,Nam Định,210,,https://drive.google.com/file/d/1YDXKgkuf1QQQTCEC9xNPp0xeqCHY1i3R/view?usp=drivesdk,Tôi cam kết các thông tin trên là đúng sự thật
29/01/2026 15:05:52,lethidieu568@gmail.com,Lê Thị Diệu,2251164568,31/10/2006,Nữ,1205000568,0797611361,lethidieu568@sv.tlu.edu.vn,Công nghệ thông tin,Khoa học máy tính,64CNTT1,năm 4,3.84,Hưng Yên,76,,https://drive.google.com/file/d/1f9p0-QwVLtnbjrcWWUgUtylsZP4JubjN/view?usp=drivesdk,Tôi cam kết các thông tin trên là đúng sự thật
29/01/2026 15:05:52,dothimai569@gmail.com,Đỗ Thị Mai,2251164569,27/03/2003,Nữ,1205000569,0506567177,dothimai569@sv.tlu.edu.vn,Công nghệ thông tin,Kỹ thuật phần mềm,64KTPM1,năm 4,03.04,Thanh Hóa,452,,https://drive.google.com/file/d/18Oh0Qx_Gp9BowHrhWoonD3EH_SGjyqwi/view?usp=drivesdk,Tôi cam kết các thông tin trên là đúng sự thật
29/01/2026 15:05:52,dothimai570@gmail.com,Đỗ Thị Mai,2251164570,24/06/2003,Nữ,1205000570,0447167157,dothimai570@sv.tlu.edu.vn,Xây dựng,Kỹ thuật xây dựng,65XDD1,năm 1,3.52,Nam Định,500,,https://drive.google.com/file/d/15Zy9YcCLARtENp5ZRddgvZqFWlGCfHrI/view?usp=drivesdk,Tôi cam kết các thông tin trên là đúng sự thật
29/01/2026 15:05:52,lethidieu571@gmail.com,Lê Thị Diệu,2251164571,19/03/2006,Nữ,1205000571,0743915561,lethidieu571@sv.tlu.edu.vn,Ngôn ngữ học,Ngôn ngữ Anh,66NNA1,năm 1,3.36,Nam Định,588,,https://drive.google.com/file/d/1PX3UbyuMmFafmuouXOWCgljoHz4rQVij/view?usp=drivesdk,Tôi cam kết các thông tin trên là đúng sự thật
29/01/2026 15:05:52,lethidieu572@gmail.com,Lê Thị Diệu,2251164572,14/01/2006,Nữ,1205000572,0931792561,lethidieu572@sv.tlu.edu.vn,Quản trị kinh doanh,Marketing,65MKT1,năm 1,3.80,Nghệ An,600,,https://drive.google.com/file/d/1lXpn8StPNDxorQ9vwDN5VElCgsIdCsiM/view?usp=drivesdk,Tôi cam kết các thông tin trên là đúng sự thật
29/01/2026 15:05:52,nguyenvanan573@gmail.com,Nguyễn Văn An,2251164573,02/08/2003,Nam,1205000573,0122526567,nguyenvanan573@sv.tlu.edu.vn,Công nghệ thông tin,Mạng máy tính,64MMT1,năm 1,3.57,Lào Cai,223,,https://drive.google.com/file/d/1Z__u5DQqPQfdgI_hv7No3ojjwnn2XhYy/view?usp=drivesdk,Tôi cam kết các thông tin trên là đúng sự thật
29/01/2026 15:05:52,lethidieu574@gmail.com,Lê Thị Diệu,2251164574,15/07/2006,Nữ,1205000574,0777552519,lethidieu574@sv.tlu.edu.vn,Môi trường,Kỹ thuật môi trường,65MT1,năm 2,3.72,Hà Nội,573,,https://drive.google.com/file/d/1oiQ0Odz4tQJLpIb18pLARPHW4Ujdf1V6/view?usp=drivesdk,Tôi cam kết các thông tin trên là đúng sự thật
29/01/2026 15:05:52,vuthiphuong575@gmail.com,Vũ Thị Phương,2251164575,12/01/2004,Nữ,1205000575,0855487674,vuthiphuong575@sv.tlu.edu.vn,Kinh tế,Kế toán,65KT1,năm 2,3.45,Hà Nội,279,,https://drive.google.com/file/d/1oyu0KDYiLrw41scSf_lF30ofqz5RcfyP/view?usp=drivesdk,Tôi cam kết các thông tin trên là đúng sự thật
29/01/2026 15:05:52,vuthiphuong576@gmail.com,Vũ Thị Phương,2251164576,27/08/2005,Nữ,1205000576,0911859060,vuthiphuong576@sv.tlu.edu.vn,Ngôn ngữ học,Ngôn ngữ Anh,66NNA1,năm 2,2.53,Thanh Hóa,251,,https://drive.google.com/file/d/1C9KWYgddmE2Vu4EOHfDvMhgMi3XkaaXR/view?usp=drivesdk,Tôi cam kết các thông tin trên là đúng sự thật
29/01/2026 15:05:52,buithihanh577@gmail.com,Bùi Thị Hạnh,2251164577,12/04/2006,Nữ,1205000577,0029114179,buithihanh577@sv.tlu.edu.vn,Môi trường,Kỹ thuật môi trường,65MT1,năm 3,3.63,Lào Cai,23,,https://drive.google.com/file/d/1PcgB7ON3FpfsxCORO20qQsQAVUexXfsZ/view?usp=drivesdk,Tôi cam kết các thông tin trên là đúng sự thật
29/01/2026 15:05:52,dothimai578@gmail.com,Đỗ Thị Mai,2251164578,18/04/2003,Nữ,1205000578,0101557448,dothimai578@sv.tlu.edu.vn,Cơ khí,Cơ khí chế tạo,65CK1,năm 2,3.38,Gia Lai,589,,https://drive.google.com/file/d/1-7SU9Z_YWaOKAm-z2Yqitot3CuPKwey6/view?usp=drivesdk,Tôi cam kết các thông tin trên là đúng sự thật
29/01/2026 15:05:52,phamvancuong579@gmail.com,Phạm Văn Cường,2251164579,25/08/2006,Nam,1205000579,0808337490,phamvancuong579@sv.tlu.edu.vn,Công nghệ thông tin,Hệ thống thông tin,64HTTT2,năm 3,3.43,Hà Nội,487,,https://drive.google.com/file/d/1VIkZDYCjN_R2R3oxXIJAv4mvXy9Xg-ho/view?usp=drivesdk,Tôi cam kết các thông tin trên là đúng sự thật
29/01/2026 15:05:52,buithihanh580@gmail.com,Bùi Thị Hạnh,2251164580,06/01/2004,Nữ,1205000580,0839729045,buithihanh580@sv.tlu.edu.vn,Công nghệ thông tin,Trí tuệ nhân tạo,64AI1,năm 1,3.10,Thanh Hóa,202,,https://drive.google.com/file/d/1NAZHkZ5Vz9t558aUx-5IE8rZS1fm4ymp/view?usp=drivesdk,Tôi cam kết các thông tin trên là đúng sự thật
29/01/2026 15:05:52,lethidieu581@gmail.com,Lê Thị Diệu,2251164581,06/04/2006,Nữ,1205000581,0779474958,lethidieu581@sv.tlu.edu.vn,Kinh tế,Kế toán,65KT1,năm 2,3.91,Nam Định,379,,https://drive.google.com/file/d/1tkzAT1D5g_6PiQwR9UxyvzMEb41miz1Z/view?usp=drivesdk,Tôi cam kết các thông tin trên là đúng sự thật
29/01/2026 15:05:52,dothimai582@gmail.com,Đỗ Thị Mai,2251164582,08/12/2006,Nữ,1205000582,0092480855,dothimai582@sv.tlu.edu.vn,Ngôn ngữ học,Ngôn ngữ Trung,66NNT1,năm 1,3.43,Gia Lai,401,,https://drive.google.com/file/d/1ONd5W3xSKbvUwxSsA9EIlWOAJ1uS1Zia/view?usp=drivesdk,Tôi cam kết các thông tin trên là đúng sự thật
29/01/2026 15:05:52,dothimai583@gmail.com,Đỗ Thị Mai,2251164583,01/02/2005,Nữ,1205000583,0782902685,dothimai583@sv.tlu.edu.vn,Quản trị kinh doanh,Quản trị doanh nghiệp,65QTDN1,năm 1,3.23,Nghệ An,306,,https://drive.google.com/file/d/15ya-HPYUaMnmSDQs_UGn4hIEeF3rMefo/view?usp=drivesdk,Tôi cam kết các thông tin trên là đúng sự thật
29/01/2026 15:05:52,ngothilan584@gmail.com,Ngô Thị Lan,2251164584,17/02/2006,Nữ,1205000584,0341976164,ngothilan584@sv.tlu.edu.vn,Công nghệ thông tin,Mạng máy tính,64MMT1,năm 4,2.85,Hưng Yên,214,,https://drive.google.com/file/d/1SJiI9EykC53KrORTB4VRFdvPcmyNmYqu/view?usp=drivesdk,Tôi cam kết các thông tin trên là đúng sự thật
29/01/2026 15:05:52,vuthiphuong585@gmail.com,Vũ Thị Phương,2251164585,09/04/2005,Nữ,1205000585,0455923067,vuthiphuong585@sv.tlu.edu.vn,Công nghệ thông tin,Trí tuệ nhân tạo,64AI1,năm 3,3.29,Nam Định,134,,https://drive.google.com/file/d/1LoagtbKXSwXPsXGN1PFtrDT4uql6EpGp/view?usp=drivesdk,Tôi cam kết các thông tin trên là đúng sự thật
29/01/2026 15:05:52,nguyenvanan586@gmail.com,Nguyễn Văn An,2251164586,27/10/2005,Nam,1205000586,0799963249,nguyenvanan586@sv.tlu.edu.vn,Công nghệ thông tin,Trí tuệ nhân tạo,64AI1,năm 4,3.70,Hà Nội,108,,https://drive.google.com/file/d/1AeBltvLbG3qKznlNTiGA9Pv-aYERQEPg/view?usp=drivesdk,Tôi cam kết các thông tin trên là đúng sự thật
29/01/2026 15:05:52,tranvanbinh587@gmail.com,Trần Văn Bình,2251164587,14/10/2004,Nam,1205000587,0646453925,tranvanbinh587@sv.tlu.edu.vn,Kinh tế,Kinh tế xây dựng,65KTXD1,năm 2,2.80,Thanh Hóa,372,,https://drive.google.com/file/d/1mZiv2m_vVGqpR6aAivGenfSzpHiM73xS/view?usp=drivesdk,Tôi cam kết các thông tin trên là đúng sự thật
29/01/2026 15:05:52,ngothilan588@gmail.com,Ngô Thị Lan,2251164588,11/10/2006,Nữ,1205000588,0627047299,ngothilan588@sv.tlu.edu.vn,Ngôn ngữ học,Ngôn ngữ Anh,66NNA1,năm 4,2.66,Nghệ An,450,,https://drive.google.com/file/d/1jxxhhYYSl6gdvGkJUhOS4nmwZGuLadQE/view?usp=drivesdk,Tôi cam kết các thông tin trên là đúng sự thật
29/01/2026 15:05:52,nguyenvanan589@gmail.com,Nguyễn Văn An,2251164589,04/08/2003,Nam,1205000589,0274055402,nguyenvanan589@sv.tlu.edu.vn,Công nghệ thông tin,Mạng máy tính,64MMT1,năm 2,3.94,Nam Định,15,,https://drive.google.com/file/d/1yJPe6aLzu6iKe5FCk4BrbNcnRcQAQwBk/view?usp=drivesdk,Tôi cam kết các thông tin trên là đúng sự thật
29/01/2026 15:05:52,ngothilan590@gmail.com,Ngô Thị Lan,2251164590,07/07/2004,Nữ,1205000590,0902363831,ngothilan590@sv.tlu.edu.vn,Xây dựng,Công trình thủy,65CTT1,năm 2,2.60,Gia Lai,485,,https://drive.google.com/file/d/1rGocexYUp3a3srWvGixMPsimP4zVxR_m/view?usp=drivesdk,Tôi cam kết các thông tin trên là đúng sự thật
29/01/2026 15:05:52,phamvancuong591@gmail.com,Phạm Văn Cường,2251164591,20/01/2004,Nam,1205000591,0799611323,phamvancuong591@sv.tlu.edu.vn,Công nghệ thông tin,Hệ thống thông tin,64HTTT2,năm 1,3.97,Gia Lai,427,,https://drive.google.com/file/d/1Kmw7KF41DNyKSkAe5enFBIbD76p449uy/view?usp=drivesdk,Tôi cam kết các thông tin trên là đúng sự thật
29/01/2026 15:05:52,phamvancuong592@gmail.com,Phạm Văn Cường,2251164592,13/06/2004,Nam,1205000592,0698811092,phamvancuong592@sv.tlu.edu.vn,Xây dựng,Công trình thủy,65CTT1,năm 1,2.89,Nghệ An,117,,https://drive.google.com/file/d/10-YLhNKSTw8n1UZzueO4t9cHSEXbA4f-/view?usp=drivesdk,Tôi cam kết các thông tin trên là đúng sự thật
29/01/2026 15:05:52,tranvanbinh593@gmail.com,Trần Văn Bình,2251164593,11/09/2005,Nam,1205000593,0586054808,tranvanbinh593@sv.tlu.edu.vn,Môi trường,Kỹ thuật môi trường,65MT1,năm 2,2.68,Hưng Yên,123,,https://drive.google.com/file/d/1NEy8qCP-mS_VGwhndz5AhTzT0gePboQV/view?usp=drivesdk,Tôi cam kết các thông tin trên là đúng sự thật
29/01/2026 15:05:52,vuthiphuong594@gmail.com,Vũ Thị Phương,2251164594,09/12/2006,Nữ,1205000594,0481796252,vuthiphuong594@sv.tlu.edu.vn,Công nghệ thông tin,Khoa học máy tính,64CNTT1,năm 3,2.48,Hưng Yên,429,,https://drive.google.com/file/d/1Y1dObeSrerAPg2SRwzpbfFfiVLxmj9iT/view?usp=drivesdk,Tôi cam kết các thông tin trên là đúng sự thật
29/01/2026 15:05:52,hoangvanlong595@gmail.com,Hoàng Văn Long,2251164595,19/05/2003,Nam,1205000595,0889359152,hoangvanlong595@sv.tlu.edu.vn,Quản trị kinh doanh,Marketing,65MKT1,năm 1,3.47,Thanh Hóa,84,,https://drive.google.com/file/d/1uTpMQA-UnYApcxbXwJS-mPKKOhrm6AM3/view?usp=drivesdk,Tôi cam kết các thông tin trên là đúng sự thật
29/01/2026 15:05:52,lethidieu596@gmail.com,Lê Thị Diệu,2251164596,20/10/2003,Nữ,1205000596,0355331514,lethidieu596@sv.tlu.edu.vn,Công nghệ thông tin,Khoa học máy tính,64CNTT1,năm 3,2.41,Nghệ An,230,,https://drive.google.com/file/d/1nQcxrNGaFqVbl3HXYxDrNIRye-TcOd0A/view?usp=drivesdk,Tôi cam kết các thông tin trên là đúng sự thật
29/01/2026 15:05:52,nguyenvanan597@gmail.com,Nguyễn Văn An,2251164597,01/08/2003,Nam,1205000597,0675264870,nguyenvanan597@sv.tlu.edu.vn,Môi trường,Kỹ thuật môi trường,65MT1,năm 1,3.68,Nam Định,19,,https://drive.google.com/file/d/1EGIJ3Bum1LmAfLHerFPofvhluMTAOrjC/view?usp=drivesdk,Tôi cam kết các thông tin trên là đúng sự thật
29/01/2026 15:05:52,ngothilan598@gmail.com,Ngô Thị Lan,2251164598,24/05/2003,Nữ,1205000598,0060901103,ngothilan598@sv.tlu.edu.vn,Xây dựng,Kỹ thuật xây dựng,65XDD1,năm 3,3.31,Nghệ An,428,,https://drive.google.com/file/d/1iS2cByco4RageHpPHG1sEHdRQwYvE2l3/view?usp=drivesdk,Tôi cam kết các thông tin trên là đúng sự thật
29/01/2026 15:05:52,ngothilan599@gmail.com,Ngô Thị Lan,2251164599,12/11/2004,Nữ,1205000599,0080278995,ngothilan599@sv.tlu.edu.vn,Công nghệ thông tin,Mạng máy tính,64MMT1,năm 2,3.41,Lào Cai,598,,https://drive.google.com/file/d/1KqL6ACfjcR0NB3hgPctLFoQDW6voTNRH/view?usp=drivesdk,Tôi cam kết các thông tin trên là đúng sự thật
29/01/2026 15:05:52,nguyenvanan600@gmail.com,Nguyễn Văn An,2251164600,27/05/2003,Nam,1205000600,0115703421,nguyenvanan600@sv.tlu.edu.vn,Kinh tế,Kế toán,65KT1,năm 4,3.68,Hà Nội,242,,https://drive.google.com/file/d/1fNE1VR--gZ0Y7-4Fx20g_K9_fia-SM0H/view?usp=drivesdk,Tôi cam kết các thông tin trên là đúng sự thật
29/01/2026 15:05:52,tranvanbinh601@gmail.com,Trần Văn Bình,2251164601,17/10/2003,Nam,1205000601,0041875363,tranvanbinh601@sv.tlu.edu.vn,Ngôn ngữ học,Ngôn ngữ Trung,66NNT1,năm 3,2.69,Thanh Hóa,230,,https://drive.google.com/file/d/1ExDrosy71h4rbw5CkRnwCKs11T-bmNu6/view?usp=drivesdk,Tôi cam kết các thông tin trên là đúng sự thật
29/01/2026 15:05:52,hoangvanlong602@gmail.com,Hoàng Văn Long,2251164602,24/01/2005,Nam,1205000602,0851228369,hoangvanlong602@sv.tlu.edu.vn,Quản trị kinh doanh,Quản trị doanh nghiệp,65QTDN1,năm 2,2.52,Thanh Hóa,20,,https://drive.google.com/file/d/1yfmM_lNMGNPePIwmX2-VsVEqi25LWDj_/view?usp=drivesdk,Tôi cam kết các thông tin trên là đúng sự thật
29/01/2026 15:05:52,lethidieu603@gmail.com,Lê Thị Diệu,2251164603,26/08/2003,Nữ,1205000603,0633993081,lethidieu603@sv.tlu.edu.vn,Kinh tế,Kế toán,65KT1,năm 3,3.75,Lào Cai,479,,https://drive.google.com/file/d/1xOcwWV-8DpjGQclqsyaoMNtwWJPrMSgA/view?usp=drivesdk,Tôi cam kết các thông tin trên là đúng sự thật
29/01/2026 15:05:52,lethidieu604@gmail.com,Lê Thị Diệu,2251164604,13/06/2006,Nữ,1205000604,0931770286,lethidieu604@sv.tlu.edu.vn,Điện – Điện tử,Kỹ thuật điện,65D1,năm 3,3.32,Nam Định,188,,https://drive.google.com/file/d/1SflnKyURsW-HZBaCQgnWMgow8VGNZGzQ/view?usp=drivesdk,Tôi cam kết các thông tin trên là đúng sự thật
29/01/2026 15:05:52,ngothilan605@gmail.com,Ngô Thị Lan,2251164605,20/01/2004,Nữ,1205000605,0275499361,ngothilan605@sv.tlu.edu.vn,Kinh tế,Tài chính ngân hàng,65TCNH1,năm 1,2.65,Thanh Hóa,143,,https://drive.google.com/file/d/1u8e8HxHyYg3eTBdKASYu5E6mjt2MAd2O/view?usp=drivesdk,Tôi cam kết các thông tin trên là đúng sự thật
29/01/2026 15:05:52,tranvanbinh606@gmail.com,Trần Văn Bình,2251164606,30/10/2005,Nam,1205000606,0979922182,tranvanbinh606@sv.tlu.edu.vn,Điện – Điện tử,Kỹ thuật điện,65D1,năm 1,3.11,Gia Lai,274,,https://drive.google.com/file/d/1g__xbAlyTeLJUwQvI4l7bQptcUgHboRL/view?usp=drivesdk,Tôi cam kết các thông tin trên là đúng sự thật
29/01/2026 15:05:52,dangvankhanh607@gmail.com,Đặng Văn Khánh,2251164607,27/02/2004,Nam,1205000607,0115839429,dangvankhanh607@sv.tlu.edu.vn,Xây dựng,Công trình thủy,65CTT1,năm 2,2.87,Nam Định,354,,https://drive.google.com/file/d/1S-N2EIWV2VwY6LJLl_ru42YzFAE-Bkon/view?usp=drivesdk,Tôi cam kết các thông tin trên là đúng sự thật
29/01/2026 15:05:52,dothimai608@gmail.com,Đỗ Thị Mai,2251164608,14/09/2004,Nữ,1205000608,0977388526,dothimai608@sv.tlu.edu.vn,Công nghệ thông tin,Trí tuệ nhân tạo,64AI1,năm 4,2.43,Gia Lai,20,,https://drive.google.com/file/d/1N5VKvkCWestIUrP5UeMCzhO3vkXw1E78/view?usp=drivesdk,Tôi cam kết các thông tin trên là đúng sự thật
29/01/2026 15:05:52,phamvancuong609@gmail.com,Phạm Văn Cường,2251164609,23/03/2004,Nam,1205000609,0499756882,phamvancuong609@sv.tlu.edu.vn,Công nghệ thông tin,Khoa học máy tính,64CNTT1,năm 4,3.52,Nam Định,592,,https://drive.google.com/file/d/1kwW5m5Q0teh6rgXGGn8LAaWuMcKIIIXJ/view?usp=drivesdk,Tôi cam kết các thông tin trên là đúng sự thật
29/01/2026 15:05:52,lethidieu610@gmail.com,Lê Thị Diệu,2251164610,20/12/2006,Nữ,1205000610,0696923926,lethidieu610@sv.tlu.edu.vn,Công nghệ thông tin,Kỹ thuật phần mềm,64KTPM1,năm 1,3.51,Hưng Yên,57,,https://drive.google.com/file/d/1P5J101cdKd0d_gGxcS7YVwgBWw9QJKIR/view?usp=drivesdk,Tôi cam kết các thông tin trên là đúng sự thật
29/01/2026 15:05:52,vuthiphuong611@gmail.com,Vũ Thị Phương,2251164611,28/03/2004,Nữ,1205000611,0639306947,vuthiphuong611@sv.tlu.edu.vn,Xây dựng,Kỹ thuật xây dựng,65XDD1,năm 2,3.93,Hà Nội,211,,https://drive.google.com/file/d/1huT0v2_0PW7jFRoCt1hgJWXaCzfs8Xuz/view?usp=drivesdk,Tôi cam kết các thông tin trên là đúng sự thật
29/01/2026 15:05:52,dangvankhanh612@gmail.com,Đặng Văn Khánh,2251164612,18/05/2006,Nam,1205000612,0128383528,dangvankhanh612@sv.tlu.edu.vn,Công nghệ thông tin,Kỹ thuật phần mềm,64KTPM1,năm 1,2.81,Lào Cai,42,,https://drive.google.com/file/d/1MwQtBmmVW6f_zPb50HE-zhBAfqbg1KC4/view?usp=drivesdk,Tôi cam kết các thông tin trên là đúng sự thật
29/01/2026 15:05:52,hoangvanlong613@gmail.com,Hoàng Văn Long,2251164613,08/01/2003,Nam,1205000613,0581452261,hoangvanlong613@sv.tlu.edu.vn,Xây dựng,Công trình thủy,65CTT1,năm 2,3.12,Gia Lai,498,,https://drive.google.com/file/d/1P0pC22n2NZ1O_E6oetsp9NTJcKzSYJzs/view?usp=drivesdk,Tôi cam kết các thông tin trên là đúng sự thật
29/01/2026 15:05:52,nguyenvanan614@gmail.com,Nguyễn Văn An,2251164614,01/09/2003,Nam,1205000614,0174877812,nguyenvanan614@sv.tlu.edu.vn,Công nghệ thông tin,Trí tuệ nhân tạo,64AI1,năm 2,3.71,Hà Nội,598,,https://drive.google.com/file/d/1te9LO1M-YpzEAQYcHG1PmeyfEICU7beJ/view?usp=drivesdk,Tôi cam kết các thông tin trên là đúng sự thật
29/01/2026 15:05:52,hoangvanlong615@gmail.com,Hoàng Văn Long,2251164615,06/07/2004,Nam,1205000615,0005436321,hoangvanlong615@sv.tlu.edu.vn,Công nghệ thông tin,Mạng máy tính,64MMT1,năm 3,3.26,Nghệ An,514,,https://drive.google.com/file/d/1hQ-JnuIE_8oBIpgnTnJJg9E1sE2xN7sU/view?usp=drivesdk,Tôi cam kết các thông tin trên là đúng sự thật
29/01/2026 15:05:52,vuthiphuong616@gmail.com,Vũ Thị Phương,2251164616,17/02/2006,Nữ,1205000616,0743502014,vuthiphuong616@sv.tlu.edu.vn,Công nghệ thông tin,Khoa học máy tính,64CNTT1,năm 2,03.03,Hưng Yên,425,,https://drive.google.com/file/d/1q5AlVUW4fg6Gd8T5L_-KPY27IB1Xthx4/view?usp=drivesdk,Tôi cam kết các thông tin trên là đúng sự thật
29/01/2026 15:05:52,dothimai617@gmail.com,Đỗ Thị Mai,2251164617,20/01/2003,Nữ,1205000617,0056532094,dothimai617@sv.tlu.edu.vn,Xây dựng,Công trình thủy,65CTT1,năm 2,2.48,Hưng Yên,447,,https://drive.google.com/file/d/1lW2CRJx156v-D5ed9Q9avbv0eq_YGupr/view?usp=drivesdk,Tôi cam kết các thông tin trên là đúng sự thật
29/01/2026 15:05:52,vuthiphuong618@gmail.com,Vũ Thị Phương,2251164618,11/03/2006,Nữ,1205000618,0215384996,vuthiphuong618@sv.tlu.edu.vn,Kinh tế,Kinh tế xây dựng,65KTXD1,năm 1,3.24,Nghệ An,89,,https://drive.google.com/file/d/1U5JlxhIiCozBqZioLaWxEmTK5UyPxU2O/view?usp=drivesdk,Tôi cam kết các thông tin trên là đúng sự thật
29/01/2026 15:05:52,tranvanbinh619@gmail.com,Trần Văn Bình,2251164619,02/07/2004,Nam,1205000619,0053211422,tranvanbinh619@sv.tlu.edu.vn,Xây dựng,Công trình thủy,65CTT1,năm 1,3.76,Thanh Hóa,89,,https://drive.google.com/file/d/1HJ1gm5qtsgrcCP-sxeBieb7do3zi6A-D/view?usp=drivesdk,Tôi cam kết các thông tin trên là đúng sự thật
29/01/2026 15:05:52,nguyenvanan620@gmail.com,Nguyễn Văn An,2251164620,19/01/2005,Nam,1205000620,0036427896,nguyenvanan620@sv.tlu.edu.vn,Môi trường,Kỹ thuật môi trường,65MT1,năm 3,3.60,Lào Cai,506,,https://drive.google.com/file/d/1w3b6jrWAUVsRefTyAN40FDO3KNodWkbN/view?usp=drivesdk,Tôi cam kết các thông tin trên là đúng sự thật
29/01/2026 15:05:52,nguyenvanan621@gmail.com,Nguyễn Văn An,2251164621,21/05/2004,Nam,1205000621,0017507602,nguyenvanan621@sv.tlu.edu.vn,Quản trị kinh doanh,Marketing,65MKT1,năm 1,2.61,Nam Định,520,,https://drive.google.com/file/d/1ZpJiVYXCspDC5XvhoxjiGDC_8O9G3y3-/view?usp=drivesdk,Tôi cam kết các thông tin trên là đúng sự thật
29/01/2026 15:05:52,vuthiphuong622@gmail.com,Vũ Thị Phương,2251164622,08/04/2004,Nữ,1205000622,0669717848,vuthiphuong622@sv.tlu.edu.vn,Môi trường,Kỹ thuật môi trường,65MT1,năm 4,2.81,Gia Lai,140,,https://drive.google.com/file/d/1Baxi1hHqweuEJ7aon1RR6ytMm02zHT1J/view?usp=drivesdk,Tôi cam kết các thông tin trên là đúng sự thật
29/01/2026 15:05:52,vuthiphuong623@gmail.com,Vũ Thị Phương,2251164623,23/04/2006,Nữ,1205000623,0258494752,vuthiphuong623@sv.tlu.edu.vn,Quản trị kinh doanh,Quản trị doanh nghiệp,65QTDN1,năm 4,2.73,Thanh Hóa,515,,https://drive.google.com/file/d/1AFfb9wYOTiEch0i_jBPfG8dw3mox5nar/view?usp=drivesdk,Tôi cam kết các thông tin trên là đúng sự thật
29/01/2026 15:05:52,vuthiphuong624@gmail.com,Vũ Thị Phương,2251164624,04/03/2004,Nữ,1205000624,0446229474,vuthiphuong624@sv.tlu.edu.vn,Kinh tế,Kế toán,65KT1,năm 1,2.57,Lào Cai,576,,https://drive.google.com/file/d/1xPFoad4lkm120phMIlYcCF5Qvyi8NaTt/view?usp=drivesdk,Tôi cam kết các thông tin trên là đúng sự thật
29/01/2026 15:05:52,dothimai625@gmail.com,Đỗ Thị Mai,2251164625,03/06/2006,Nữ,1205000625,0876433361,dothimai625@sv.tlu.edu.vn,Công nghệ thông tin,Trí tuệ nhân tạo,64AI1,năm 1,3.66,Hưng Yên,388,,https://drive.google.com/file/d/1nnjbCUjwg4wVzbgmdOAMiqyRDKtXPfti/view?usp=drivesdk,Tôi cam kết các thông tin trên là đúng sự thật
29/01/2026 15:05:52,nguyenvanan626@gmail.com,Nguyễn Văn An,2251164626,13/01/2003,Nam,1205000626,0234385240,nguyenvanan626@sv.tlu.edu.vn,Quản trị kinh doanh,Quản trị doanh nghiệp,65QTDN1,năm 2,3.12,Hưng Yên,139,,https://drive.google.com/file/d/19WWYw6b8ZGPAHq2voft87VlfGqpOjT3K/view?usp=drivesdk,Tôi cam kết các thông tin trên là đúng sự thật
29/01/2026 15:05:52,hoangvanlong627@gmail.com,Hoàng Văn Long,2251164627,30/10/2005,Nam,1205000627,0174232073,hoangvanlong627@sv.tlu.edu.vn,Ngôn ngữ học,Ngôn ngữ Anh,66NNA1,năm 1,2.97,Hà Nội,390,,https://drive.google.com/file/d/1wUWBLZmzCaoaVoIt4FOdQlOUly0bZ2Jd/view?usp=drivesdk,Tôi cam kết các thông tin trên là đúng sự thật
29/01/2026 15:05:52,ngothilan628@gmail.com,Ngô Thị Lan,2251164628,19/01/2005,Nữ,1205000628,0867384723,ngothilan628@sv.tlu.edu.vn,Kinh tế,Kinh tế xây dựng,65KTXD1,năm 4,3.93,Nghệ An,227,,https://drive.google.com/file/d/1TXkZ63a2lIZcceexKOOOmQeJZsFvLf6c/view?usp=drivesdk,Tôi cam kết các thông tin trên là đúng sự thật
29/01/2026 15:05:52,buithihanh629@gmail.com,Bùi Thị Hạnh,2251164629,02/09/2006,Nữ,1205000629,0676960597,buithihanh629@sv.tlu.edu.vn,Quản trị kinh doanh,Quản trị doanh nghiệp,65QTDN1,năm 1,3.30,Nam Định,87,,https://drive.google.com/file/d/1MGpAyRehJz7XojkqkUmqvpO_d-BuYj9p/view?usp=drivesdk,Tôi cam kết các thông tin trên là đúng sự thật
29/01/2026 15:05:52,tranvanbinh630@gmail.com,Trần Văn Bình,2251164630,09/09/2005,Nam,1205000630,0251431810,tranvanbinh630@sv.tlu.edu.vn,Kinh tế,Kinh tế xây dựng,65KTXD1,năm 4,2.88,Gia Lai,257,,https://drive.google.com/file/d/1EKJ2miYt8Zf733DyGwS3eoDR6QPsMu1A/view?usp=drivesdk,Tôi cam kết các thông tin trên là đúng sự thật
29/01/2026 15:05:52,nguyenvanan631@gmail.com,Nguyễn Văn An,2251164631,12/02/2006,Nam,1205000631,0611415133,nguyenvanan631@sv.tlu.edu.vn,Kinh tế,Kinh tế xây dựng,65KTXD1,năm 1,2.59,Thanh Hóa,436,,https://drive.google.com/file/d/1cMqiLnZgPYPVz2jNMTjfJaYD27KdpCaI/view?usp=drivesdk,Tôi cam kết các thông tin trên là đúng sự thật
29/01/2026 15:05:52,vuthiphuong632@gmail.com,Vũ Thị Phương,2251164632,23/02/2003,Nữ,1205000632,0909128093,vuthiphuong632@sv.tlu.edu.vn,Quản trị kinh doanh,Marketing,65MKT1,năm 3,3.68,Lào Cai,206,,https://drive.google.com/file/d/1zTAamboQfoZWMuIccP7agOqxy8a5wkxU/view?usp=drivesdk,Tôi cam kết các thông tin trên là đúng sự thật
29/01/2026 15:05:52,tranvanbinh633@gmail.com,Trần Văn Bình,2251164633,30/11/2003,Nam,1205000633,0892334930,tranvanbinh633@sv.tlu.edu.vn,Quản trị kinh doanh,Quản trị doanh nghiệp,65QTDN1,năm 3,3.41,Nam Định,340,,https://drive.google.com/file/d/1-ztawmdoH6fzPzqXXzqF6qs9Ybf1iiGg/view?usp=drivesdk,Tôi cam kết các thông tin trên là đúng sự thật
29/01/2026 15:05:52,hoangvanlong634@gmail.com,Hoàng Văn Long,2251164634,20/06/2003,Nam,1205000634,0567955702,hoangvanlong634@sv.tlu.edu.vn,Kinh tế,Kinh tế xây dựng,65KTXD1,năm 1,3.99,Nghệ An,407,,https://drive.google.com/file/d/1TCuGeFe1W-p6SxZxt79ZvEFrZbpKBrK6/view?usp=drivesdk,Tôi cam kết các thông tin trên là đúng sự thật
29/01/2026 15:05:52,dothimai635@gmail.com,Đỗ Thị Mai,2251164635,18/06/2005,Nữ,1205000635,0065178126,dothimai635@sv.tlu.edu.vn,Kinh tế,Kinh tế xây dựng,65KTXD1,năm 3,3.15,Nam Định,443,,https://drive.google.com/file/d/19zZ4qCjLV5UB0EN3hxiJ4saMPC4_iXoR/view?usp=drivesdk,Tôi cam kết các thông tin trên là đúng sự thật
29/01/2026 15:05:52,phamvancuong636@gmail.com,Phạm Văn Cường,2251164636,25/04/2006,Nam,1205000636,0615764420,phamvancuong636@sv.tlu.edu.vn,Công nghệ thông tin,Khoa học máy tính,64CNTT1,năm 4,3.63,Hà Nội,149,,https://drive.google.com/file/d/12UvKoJTBEL5xo35ciA3hQoN0AN6ro-gY/view?usp=drivesdk,Tôi cam kết các thông tin trên là đúng sự thật
29/01/2026 15:05:52,nguyenvanan637@gmail.com,Nguyễn Văn An,2251164637,29/10/2005,Nam,1205000637,0534720825,nguyenvanan637@sv.tlu.edu.vn,Công nghệ thông tin,Khoa học máy tính,64CNTT1,năm 4,2.46,Lào Cai,336,"Con thương binh, liệt sỹ",https://drive.google.com/file/d/1NGzJl-SK7z9VCW0nxCgUZxC8hoQTd7AH/view?usp=drivesdk,Tôi cam kết các thông tin trên là đúng sự thật
29/01/2026 15:05:52,dothimai638@gmail.com,Đỗ Thị Mai,2251164638,09/10/2005,Nữ,1205000638,0240180561,dothimai638@sv.tlu.edu.vn,Ngôn ngữ học,Ngôn ngữ Trung,66NNT1,năm 1,2.84,Hưng Yên,491,Vùng sâu vùng xa,https://drive.google.com/file/d/10NSsowj10ujZm595M9zm2oMDFrXqLqOf/view?usp=drivesdk,Tôi cam kết các thông tin trên là đúng sự thật
29/01/2026 15:05:52,nguyenvanan639@gmail.com,Nguyễn Văn An,2251164639,01/04/2003,Nam,1205000639,0475112269,nguyenvanan639@sv.tlu.edu.vn,Xây dựng,Kỹ thuật xây dựng,65XDD1,năm 2,2.95,Nghệ An,375,Hộ nghèo cận nghèo,https://drive.google.com/file/d/1QUZ6zvBv4SjSkSKPYQXNM9qPtC2vh3Y6/view?usp=drivesdk,Tôi cam kết các thông tin trên là đúng sự thật
29/01/2026 15:05:52,vuthiphuong640@gmail.com,Vũ Thị Phương,2251164640,01/06/2005,Nữ,1205000640,0767833418,vuthiphuong640@sv.tlu.edu.vn,Môi trường,Kỹ thuật môi trường,65MT1,năm 3,2.56,Hà Nội,283,Hộ nghèo cận nghèo,https://drive.google.com/file/d/1iH60qXrETOGbIzq08ZCfm3C64tXMfLUm/view?usp=drivesdk,Tôi cam kết các thông tin trên là đúng sự thật
29/01/2026 15:05:52,dothimai641@gmail.com,Đỗ Thị Mai,2251164641,15/09/2004,Nữ,1205000641,0884321105,dothimai641@sv.tlu.edu.vn,Kinh tế,Kế toán,65KT1,năm 3,3.00,Hưng Yên,122,,https://drive.google.com/file/d/1_MxmIhWAU7iWGen4eoQ2HtAspEPd8n4d/view?usp=drivesdk,Tôi cam kết các thông tin trên là đúng sự thật
29/01/2026 15:05:52,ngothilan642@gmail.com,Ngô Thị Lan,2251164642,18/03/2005,Nữ,1205000642,0192658161,ngothilan642@sv.tlu.edu.vn,Quản trị kinh doanh,Marketing,65MKT1,năm 3,3.45,Hưng Yên,368,Vùng sâu vùng xa,https://drive.google.com/file/d/1VEyKmbjbAqb8jkTEgrdoA04PybhQZ9eJ/view?usp=drivesdk,Tôi cam kết các thông tin trên là đúng sự thật
29/01/2026 15:05:52,ngothilan643@gmail.com,Ngô Thị Lan,2251164643,27/08/2005,Nữ,1205000643,0681878888,ngothilan643@sv.tlu.edu.vn,Công nghệ thông tin,Trí tuệ nhân tạo,64AI1,năm 1,2.73,Lào Cai,415,"Con thương binh, liệt sỹ",https://drive.google.com/file/d/1pbp1sfhaf4EeGdnoDpva-WfXYStrOX3X/view?usp=drivesdk,Tôi cam kết các thông tin trên là đúng sự thật
29/01/2026 15:05:52,dangvankhanh644@gmail.com,Đặng Văn Khánh,2251164644,10/10/2003,Nam,1205000644,0516772960,dangvankhanh644@sv.tlu.edu.vn,Ngôn ngữ học,Ngôn ngữ Anh,66NNA1,năm 4,2.65,Hưng Yên,311,"Hộ nghèo cận nghèo, Vùng sâu vùng xa",https://drive.google.com/file/d/1VJIhhK1JH4KAoHHCOS1frOYftFbUrz8y/view?usp=drivesdk,Tôi cam kết các thông tin trên là đúng sự thật
29/01/2026 15:05:52,dothimai645@gmail.com,Đỗ Thị Mai,2251164645,10/01/2003,Nữ,1205000645,0587179201,dothimai645@sv.tlu.edu.vn,Xây dựng,Kỹ thuật xây dựng,65XDD1,năm 1,3.12,Gia Lai,202,,https://drive.google.com/file/d/1gvFlDL1SE4QNPT3yzZF29QikoKubjHEm/view?usp=drivesdk,Tôi cam kết các thông tin trên là đúng sự thật
29/01/2026 15:05:52,dothimai646@gmail.com,Đỗ Thị Mai,2251164646,26/10/2004,Nữ,1205000646,0949015951,dothimai646@sv.tlu.edu.vn,Kinh tế,Tài chính ngân hàng,65TCNH1,năm 2,3.93,Gia Lai,355,Vùng sâu vùng xa,https://drive.google.com/file/d/1ML4Buv7S-CzgDSOiTSICRzVIYw8Lnn9B/view?usp=drivesdk,Tôi cam kết các thông tin trên là đúng sự thật
29/01/2026 15:05:52,nguyenvanan647@gmail.com,Nguyễn Văn An,2251164647,24/04/2005,Nam,1205000647,0775453439,nguyenvanan647@sv.tlu.edu.vn,Công nghệ thông tin,Kỹ thuật phần mềm,64KTPM1,năm 1,3.34,Lào Cai,21,"Hộ nghèo cận nghèo, Vùng sâu vùng xa",https://drive.google.com/file/d/1aM3cTAfTTAB0ROC7BAwNSZwxqIhA7FnS/view?usp=drivesdk,Tôi cam kết các thông tin trên là đúng sự thật
29/01/2026 15:05:52,tranvanbinh648@gmail.com,Trần Văn Bình,2251164648,12/04/2006,Nam,1205000648,0115749417,tranvanbinh648@sv.tlu.edu.vn,Xây dựng,Kỹ thuật xây dựng,65XDD1,năm 4,2.65,Lào Cai,380,"Con thương binh, liệt sỹ",https://drive.google.com/file/d/1116YpaF2-cMHJCzJ-AdRMEBjVI0brXoA/view?usp=drivesdk,Tôi cam kết các thông tin trên là đúng sự thật
29/01/2026 15:05:52,phamvancuong649@gmail.com,Phạm Văn Cường,2251164649,30/12/2006,Nam,1205000649,0753194868,phamvancuong649@sv.tlu.edu.vn,Cơ khí,Cơ khí chế tạo,65CK1,năm 2,3.74,Nghệ An,430,Hộ nghèo cận nghèo,https://drive.google.com/file/d/1JOn030k1E2kyrgfsmFxO316XhF1jrGiw/view?usp=drivesdk,Tôi cam kết các thông tin trên là đúng sự thật
29/01/2026 15:05:52,nguyenvanan650@gmail.com,Nguyễn Văn An,2251164650,12/11/2006,Nam,1205000650,0499825048,nguyenvanan650@sv.tlu.edu.vn,Công nghệ thông tin,Mạng máy tính,64MMT1,năm 2,2.51,Hưng Yên,110,"Con thương binh, liệt sỹ",https://drive.google.com/file/d/1SAjAEKffrWpycoV0uV4d0-VFG6c7nZxY/view?usp=drivesdk,Tôi cam kết các thông tin trên là đúng sự thật
29/01/2026 15:05:52,tranvanbinh651@gmail.com,Trần Văn Bình,2251164651,15/07/2004,Nam,1205000651,0085020949,tranvanbinh651@sv.tlu.edu.vn,Quản trị kinh doanh,Quản trị doanh nghiệp,65QTDN1,năm 4,4.00,Hà Nội,432,,https://drive.google.com/file/d/1mXEL5ewMGAxXADrzJEYKJKOHasGxQwic/view?usp=drivesdk,Tôi cam kết các thông tin trên là đúng sự thật
29/01/2026 15:05:52,lethidieu652@gmail.com,Lê Thị Diệu,2251164652,13/08/2006,Nữ,1205000652,0941695158,lethidieu652@sv.tlu.edu.vn,Quản trị kinh doanh,Marketing,65MKT1,năm 1,2.95,Hưng Yên,258,Hộ nghèo cận nghèo,https://drive.google.com/file/d/1h7-g_mXUHetgrbc5GpAjZ3KmnrlXBu3i/view?usp=drivesdk,Tôi cam kết các thông tin trên là đúng sự thật
29/01/2026 15:05:52,nguyenvanan653@gmail.com,Nguyễn Văn An,2251164653,17/01/2004,Nam,1205000653,0094487750,nguyenvanan653@sv.tlu.edu.vn,Quản trị kinh doanh,Marketing,65MKT1,năm 4,3.58,Hà Nội,34,"Con thương binh, liệt sỹ",https://drive.google.com/file/d/1KtK4uXeHxvjMI8L_NZQPUkIsfv6haWpR/view?usp=drivesdk,Tôi cam kết các thông tin trên là đúng sự thật
29/01/2026 15:05:52,tranvanbinh654@gmail.com,Trần Văn Bình,2251164654,17/11/2006,Nam,1205000654,0743348091,tranvanbinh654@sv.tlu.edu.vn,Công nghệ thông tin,Hệ thống thông tin,64HTTT2,năm 1,3.24,Hà Nội,251,Vùng sâu vùng xa,https://drive.google.com/file/d/1AOwpy31hx0wyMjIJhetPekwq2kKgARec/view?usp=drivesdk,Tôi cam kết các thông tin trên là đúng sự thật
29/01/2026 15:05:52,phamvancuong655@gmail.com,Phạm Văn Cường,2251164655,08/06/2004,Nam,1205000655,0427020678,phamvancuong655@sv.tlu.edu.vn,Kinh tế,Kinh tế xây dựng,65KTXD1,năm 1,3.31,Nam Định,306,Vùng sâu vùng xa,https://drive.google.com/file/d/1IYFeC1Ba2Hi_Jd0EsET4tx-bK7eval8V/view?usp=drivesdk,Tôi cam kết các thông tin trên là đúng sự thật
29/01/2026 15:05:52,vuthiphuong656@gmail.com,Vũ Thị Phương,2251164656,09/11/2003,Nữ,1205000656,0736417019,vuthiphuong656@sv.tlu.edu.vn,Môi trường,Kỹ thuật môi trường,65MT1,năm 4,3.10,Gia Lai,55,"Hộ nghèo cận nghèo, Vùng sâu vùng xa",https://drive.google.com/file/d/1Z5TiHsNghVEfwhcs7eIu_ecR-cWlKr8n/view?usp=drivesdk,Tôi cam kết các thông tin trên là đúng sự thật
29/01/2026 15:05:52,dangvankhanh657@gmail.com,Đặng Văn Khánh,2251164657,30/04/2006,Nam,1205000657,0840353426,dangvankhanh657@sv.tlu.edu.vn,Công nghệ thông tin,Hệ thống thông tin,64HTTT2,năm 3,2.63,Thanh Hóa,93,Vùng sâu vùng xa,https://drive.google.com/file/d/1PjZPUYZeTV3CWv1_UZquANJsHsP9fHP6/view?usp=drivesdk,Tôi cam kết các thông tin trên là đúng sự thật
29/01/2026 15:05:52,ngothilan658@gmail.com,Ngô Thị Lan,2251164658,07/05/2006,Nữ,1205000658,0793906564,ngothilan658@sv.tlu.edu.vn,Công nghệ thông tin,Hệ thống thông tin,64HTTT2,năm 1,03.02,Nghệ An,376,"Hộ nghèo cận nghèo, Vùng sâu vùng xa",https://drive.google.com/file/d/19CRs84pEwdwtgiMsSnvsvLjCFnVegfMR/view?usp=drivesdk,Tôi cam kết các thông tin trên là đúng sự thật
29/01/2026 15:05:52,ngothilan659@gmail.com,Ngô Thị Lan,2251164659,09/07/2003,Nữ,1205000659,0762133885,ngothilan659@sv.tlu.edu.vn,Kinh tế,Kinh tế xây dựng,65KTXD1,năm 4,3.53,Hà Nội,505,Vùng sâu vùng xa,https://drive.google.com/file/d/1PumjSp_odaHBotedNFYsV__v9mWLGzyQ/view?usp=drivesdk,Tôi cam kết các thông tin trên là đúng sự thật
29/01/2026 15:05:52,phamvancuong660@gmail.com,Phạm Văn Cường,2251164660,18/02/2004,Nam,1205000660,0497901681,phamvancuong660@sv.tlu.edu.vn,Công nghệ thông tin,Khoa học máy tính,64CNTT1,năm 2,3.81,Thanh Hóa,558,Hộ nghèo cận nghèo,https://drive.google.com/file/d/1K7xAEwv2iMGX1sFHhbHD6_IwMqqQMqn3/view?usp=drivesdk,Tôi cam kết các thông tin trên là đúng sự thật
29/01/2026 15:05:52,lethidieu661@gmail.com,Lê Thị Diệu,2251164661,04/09/2005,Nữ,1205000661,0177633553,lethidieu661@sv.tlu.edu.vn,Kinh tế,Tài chính ngân hàng,65TCNH1,năm 1,2.91,Hưng Yên,436,,https://drive.google.com/file/d/18rh4I0f5SRi7RZr4jtrdknv2E3pjphHs/view?usp=drivesdk,Tôi cam kết các thông tin trên là đúng sự thật
29/01/2026 15:05:52,hoangvanlong662@gmail.com,Hoàng Văn Long,2251164662,22/08/2004,Nam,1205000662,0027628720,hoangvanlong662@sv.tlu.edu.vn,Cơ khí,Cơ khí chế tạo,65CK1,năm 2,3.31,Lào Cai,390,Vùng sâu vùng xa,https://drive.google.com/file/d/1xOaXORzWpMLrNzzw4R-1oX1Z2Krn8lZn/view?usp=drivesdk,Tôi cam kết các thông tin trên là đúng sự thật
29/01/2026 15:05:52,dothimai663@gmail.com,Đỗ Thị Mai,2251164663,19/08/2004,Nữ,1205000663,0727110184,dothimai663@sv.tlu.edu.vn,Ngôn ngữ học,Ngôn ngữ Anh,66NNA1,năm 2,2.66,Thanh Hóa,586,"Hộ nghèo cận nghèo, Vùng sâu vùng xa",https://drive.google.com/file/d/1jI4TdcNhFpXP1qDLaXSjIhPLLZnAaqqd/view?usp=drivesdk,Tôi cam kết các thông tin trên là đúng sự thật
29/01/2026 15:05:52,nguyenvanan664@gmail.com,Nguyễn Văn An,2251164664,04/09/2005,Nam,1205000664,0941619649,nguyenvanan664@sv.tlu.edu.vn,Công nghệ thông tin,Kỹ thuật phần mềm,64KTPM1,năm 4,2.97,Lào Cai,174,Hộ nghèo cận nghèo,https://drive.google.com/file/d/1WGq-6uJWpmiHMlEq1Rcu_8zmM3lC0Blk/view?usp=drivesdk,Tôi cam kết các thông tin trên là đúng sự thật
29/01/2026 15:05:52,dothimai665@gmail.com,Đỗ Thị Mai,2251164665,07/04/2005,Nữ,1205000665,0281612664,dothimai665@sv.tlu.edu.vn,Ngôn ngữ học,Ngôn ngữ Trung,66NNT1,năm 4,3.93,Nghệ An,411,"Con thương binh, liệt sỹ",https://drive.google.com/file/d/12TiMwG5yTOK9A6htFMMw3fRuXCxMNakP/view?usp=drivesdk,Tôi cam kết các thông tin trên là đúng sự thật
29/01/2026 15:05:52,vuthiphuong666@gmail.com,Vũ Thị Phương,2251164666,06/03/2004,Nữ,1205000666,0880732866,vuthiphuong666@sv.tlu.edu.vn,Cơ khí,Cơ khí chế tạo,65CK1,năm 4,3.67,Hưng Yên,462,"Con thương binh, liệt sỹ",https://drive.google.com/file/d/1m0G71LsdLVUi97YCbktDSYgNhRqnRBZr/view?usp=drivesdk,Tôi cam kết các thông tin trên là đúng sự thật
29/01/2026 15:05:52,tranvanbinh667@gmail.com,Trần Văn Bình,2251164667,28/05/2006,Nam,1205000667,0826774995,tranvanbinh667@sv.tlu.edu.vn,Quản trị kinh doanh,Marketing,65MKT1,năm 4,2.73,Gia Lai,405,Hộ nghèo cận nghèo,https://drive.google.com/file/d/1BaZt8xxBWd5bz-QAsfPQwZ-U7jYlFA6k/view?usp=drivesdk,Tôi cam kết các thông tin trên là đúng sự thật
29/01/2026 15:05:52,hoangvanlong668@gmail.com,Hoàng Văn Long,2251164668,29/08/2004,Nam,1205000668,0771739575,hoangvanlong668@sv.tlu.edu.vn,Công nghệ thông tin,Mạng máy tính,64MMT1,năm 2,3.44,Gia Lai,499,Vùng sâu vùng xa,https://drive.google.com/file/d/1RFeP00Kvm2bYi5HLn1SLdSJuFRMr0cxu/view?usp=drivesdk,Tôi cam kết các thông tin trên là đúng sự thật
29/01/2026 15:05:52,nguyenvanan669@gmail.com,Nguyễn Văn An,2251164669,28/10/2003,Nam,1205000669,0284537904,nguyenvanan669@sv.tlu.edu.vn,Quản trị kinh doanh,Quản trị doanh nghiệp,65QTDN1,năm 1,2.43,Lào Cai,70,Vùng sâu vùng xa,https://drive.google.com/file/d/1pY-1znjiMJJrrNgP4Za8fCaIaHC6ZIWX/view?usp=drivesdk,Tôi cam kết các thông tin trên là đúng sự thật
29/01/2026 15:05:52,dothimai670@gmail.com,Đỗ Thị Mai,2251164670,25/06/2003,Nữ,1205000670,0257910233,dothimai670@sv.tlu.edu.vn,Công nghệ thông tin,Trí tuệ nhân tạo,64AI1,năm 3,2.60,Gia Lai,538,Vùng sâu vùng xa,https://drive.google.com/file/d/1dDRuQQUMWwvBbU6a0Yqr2s3LdJ15w6rk/view?usp=drivesdk,Tôi cam kết các thông tin trên là đúng sự thật
29/01/2026 15:05:52,lethidieu671@gmail.com,Lê Thị Diệu,2251164671,02/10/2004,Nữ,1205000671,0784745055,lethidieu671@sv.tlu.edu.vn,Ngôn ngữ học,Ngôn ngữ Anh,66NNA1,năm 4,3.98,Lào Cai,200,Hộ nghèo cận nghèo,https://drive.google.com/file/d/1SmmpRA2eUmpbuNvdjCtoXGZirlSRv7qV/view?usp=drivesdk,Tôi cam kết các thông tin trên là đúng sự thật
29/01/2026 15:05:52,vuthiphuong672@gmail.com,Vũ Thị Phương,2251164672,02/10/2003,Nữ,1205000672,0473003675,vuthiphuong672@sv.tlu.edu.vn,Kinh tế,Tài chính ngân hàng,65TCNH1,năm 2,2.59,Nam Định,12,Vùng sâu vùng xa,https://drive.google.com/file/d/1fP3fe7f-6hTALXk4tbq5swNd4bUnDI5D/view?usp=drivesdk,Tôi cam kết các thông tin trên là đúng sự thật
29/01/2026 15:05:52,hoangvanlong673@gmail.com,Hoàng Văn Long,2251164673,26/03/2006,Nam,1205000673,0522569767,hoangvanlong673@sv.tlu.edu.vn,Xây dựng,Công trình thủy,65CTT1,năm 3,2.77,Hưng Yên,87,"Con thương binh, liệt sỹ",https://drive.google.com/file/d/1lvnybocyDCfObjRSA8NEPePMz4aUyuYn/view?usp=drivesdk,Tôi cam kết các thông tin trên là đúng sự thật
29/01/2026 15:05:52,lethidieu674@gmail.com,Lê Thị Diệu,2251164674,12/07/2005,Nữ,1205000674,0532380020,lethidieu674@sv.tlu.edu.vn,Kinh tế,Tài chính ngân hàng,65TCNH1,năm 3,3.99,Lào Cai,449,,https://drive.google.com/file/d/1I6XRwawxwqarydWC6Ef36mUHKRsFQoyl/view?usp=drivesdk,Tôi cam kết các thông tin trên là đúng sự thật
29/01/2026 15:05:52,nguyenvanan675@gmail.com,Nguyễn Văn An,2251164675,24/01/2006,Nam,1205000675,0020061763,nguyenvanan675@sv.tlu.edu.vn,Xây dựng,Kỹ thuật xây dựng,65XDD1,năm 4,2.89,Nam Định,36,"Hộ nghèo cận nghèo, Vùng sâu vùng xa",https://drive.google.com/file/d/1032Po5d21GWGA49FVzjeswBcKpR4W5d4/view?usp=drivesdk,Tôi cam kết các thông tin trên là đúng sự thật
29/01/2026 15:05:52,phamvancuong676@gmail.com,Phạm Văn Cường,2251164676,18/09/2006,Nam,1205000676,0930266477,phamvancuong676@sv.tlu.edu.vn,Ngôn ngữ học,Ngôn ngữ Trung,66NNT1,năm 3,3.89,Hà Nội,527,Hộ nghèo cận nghèo,https://drive.google.com/file/d/13qxXdF-SppH_3GgM4vP5ts4EfMvePuHl/view?usp=drivesdk,Tôi cam kết các thông tin trên là đúng sự thật
29/01/2026 15:05:52,phamvancuong677@gmail.com,Phạm Văn Cường,2251164677,14/06/2006,Nam,1205000677,0480513533,phamvancuong677@sv.tlu.edu.vn,Ngôn ngữ học,Ngôn ngữ Trung,66NNT1,năm 2,3.83,Hà Nội,447,,https://drive.google.com/file/d/1sAHmPFM9WRgNZwRq3gx3kdT_bkId1WO0/view?usp=drivesdk,Tôi cam kết các thông tin trên là đúng sự thật
29/01/2026 15:05:52,dangvankhanh678@gmail.com,Đặng Văn Khánh,2251164678,05/12/2006,Nam,1205000678,0252804752,dangvankhanh678@sv.tlu.edu.vn,Quản trị kinh doanh,Marketing,65MKT1,năm 4,3.28,Hưng Yên,142,"Con thương binh, liệt sỹ",https://drive.google.com/file/d/1_neWEG7h0NnU51hBHynedP85uNRn1rWp/view?usp=drivesdk,Tôi cam kết các thông tin trên là đúng sự thật
29/01/2026 15:05:52,hoangvanlong679@gmail.com,Hoàng Văn Long,2251164679,04/06/2004,Nam,1205000679,0282270579,hoangvanlong679@sv.tlu.edu.vn,Công nghệ thông tin,Hệ thống thông tin,64HTTT2,năm 1,3.27,Hà Nội,210,"Hộ nghèo cận nghèo, Vùng sâu vùng xa",https://drive.google.com/file/d/1MjGIVV_-_SW1OS_ZrmF0P8oyHL9Exy5x/view?usp=drivesdk,Tôi cam kết các thông tin trên là đúng sự thật
29/01/2026 15:05:52,phamvancuong680@gmail.com,Phạm Văn Cường,2251164680,14/11/2006,Nam,1205000680,0674655891,phamvancuong680@sv.tlu.edu.vn,Ngôn ngữ học,Ngôn ngữ Anh,66NNA1,năm 4,3.34,Nam Định,490,"Con thương binh, liệt sỹ",https://drive.google.com/file/d/1degR9WmRz2Xz5QRJyRjLfT_7gvcYwcki/view?usp=drivesdk,Tôi cam kết các thông tin trên là đúng sự thật
29/01/2026 15:05:52,buithihanh681@gmail.com,Bùi Thị Hạnh,2251164681,20/06/2006,Nữ,1205000681,0821904733,buithihanh681@sv.tlu.edu.vn,Kinh tế,Kế toán,65KT1,năm 1,3.31,Hưng Yên,439,"Hộ nghèo cận nghèo, Vùng sâu vùng xa",https://drive.google.com/file/d/1WyUKp6tS25DrUnufWTJ5TQP0uLn0qLx9/view?usp=drivesdk,Tôi cam kết các thông tin trên là đúng sự thật
29/01/2026 15:05:52,hoangvanlong682@gmail.com,Hoàng Văn Long,2251164682,06/10/2003,Nam,1205000682,0031984050,hoangvanlong682@sv.tlu.edu.vn,Công nghệ thông tin,Mạng máy tính,64MMT1,năm 4,3.75,Hà Nội,226,"Hộ nghèo cận nghèo, Vùng sâu vùng xa",https://drive.google.com/file/d/1yc5L6nED8MPNB1T5VMfwVQacgtOvbARK/view?usp=drivesdk,Tôi cam kết các thông tin trên là đúng sự thật
29/01/2026 15:05:52,phamvancuong683@gmail.com,Phạm Văn Cường,2251164683,09/01/2004,Nam,1205000683,0295586032,phamvancuong683@sv.tlu.edu.vn,Kinh tế,Kế toán,65KT1,năm 2,3.51,Hưng Yên,519,,https://drive.google.com/file/d/1IVjfxWVI2MEZ5jWzafZA6ppXfccX7kEF/view?usp=drivesdk,Tôi cam kết các thông tin trên là đúng sự thật
29/01/2026 15:05:52,buithihanh684@gmail.com,Bùi Thị Hạnh,2251164684,09/10/2005,Nữ,1205000684,0044422058,buithihanh684@sv.tlu.edu.vn,Ngôn ngữ học,Ngôn ngữ Anh,66NNA1,năm 3,3.48,Gia Lai,325,"Hộ nghèo cận nghèo, Vùng sâu vùng xa",https://drive.google.com/file/d/1ljVr0IKZsGyNmBPYpxMSE-AtjhAV38_d/view?usp=drivesdk,Tôi cam kết các thông tin trên là đúng sự thật
29/01/2026 15:05:52,hoangvanlong685@gmail.com,Hoàng Văn Long,2251164685,13/04/2006,Nam,1205000685,0941839401,hoangvanlong685@sv.tlu.edu.vn,Công nghệ thông tin,Hệ thống thông tin,64HTTT2,năm 2,3.50,Hưng Yên,88,"Hộ nghèo cận nghèo, Vùng sâu vùng xa",https://drive.google.com/file/d/15tW0qXWLMfnTg3kIJBFQ7y6hctPWWoW9/view?usp=drivesdk,Tôi cam kết các thông tin trên là đúng sự thật
29/01/2026 15:05:52,ngothilan686@gmail.com,Ngô Thị Lan,2251164686,15/10/2006,Nữ,1205000686,0386708276,ngothilan686@sv.tlu.edu.vn,Kinh tế,Tài chính ngân hàng,65TCNH1,năm 1,2.56,Nam Định,286,"Con thương binh, liệt sỹ",https://drive.google.com/file/d/1vQJ3HWiguPu9kGo5ViUCU64Gp92bUg3P/view?usp=drivesdk,Tôi cam kết các thông tin trên là đúng sự thật
29/01/2026 15:05:52,vuthiphuong687@gmail.com,Vũ Thị Phương,2251164687,15/10/2003,Nữ,1205000687,0844930522,vuthiphuong687@sv.tlu.edu.vn,Công nghệ thông tin,Kỹ thuật phần mềm,64KTPM1,năm 1,2.85,Hà Nội,187,Hộ nghèo cận nghèo,https://drive.google.com/file/d/1SJHn8xjKDBtkwTCy1Gm-qKu0oCldeUsr/view?usp=drivesdk,Tôi cam kết các thông tin trên là đúng sự thật
29/01/2026 15:05:52,hoangvanlong688@gmail.com,Hoàng Văn Long,2251164688,18/06/2005,Nam,1205000688,0808345930,hoangvanlong688@sv.tlu.edu.vn,Ngôn ngữ học,Ngôn ngữ Trung,66NNT1,năm 2,2.55,Hưng Yên,555,Vùng sâu vùng xa,https://drive.google.com/file/d/1qMyWEnRkLVc0Xq9Xdz8RO3PpwGUzNHEz/view?usp=drivesdk,Tôi cam kết các thông tin trên là đúng sự thật
29/01/2026 15:05:52,buithihanh689@gmail.com,Bùi Thị Hạnh,2251164689,06/05/2003,Nữ,1205000689,0931429958,buithihanh689@sv.tlu.edu.vn,Công nghệ thông tin,Hệ thống thông tin,64HTTT2,năm 1,2.42,Nghệ An,280,Hộ nghèo cận nghèo,https://drive.google.com/file/d/1kW4XwWXZWt2mnI3-_kGG9NrSBUoY4L33/view?usp=drivesdk,Tôi cam kết các thông tin trên là đúng sự thật
29/01/2026 15:05:52,lethidieu690@gmail.com,Lê Thị Diệu,2251164690,22/08/2004,Nữ,1205000690,0641786723,lethidieu690@sv.tlu.edu.vn,Kinh tế,Kinh tế xây dựng,65KTXD1,năm 4,3.72,Nghệ An,527,Vùng sâu vùng xa,https://drive.google.com/file/d/19g-GN6QmckVFO-siCWRYdy3PVGlO1upI/view?usp=drivesdk,Tôi cam kết các thông tin trên là đúng sự thật
29/01/2026 15:05:52,dangvankhanh691@gmail.com,Đặng Văn Khánh,2251164691,16/07/2005,Nam,1205000691,0850531097,dangvankhanh691@sv.tlu.edu.vn,Kinh tế,Tài chính ngân hàng,65TCNH1,năm 2,2.64,Nghệ An,544,"Hộ nghèo cận nghèo, Vùng sâu vùng xa",https://drive.google.com/file/d/1iR2IZtacS9X94-pPRJRXhLWRUt24dAWO/view?usp=drivesdk,Tôi cam kết các thông tin trên là đúng sự thật
29/01/2026 15:05:52,phamvancuong692@gmail.com,Phạm Văn Cường,2251164692,08/09/2003,Nam,1205000692,0567018814,phamvancuong692@sv.tlu.edu.vn,Ngôn ngữ học,Ngôn ngữ Anh,66NNA1,năm 3,3.52,Lào Cai,181,"Con thương binh, liệt sỹ",https://drive.google.com/file/d/1bIV0GfWQ5mexxCLQ99agxl8ACK--KVFx/view?usp=drivesdk,Tôi cam kết các thông tin trên là đúng sự thật
29/01/2026 15:05:52,vuthiphuong693@gmail.com,Vũ Thị Phương,2251164693,04/04/2005,Nữ,1205000693,0732802924,vuthiphuong693@sv.tlu.edu.vn,Công nghệ thông tin,Kỹ thuật phần mềm,64KTPM1,năm 4,2.91,Thanh Hóa,474,"Hộ nghèo cận nghèo, Vùng sâu vùng xa",https://drive.google.com/file/d/1tlTwz4yJMHU_fiIkFkjXZWPc3ySHJCb4/view?usp=drivesdk,Tôi cam kết các thông tin trên là đúng sự thật
29/01/2026 15:05:52,vuthiphuong694@gmail.com,Vũ Thị Phương,2251164694,11/01/2003,Nữ,1205000694,0539386323,vuthiphuong694@sv.tlu.edu.vn,Xây dựng,Công trình thủy,65CTT1,năm 1,3.20,Hưng Yên,415,Vùng sâu vùng xa,https://drive.google.com/file/d/1IXyvSNLjhtldSmLyfHaUkOwbU35xOhUu/view?usp=drivesdk,Tôi cam kết các thông tin trên là đúng sự thật
29/01/2026 15:05:52,hoangvanlong695@gmail.com,Hoàng Văn Long,2251164695,22/09/2006,Nam,1205000695,0320046781,hoangvanlong695@sv.tlu.edu.vn,Môi trường,Kỹ thuật môi trường,65MT1,năm 2,2.80,Nam Định,226,,https://drive.google.com/file/d/1AbRY95oaJ1jI3hWUL9a03PfOAN4ha0h9/view?usp=drivesdk,Tôi cam kết các thông tin trên là đúng sự thật
29/01/2026 15:05:52,dothimai696@gmail.com,Đỗ Thị Mai,2251164696,10/10/2006,Nữ,1205000696,0315602233,dothimai696@sv.tlu.edu.vn,Công nghệ thông tin,Hệ thống thông tin,64HTTT2,năm 1,2.47,Hưng Yên,339,,https://drive.google.com/file/d/1ieIp3dLOqYapoNqrgLL1rP9lftCNzn7r/view?usp=drivesdk,Tôi cam kết các thông tin trên là đúng sự thật
29/01/2026 15:05:52,nguyenvanan697@gmail.com,Nguyễn Văn An,2251164697,30/03/2003,Nam,1205000697,0552139743,nguyenvanan697@sv.tlu.edu.vn,Công nghệ thông tin,Khoa học máy tính,64CNTT1,năm 2,3.65,Lào Cai,393,,https://drive.google.com/file/d/1KfoiuPjsZ5VSwePrad9FpMiC2urWcMPL/view?usp=drivesdk,Tôi cam kết các thông tin trên là đúng sự thật
29/01/2026 15:05:52,buithihanh698@gmail.com,Bùi Thị Hạnh,2251164698,18/06/2005,Nữ,1205000698,0009777975,buithihanh698@sv.tlu.edu.vn,Công nghệ thông tin,Mạng máy tính,64MMT1,năm 4,3.29,Hưng Yên,312,,https://drive.google.com/file/d/1zFjVWpXxSy9GMJobokSelc3wBYudcs13/view?usp=drivesdk,Tôi cam kết các thông tin trên là đúng sự thật
29/01/2026 15:05:52,lethidieu699@gmail.com,Lê Thị Diệu,2251164699,06/12/2006,Nữ,1205000699,0075298772,lethidieu699@sv.tlu.edu.vn,Cơ khí,Cơ khí chế tạo,65CK1,năm 1,3.62,Lào Cai,203,,https://drive.google.com/file/d/1AmERMubLcOJNP11fKzlqsq3iqqGcHEp7/view?usp=drivesdk,Tôi cam kết các thông tin trên là đúng sự thật
29/01/2026 15:05:52,dothimai700@gmail.com,Đỗ Thị Mai,2251164700,31/07/2006,Nữ,1205000700,0326654299,dothimai700@sv.tlu.edu.vn,Kinh tế,Kế toán,65KT1,năm 4,3.99,Hưng Yên,138,,https://drive.google.com/file/d/1qInq9prrHKDq9Wf43QfhjkMZQMoQSD5V/view?usp=drivesdk,Tôi cam kết các thông tin trên là đúng sự thật
29/01/2026 15:05:52,dangvankhanh701@gmail.com,Đặng Văn Khánh,2251164701,17/07/2006,Nam,1205000701,0052160719,dangvankhanh701@sv.tlu.edu.vn,Kinh tế,Kế toán,65KT1,năm 3,3.15,Hà Nội,541,,https://drive.google.com/file/d/1tWpf-3U_K_BaApvhSjcASKWBu4Np1tZf/view?usp=drivesdk,Tôi cam kết các thông tin trên là đúng sự thật
29/01/2026 15:05:52,phamvancuong702@gmail.com,Phạm Văn Cường,2251164702,06/02/2005,Nam,1205000702,0898331401,phamvancuong702@sv.tlu.edu.vn,Kinh tế,Kinh tế xây dựng,65KTXD1,năm 2,3.61,Nam Định,227,,https://drive.google.com/file/d/1UKjIM3XX77x68IIy5c7Xln2JbcHccSZ4/view?usp=drivesdk,Tôi cam kết các thông tin trên là đúng sự thật
29/01/2026 15:05:52,dangvankhanh703@gmail.com,Đặng Văn Khánh,2251164703,28/04/2006,Nam,1205000703,0931912970,dangvankhanh703@sv.tlu.edu.vn,Công nghệ thông tin,Kỹ thuật phần mềm,64KTPM1,năm 2,2.47,Gia Lai,28,,https://drive.google.com/file/d/1YzBYeIfy-teX5nUtJ4zAS_wtmUYfni1a/view?usp=drivesdk,Tôi cam kết các thông tin trên là đúng sự thật
29/01/2026 15:05:52,tranvanbinh704@gmail.com,Trần Văn Bình,2251164704,10/07/2006,Nam,1205000704,0454436991,tranvanbinh704@sv.tlu.edu.vn,Kinh tế,Kinh tế xây dựng,65KTXD1,năm 4,2.41,Gia Lai,341,,https://drive.google.com/file/d/1ChqCDHpDkaqmAWaG_ZM8e-VAONa_DNDn/view?usp=drivesdk,Tôi cam kết các thông tin trên là đúng sự thật
29/01/2026 15:05:52,ngothilan705@gmail.com,Ngô Thị Lan,2251164705,21/07/2004,Nữ,1205000705,0454117845,ngothilan705@sv.tlu.edu.vn,Quản trị kinh doanh,Quản trị doanh nghiệp,65QTDN1,năm 2,03.07,Lào Cai,106,,https://drive.google.com/file/d/1_Iqe0JRHiJZx0KpvEkb6xdzAY7w-q9VK/view?usp=drivesdk,Tôi cam kết các thông tin trên là đúng sự thật
29/01/2026 15:05:52,nguyenvanan706@gmail.com,Nguyễn Văn An,2251164706,09/01/2006,Nam,1205000706,0023455598,nguyenvanan706@sv.tlu.edu.vn,Xây dựng,Kỹ thuật xây dựng,65XDD1,năm 2,2.96,Nghệ An,410,,https://drive.google.com/file/d/1YqavQw2POzD-FGJW_w_VGsmnJwa6sUU7/view?usp=drivesdk,Tôi cam kết các thông tin trên là đúng sự thật
29/01/2026 15:05:52,phamvancuong707@gmail.com,Phạm Văn Cường,2251164707,25/05/2004,Nam,1205000707,0148669804,phamvancuong707@sv.tlu.edu.vn,Xây dựng,Công trình thủy,65CTT1,năm 2,3.62,Thanh Hóa,110,,https://drive.google.com/file/d/1NjrBsDktyEJ8uFE8EGGcBGRhpgv9g2nm/view?usp=drivesdk,Tôi cam kết các thông tin trên là đúng sự thật
29/01/2026 15:05:52,hoangvanlong708@gmail.com,Hoàng Văn Long,2251164708,02/12/2006,Nam,1205000708,0540272086,hoangvanlong708@sv.tlu.edu.vn,Xây dựng,Công trình thủy,65CTT1,năm 3,2.63,Nam Định,469,,https://drive.google.com/file/d/1KryxZYGVIsoirbr-aXnOSe_NSOaW29zH/view?usp=drivesdk,Tôi cam kết các thông tin trên là đúng sự thật
29/01/2026 15:05:52,hoangvanlong709@gmail.com,Hoàng Văn Long,2251164709,27/12/2005,Nam,1205000709,0322671098,hoangvanlong709@sv.tlu.edu.vn,Ngôn ngữ học,Ngôn ngữ Trung,66NNT1,năm 3,3.99,Nam Định,475,"Con thương binh, liệt sỹ",https://drive.google.com/file/d/15ea6Duw0dIOKAe2AhCfOlfhwi9TOAoTX/view?usp=drivesdk,Tôi cam kết các thông tin trên là đúng sự thật
29/01/2026 15:05:52,ngothilan710@gmail.com,Ngô Thị Lan,2251164710,06/06/2006,Nữ,1205000710,0182516605,ngothilan710@sv.tlu.edu.vn,Công nghệ thông tin,Hệ thống thông tin,64HTTT2,năm 2,03.08,Lào Cai,35,"Hộ nghèo cận nghèo, Vùng sâu vùng xa",https://drive.google.com/file/d/1xpR6GRqyceiCyCAJvlEEvP_eF78vX81F/view?usp=drivesdk,Tôi cam kết các thông tin trên là đúng sự thật
29/01/2026 15:05:52,ngothilan711@gmail.com,Ngô Thị Lan,2251164711,23/02/2004,Nữ,1205000711,0440880092,ngothilan711@sv.tlu.edu.vn,Cơ khí,Cơ khí chế tạo,65CK1,năm 2,2.90,Thanh Hóa,505,Hộ nghèo cận nghèo,https://drive.google.com/file/d/1NKaCkBrJIw7A2SjTB5ihcfTBB6I9hLAG/view?usp=drivesdk,Tôi cam kết các thông tin trên là đúng sự thật
29/01/2026 15:05:52,buithihanh712@gmail.com,Bùi Thị Hạnh,2251164712,17/11/2003,Nữ,1205000712,0958125914,buithihanh712@sv.tlu.edu.vn,Điện – Điện tử,Kỹ thuật điện,65D1,năm 3,2.87,Nghệ An,337,Vùng sâu vùng xa,https://drive.google.com/file/d/1lri3UyFoIIVhd_P85gkRCkwmlNsRV6gk/view?usp=drivesdk,Tôi cam kết các thông tin trên là đúng sự thật
29/01/2026 15:05:52,tranvanbinh713@gmail.com,Trần Văn Bình,2251164713,10/06/2006,Nam,1205000713,0887896062,tranvanbinh713@sv.tlu.edu.vn,Công nghệ thông tin,Khoa học máy tính,64CNTT1,năm 4,3.65,Nghệ An,57,"Hộ nghèo cận nghèo, Vùng sâu vùng xa",https://drive.google.com/file/d/1F4_iQgZ9F-V1-BXFmUQhsOrDL10iP3hE/view?usp=drivesdk,Tôi cam kết các thông tin trên là đúng sự thật
29/01/2026 15:05:52,ngothilan714@gmail.com,Ngô Thị Lan,2251164714,16/02/2004,Nữ,1205000714,0272098153,ngothilan714@sv.tlu.edu.vn,Cơ khí,Cơ khí chế tạo,65CK1,năm 1,3.84,Nghệ An,41,Hộ nghèo cận nghèo,https://drive.google.com/file/d/1qTaemBNCERpDmQONg0N6ILKHozx1AEJ0/view?usp=drivesdk,Tôi cam kết các thông tin trên là đúng sự thật
29/01/2026 15:05:52,vuthiphuong715@gmail.com,Vũ Thị Phương,2251164715,06/01/2006,Nữ,1205000715,0728125413,vuthiphuong715@sv.tlu.edu.vn,Kinh tế,Tài chính ngân hàng,65TCNH1,năm 2,2.68,Thanh Hóa,115,"Con thương binh, liệt sỹ",https://drive.google.com/file/d/1X7AiWAUkvquhQ2aDim5T9zNbMIivfuWl/view?usp=drivesdk,Tôi cam kết các thông tin trên là đúng sự thật
29/01/2026 15:05:52,buithihanh716@gmail.com,Bùi Thị Hạnh,2251164716,10/12/2004,Nữ,1205000716,0402328590,buithihanh716@sv.tlu.edu.vn,Kinh tế,Kế toán,65KT1,năm 4,2.61,Nghệ An,277,"Hộ nghèo cận nghèo, Vùng sâu vùng xa",https://drive.google.com/file/d/1gq4uYN0wPCWAaWwXdgI0TWkt0HMDo4zk/view?usp=drivesdk,Tôi cam kết các thông tin trên là đúng sự thật
29/01/2026 15:05:52,vuthiphuong717@gmail.com,Vũ Thị Phương,2251164717,20/06/2003,Nữ,1205000717,0332700065,vuthiphuong717@sv.tlu.edu.vn,Ngôn ngữ học,Ngôn ngữ Trung,66NNT1,năm 3,3.34,Gia Lai,544,Vùng sâu vùng xa,https://drive.google.com/file/d/1kyO2DGpMb6q_MDJJCB7OnwO_ywI7paLR/view?usp=drivesdk,Tôi cam kết các thông tin trên là đúng sự thật
29/01/2026 15:05:52,phamvancuong718@gmail.com,Phạm Văn Cường,2251164718,25/01/2006,Nam,1205000718,0915487052,phamvancuong718@sv.tlu.edu.vn,Công nghệ thông tin,Mạng máy tính,64MMT1,năm 3,3.60,Hà Nội,25,"Con thương binh, liệt sỹ",https://drive.google.com/file/d/1QYnKr9L410EOrlR9VKsb1I_vJ-bIEcX2/view?usp=drivesdk,Tôi cam kết các thông tin trên là đúng sự thật
29/01/2026 15:05:52,hoangvanlong719@gmail.com,Hoàng Văn Long,2251164719,18/03/2003,Nam,1205000719,0200128858,hoangvanlong719@sv.tlu.edu.vn,Kinh tế,Tài chính ngân hàng,65TCNH1,năm 4,3.65,Gia Lai,344,Hộ nghèo cận nghèo,https://drive.google.com/file/d/1RKHmvJPGSdiHA5Jx2ttmX5rxW8XyRzU-/view?usp=drivesdk,Tôi cam kết các thông tin trên là đúng sự thật
29/01/2026 15:05:52,vuthiphuong720@gmail.com,Vũ Thị Phương,2251164720,23/01/2003,Nữ,1205000720,0004907206,vuthiphuong720@sv.tlu.edu.vn,Điện – Điện tử,Kỹ thuật điện,65D1,năm 2,3.92,Gia Lai,580,"Con thương binh, liệt sỹ",https://drive.google.com/file/d/1-hjN3WLYv_RebpdLi2iIaz355xQMLkYP/view?usp=drivesdk,Tôi cam kết các thông tin trên là đúng sự thật
29/01/2026 15:05:52,dothimai721@gmail.com,Đỗ Thị Mai,2251164721,24/08/2004,Nữ,1205000721,0007307906,dothimai721@sv.tlu.edu.vn,Công nghệ thông tin,Trí tuệ nhân tạo,64AI1,năm 1,3.92,Hưng Yên,598,Hộ nghèo cận nghèo,https://drive.google.com/file/d/1L6c914wDaOd--M1IpjOEgHY5FGG7Ketr/view?usp=drivesdk,Tôi cam kết các thông tin trên là đúng sự thật
29/01/2026 15:05:52,lethidieu722@gmail.com,Lê Thị Diệu,2251164722,08/02/2003,Nữ,1205000722,0510863550,lethidieu722@sv.tlu.edu.vn,Môi trường,Kỹ thuật môi trường,65MT1,năm 2,2.51,Lào Cai,80,Vùng sâu vùng xa,https://drive.google.com/file/d/1wCiFJLHr5BTaa7gY2F-v-j24Gv9v-2Wb/view?usp=drivesdk,Tôi cam kết các thông tin trên là đúng sự thật
29/01/2026 15:05:52,buithihanh723@gmail.com,Bùi Thị Hạnh,2251164723,06/04/2004,Nữ,1205000723,0956676047,buithihanh723@sv.tlu.edu.vn,Quản trị kinh doanh,Marketing,65MKT1,năm 1,2.43,Thanh Hóa,587,Vùng sâu vùng xa,https://drive.google.com/file/d/14YHCWwDxbij2wzkM5q0XPueApp_6w24p/view?usp=drivesdk,Tôi cam kết các thông tin trên là đúng sự thật
29/01/2026 15:05:52,lethidieu724@gmail.com,Lê Thị Diệu,2251164724,22/10/2006,Nữ,1205000724,0808393638,lethidieu724@sv.tlu.edu.vn,Xây dựng,Công trình thủy,65CTT1,năm 2,2.77,Nghệ An,116,,https://drive.google.com/file/d/1t72EB9FatlDeQCtzwEsJaV9dRk6iI0is/view?usp=drivesdk,Tôi cam kết các thông tin trên là đúng sự thật
29/01/2026 15:05:52,hoangvanlong725@gmail.com,Hoàng Văn Long,2251164725,15/06/2006,Nam,1205000725,0124540526,hoangvanlong725@sv.tlu.edu.vn,Công nghệ thông tin,Trí tuệ nhân tạo,64AI1,năm 3,3.15,Gia Lai,292,Hộ nghèo cận nghèo,https://drive.google.com/file/d/1H_J40WMr7e3-XWNOv0JB7wA9oBG-VsQO/view?usp=drivesdk,Tôi cam kết các thông tin trên là đúng sự thật
29/01/2026 15:05:52,buithihanh726@gmail.com,Bùi Thị Hạnh,2251164726,14/07/2006,Nữ,1205000726,0081424407,buithihanh726@sv.tlu.edu.vn,Công nghệ thông tin,Khoa học máy tính,64CNTT1,năm 2,03.07,Gia Lai,246,"Con thương binh, liệt sỹ",https://drive.google.com/file/d/1oBwU-skb4TJ06L24iG4gnBQWW5BUO9GP/view?usp=drivesdk,Tôi cam kết các thông tin trên là đúng sự thật
29/01/2026 15:05:52,tranvanbinh727@gmail.com,Trần Văn Bình,2251164727,18/05/2003,Nam,1205000727,0831778955,tranvanbinh727@sv.tlu.edu.vn,Công nghệ thông tin,Mạng máy tính,64MMT1,năm 1,2.79,Lào Cai,522,,https://drive.google.com/file/d/1flebl3-foDxrrlulSjvnvi8xsxzgvIVT/view?usp=drivesdk,Tôi cam kết các thông tin trên là đúng sự thật
29/01/2026 15:05:52,lethidieu728@gmail.com,Lê Thị Diệu,2251164728,20/12/2003,Nữ,1205000728,0812370115,lethidieu728@sv.tlu.edu.vn,Công nghệ thông tin,Mạng máy tính,64MMT1,năm 4,2.79,Hà Nội,526,"Con thương binh, liệt sỹ",https://drive.google.com/file/d/1qGTb8vNOppOODk1Uedi335Rr9nxIGbQ5/view?usp=drivesdk,Tôi cam kết các thông tin trên là đúng sự thật
29/01/2026 15:05:52,tranvanbinh729@gmail.com,Trần Văn Bình,2251164729,15/11/2005,Nam,1205000729,0665067664,tranvanbinh729@sv.tlu.edu.vn,Kinh tế,Kinh tế xây dựng,65KTXD1,năm 1,2.45,Hà Nội,479,"Hộ nghèo cận nghèo, Vùng sâu vùng xa",https://drive.google.com/file/d/13tCM5cnGyRqYqm-GVX9Y7byfoDt9irHR/view?usp=drivesdk,Tôi cam kết các thông tin trên là đúng sự thật
29/01/2026 15:05:52,tranvanbinh730@gmail.com,Trần Văn Bình,2251164730,17/03/2004,Nam,1205000730,0343756397,tranvanbinh730@sv.tlu.edu.vn,Xây dựng,Công trình thủy,65CTT1,năm 1,3.80,Hưng Yên,7,,https://drive.google.com/file/d/1fOUj_y36cqB3E-rnfh6fe3xhS_h8HuP8/view?usp=drivesdk,Tôi cam kết các thông tin trên là đúng sự thật
29/01/2026 15:05:52,phamvancuong731@gmail.com,Phạm Văn Cường,2251164731,27/04/2006,Nam,1205000731,0704145411,phamvancuong731@sv.tlu.edu.vn,Ngôn ngữ học,Ngôn ngữ Anh,66NNA1,năm 4,2.47,Nam Định,79,,https://drive.google.com/file/d/1P9lzu1alha1us9FCkB_7kTrz7x3ju1Ap/view?usp=drivesdk,Tôi cam kết các thông tin trên là đúng sự thật
29/01/2026 15:05:52,dothimai732@gmail.com,Đỗ Thị Mai,2251164732,07/06/2003,Nữ,1205000732,0422402086,dothimai732@sv.tlu.edu.vn,Môi trường,Kỹ thuật môi trường,65MT1,năm 1,2.55,Thanh Hóa,404,Hộ nghèo cận nghèo,https://drive.google.com/file/d/12g-7q2iiAoaMUtmr-dAIozhxyh7PWb-9/view?usp=drivesdk,Tôi cam kết các thông tin trên là đúng sự thật
29/01/2026 15:05:52,lethidieu733@gmail.com,Lê Thị Diệu,2251164733,29/02/2004,Nữ,1205000733,0470288567,lethidieu733@sv.tlu.edu.vn,Kinh tế,Kinh tế xây dựng,65KTXD1,năm 2,2.52,Hà Nội,461,,https://drive.google.com/file/d/1K5D7_qfjayddRTgsdqdwCN_b1o-RqHfA/view?usp=drivesdk,Tôi cam kết các thông tin trên là đúng sự thật
29/01/2026 15:05:52,lethidieu734@gmail.com,Lê Thị Diệu,2251164734,15/07/2006,Nữ,1205000734,0552586495,lethidieu734@sv.tlu.edu.vn,Kinh tế,Kinh tế xây dựng,65KTXD1,năm 3,2.83,Nghệ An,124,Vùng sâu vùng xa,https://drive.google.com/file/d/1mIascENaZB-Lnm7W1mJqTzrr34BKLEZ-/view?usp=drivesdk,Tôi cam kết các thông tin trên là đúng sự thật
29/01/2026 15:05:52,phamvancuong735@gmail.com,Phạm Văn Cường,2251164735,11/10/2004,Nam,1205000735,0905627849,phamvancuong735@sv.tlu.edu.vn,Ngôn ngữ học,Ngôn ngữ Anh,66NNA1,năm 2,3.66,Hà Nội,420,"Hộ nghèo cận nghèo, Vùng sâu vùng xa",https://drive.google.com/file/d/1yq1c1hCJ2W4wUBPD6IBEKZAey2TA3zLD/view?usp=drivesdk,Tôi cam kết các thông tin trên là đúng sự thật
29/01/2026 15:05:52,hoangvanlong736@gmail.com,Hoàng Văn Long,2251164736,12/10/2006,Nam,1205000736,0222048283,hoangvanlong736@sv.tlu.edu.vn,Công nghệ thông tin,Hệ thống thông tin,64HTTT2,năm 1,3.26,Lào Cai,449,"Con thương binh, liệt sỹ",https://drive.google.com/file/d/1QsIZGYkIKsUEfRTxCPPFKZiQcE_EJeLl/view?usp=drivesdk,Tôi cam kết các thông tin trên là đúng sự thật
29/01/2026 15:05:52,dangvankhanh737@gmail.com,Đặng Văn Khánh,2251164737,18/07/2005,Nam,1205000737,0146028694,dangvankhanh737@sv.tlu.edu.vn,Kinh tế,Tài chính ngân hàng,65TCNH1,năm 1,3.62,Nghệ An,510,,https://drive.google.com/file/d/1nvxEj3yEnridNiOn0-NYuCBmXUnh6eta/view?usp=drivesdk,Tôi cam kết các thông tin trên là đúng sự thật
29/01/2026 15:05:52,dothimai738@gmail.com,Đỗ Thị Mai,2251164738,06/10/2003,Nữ,1205000738,0821111250,dothimai738@sv.tlu.edu.vn,Công nghệ thông tin,Mạng máy tính,64MMT1,năm 4,3.37,Lào Cai,139,,https://drive.google.com/file/d/1Nb2-IEEU_Y8MA0qtor_LkEMU8w3LvV2_/view?usp=drivesdk,Tôi cam kết các thông tin trên là đúng sự thật
29/01/2026 15:05:52,nguyenvanan739@gmail.com,Nguyễn Văn An,2251164739,17/04/2005,Nam,1205000739,0216106977,nguyenvanan739@sv.tlu.edu.vn,Công nghệ thông tin,Kỹ thuật phần mềm,64KTPM1,năm 3,3.86,Nghệ An,186,,https://drive.google.com/file/d/1y9W7uNzNeVfzyr4Nag5fB6N1RyqEk-8c/view?usp=drivesdk,Tôi cam kết các thông tin trên là đúng sự thật
29/01/2026 15:05:52,ngothilan740@gmail.com,Ngô Thị Lan,2251164740,23/05/2005,Nữ,1205000740,0737874673,ngothilan740@sv.tlu.edu.vn,Công nghệ thông tin,Mạng máy tính,64MMT1,năm 4,2.97,Hưng Yên,378,Hộ nghèo cận nghèo,https://drive.google.com/file/d/1Dyd3vMSwdl_dLhucMkJPb31KiPbxkPX0/view?usp=drivesdk,Tôi cam kết các thông tin trên là đúng sự thật
29/01/2026 15:05:52,dothimai741@gmail.com,Đỗ Thị Mai,2251164741,16/08/2005,Nữ,1205000741,0866217027,dothimai741@sv.tlu.edu.vn,Quản trị kinh doanh,Marketing,65MKT1,năm 3,2.75,Lào Cai,184,"Hộ nghèo cận nghèo, Vùng sâu vùng xa",https://drive.google.com/file/d/1k5XBsAvrs9nN_Ieu_kivAW3QVdWAuOqi/view?usp=drivesdk,Tôi cam kết các thông tin trên là đúng sự thật
29/01/2026 15:05:52,buithihanh742@gmail.com,Bùi Thị Hạnh,2251164742,02/10/2003,Nữ,1205000742,0354721130,buithihanh742@sv.tlu.edu.vn,Công nghệ thông tin,Hệ thống thông tin,64HTTT2,năm 4,3.60,Hưng Yên,154,Hộ nghèo cận nghèo,https://drive.google.com/file/d/1VcmarXVM71c-j_R-zY7_aBdU9S-8Tx07/view?usp=drivesdk,Tôi cam kết các thông tin trên là đúng sự thật
29/01/2026 15:05:52,vuthiphuong743@gmail.com,Vũ Thị Phương,2251164743,15/02/2004,Nữ,1205000743,0663180061,vuthiphuong743@sv.tlu.edu.vn,Công nghệ thông tin,Khoa học máy tính,64CNTT1,năm 2,03.07,Gia Lai,448,Hộ nghèo cận nghèo,https://drive.google.com/file/d/1by7bi3yE-EptM4SoQLOtq6NzsfWy3SgU/view?usp=drivesdk,Tôi cam kết các thông tin trên là đúng sự thật
29/01/2026 15:05:52,phamvancuong744@gmail.com,Phạm Văn Cường,2251164744,14/12/2005,Nam,1205000744,0949715052,phamvancuong744@sv.tlu.edu.vn,Ngôn ngữ học,Ngôn ngữ Trung,66NNT1,năm 1,3.24,Hưng Yên,106,"Hộ nghèo cận nghèo, Vùng sâu vùng xa",https://drive.google.com/file/d/1iYJHPfplrABZwXXNhityADrw_CDsirXv/view?usp=drivesdk,Tôi cam kết các thông tin trên là đúng sự thật
29/01/2026 15:05:52,ngothilan745@gmail.com,Ngô Thị Lan,2251164745,23/08/2003,Nữ,1205000745,0820973020,ngothilan745@sv.tlu.edu.vn,Kinh tế,Kế toán,65KT1,năm 2,3.74,Thanh Hóa,328,Vùng sâu vùng xa,https://drive.google.com/file/d/1_gkA3PgmZcGndVoCQrSs5A5WQsSTZXNq/view?usp=drivesdk,Tôi cam kết các thông tin trên là đúng sự thật
29/01/2026 15:05:52,tranvanbinh746@gmail.com,Trần Văn Bình,2251164746,23/03/2005,Nam,1205000746,0271522322,tranvanbinh746@sv.tlu.edu.vn,Xây dựng,Công trình thủy,65CTT1,năm 4,3.19,Hà Nội,484,"Hộ nghèo cận nghèo, Vùng sâu vùng xa",https://drive.google.com/file/d/1zxp63cIMtm48DoUg8WkueLCd5wP3KO-I/view?usp=drivesdk,Tôi cam kết các thông tin trên là đúng sự thật
29/01/2026 15:05:52,dangvankhanh747@gmail.com,Đặng Văn Khánh,2251164747,13/02/2005,Nam,1205000747,0951476661,dangvankhanh747@sv.tlu.edu.vn,Ngôn ngữ học,Ngôn ngữ Anh,66NNA1,năm 4,2.50,Nghệ An,227,Hộ nghèo cận nghèo,https://drive.google.com/file/d/1Hou9zfkTLIxfBpLgQUdRKUQbHoJmXKBZ/view?usp=drivesdk,Tôi cam kết các thông tin trên là đúng sự thật
29/01/2026 15:05:52,phamvancuong748@gmail.com,Phạm Văn Cường,2251164748,15/10/2005,Nam,1205000748,0132395894,phamvancuong748@sv.tlu.edu.vn,Xây dựng,Công trình thủy,65CTT1,năm 3,2.72,Gia Lai,414,,https://drive.google.com/file/d/1mVHIOgL5VyrstnkOWEtVzTysgXB5agSo/view?usp=drivesdk,Tôi cam kết các thông tin trên là đúng sự thật
29/01/2026 15:05:52,hoangvanlong749@gmail.com,Hoàng Văn Long,2251164749,18/04/2003,Nam,1205000749,0556465990,hoangvanlong749@sv.tlu.edu.vn,Xây dựng,Kỹ thuật xây dựng,65XDD1,năm 1,2.60,Thanh Hóa,267,,https://drive.google.com/file/d/1OgiI2F60M7eL6mQjFN5gW6xJwQBsAnjz/view?usp=drivesdk,Tôi cam kết các thông tin trên là đúng sự thật
29/01/2026 15:05:52,nguyenvanan750@gmail.com,Nguyễn Văn An,2251164750,02/07/2006,Nam,1205000750,0138384107,nguyenvanan750@sv.tlu.edu.vn,Xây dựng,Kỹ thuật xây dựng,65XDD1,năm 3,2.72,Gia Lai,40,,https://drive.google.com/file/d/1Vydi1SVDXH7GRZvuko5L43UZKyweDCcX/view?usp=drivesdk,Tôi cam kết các thông tin trên là đúng sự thật
29/01/2026 15:05:52,lethidieu751@gmail.com,Lê Thị Diệu,2251164751,21/09/2003,Nữ,1205000751,0778766523,lethidieu751@sv.tlu.edu.vn,Kinh tế,Kế toán,65KT1,năm 3,3.77,Hưng Yên,170,,https://drive.google.com/file/d/1fTLGWFX6-CffgoMC1rkfBBtbsjTFiHpW/view?usp=drivesdk,Tôi cam kết các thông tin trên là đúng sự thật
29/01/2026 15:05:52,hoangvanlong752@gmail.com,Hoàng Văn Long,2251164752,31/05/2005,Nam,1205000752,0657063259,hoangvanlong752@sv.tlu.edu.vn,Ngôn ngữ học,Ngôn ngữ Trung,66NNT1,năm 1,2.88,Hà Nội,475,,https://drive.google.com/file/d/1340pIqCsoPeoyjR99awBaB767ssLWAnU/view?usp=drivesdk,Tôi cam kết các thông tin trên là đúng sự thật
29/01/2026 15:05:52,tranvanbinh753@gmail.com,Trần Văn Bình,2251164753,19/10/2005,Nam,1205000753,0309690108,tranvanbinh753@sv.tlu.edu.vn,Kinh tế,Tài chính ngân hàng,65TCNH1,năm 4,3.36,Gia Lai,161,,https://drive.google.com/file/d/1ZGWwq3JOKN3QoW-wBqb7H43R5HpcFF9-/view?usp=drivesdk,Tôi cam kết các thông tin trên là đúng sự thật
29/01/2026 15:05:52,phamvancuong754@gmail.com,Phạm Văn Cường,2251164754,10/11/2004,Nam,1205000754,0077270932,phamvancuong754@sv.tlu.edu.vn,Kinh tế,Tài chính ngân hàng,65TCNH1,năm 4,2.87,Hưng Yên,473,,https://drive.google.com/file/d/1HHhnHDzCwijuE4Z7SbQGo841wyXrYD_A/view?usp=drivesdk,Tôi cam kết các thông tin trên là đúng sự thật
29/01/2026 15:05:52,vuthiphuong755@gmail.com,Vũ Thị Phương,2251164755,25/05/2004,Nữ,1205000755,0481981166,vuthiphuong755@sv.tlu.edu.vn,Quản trị kinh doanh,Marketing,65MKT1,năm 1,3.67,Thanh Hóa,305,,https://drive.google.com/file/d/1a8YpBqnFBl2EDvpZFdziTBIqCSaY3SOO/view?usp=drivesdk,Tôi cam kết các thông tin trên là đúng sự thật
29/01/2026 15:05:52,phamvancuong756@gmail.com,Phạm Văn Cường,2251164756,06/08/2006,Nam,1205000756,0461713592,phamvancuong756@sv.tlu.edu.vn,Ngôn ngữ học,Ngôn ngữ Trung,66NNT1,năm 3,2.79,Lào Cai,594,,https://drive.google.com/file/d/1uanKDD5XPitPs0vqU32-L208j_OhbWDV/view?usp=drivesdk,Tôi cam kết các thông tin trên là đúng sự thật
29/01/2026 15:05:52,vuthiphuong757@gmail.com,Vũ Thị Phương,2251164757,20/02/2005,Nữ,1205000757,0187164141,vuthiphuong757@sv.tlu.edu.vn,Quản trị kinh doanh,Marketing,65MKT1,năm 1,3.80,Thanh Hóa,320,,https://drive.google.com/file/d/1ITvCou7HVm1o3CHJ1PAecPaWAELPUCau/view?usp=drivesdk,Tôi cam kết các thông tin trên là đúng sự thật
29/01/2026 15:05:52,lethidieu758@gmail.com,Lê Thị Diệu,2251164758,04/08/2005,Nữ,1205000758,0152461708,lethidieu758@sv.tlu.edu.vn,Công nghệ thông tin,Khoa học máy tính,64CNTT1,năm 3,03.05,Nam Định,60,,https://drive.google.com/file/d/1LA5S7YCTN0C473a3ilqCKpHqjBi2zkfh/view?usp=drivesdk,Tôi cam kết các thông tin trên là đúng sự thật
29/01/2026 15:05:52,hoangvanlong759@gmail.com,Hoàng Văn Long,2251164759,09/11/2006,Nam,1205000759,0033291422,hoangvanlong759@sv.tlu.edu.vn,Công nghệ thông tin,Kỹ thuật phần mềm,64KTPM1,năm 3,3.30,Gia Lai,363,,https://drive.google.com/file/d/1DNTIpldYvmXEcqRzsarSQJdMmG26L9lu/view?usp=drivesdk,Tôi cam kết các thông tin trên là đúng sự thật
29/01/2026 15:05:52,vuthiphuong760@gmail.com,Vũ Thị Phương,2251164760,30/03/2004,Nữ,1205000760,0628738681,vuthiphuong760@sv.tlu.edu.vn,Quản trị kinh doanh,Quản trị doanh nghiệp,65QTDN1,năm 2,3.57,Nam Định,56,,https://drive.google.com/file/d/1K0Yzqpf2r97M19UOPww_OZD9XHFHRhHx/view?usp=drivesdk,Tôi cam kết các thông tin trên là đúng sự thật
29/01/2026 15:05:52,dothimai761@gmail.com,Đỗ Thị Mai,2251164761,12/05/2003,Nữ,1205000761,0678571719,dothimai761@sv.tlu.edu.vn,Ngôn ngữ học,Ngôn ngữ Trung,66NNT1,năm 1,2.59,Hà Nội,112,,https://drive.google.com/file/d/1YMcXA5ArxSJYLUERdN48FfGcinTbpFWO/view?usp=drivesdk,Tôi cam kết các thông tin trên là đúng sự thật
29/01/2026 15:05:52,lethidieu762@gmail.com,Lê Thị Diệu,2251164762,17/09/2003,Nữ,1205000762,0262352319,lethidieu762@sv.tlu.edu.vn,Kinh tế,Kinh tế xây dựng,65KTXD1,năm 4,3.64,Lào Cai,539,,https://drive.google.com/file/d/1yly1K_uFTbQy9yetPAXK591pySTKXmWA/view?usp=drivesdk,Tôi cam kết các thông tin trên là đúng sự thật
29/01/2026 15:05:52,nguyenvanan763@gmail.com,Nguyễn Văn An,2251164763,06/05/2005,Nam,1205000763,0753267818,nguyenvanan763@sv.tlu.edu.vn,Xây dựng,Công trình thủy,65CTT1,năm 2,3.21,Hưng Yên,553,,https://drive.google.com/file/d/1kNT1V-trc17CeTA-aE3-sGdaQhPAAmTl/view?usp=drivesdk,Tôi cam kết các thông tin trên là đúng sự thật
29/01/2026 15:05:52,ngothilan764@gmail.com,Ngô Thị Lan,2251164764,03/04/2006,Nữ,1205000764,0049912750,ngothilan764@sv.tlu.edu.vn,Cơ khí,Cơ khí chế tạo,65CK1,năm 3,3.44,Hưng Yên,210,,https://drive.google.com/file/d/1eSdUW491mK_Yb_kHCZaRnL4SaHkJDgG5/view?usp=drivesdk,Tôi cam kết các thông tin trên là đúng sự thật
29/01/2026 15:05:52,lethidieu765@gmail.com,Lê Thị Diệu,2251164765,14/06/2004,Nữ,1205000765,0432513713,lethidieu765@sv.tlu.edu.vn,Công nghệ thông tin,Mạng máy tính,64MMT1,năm 3,3.76,Nghệ An,536,,https://drive.google.com/file/d/1lOaqnBx0Kn0befOfHVHEjEstXLVbftTn/view?usp=drivesdk,Tôi cam kết các thông tin trên là đúng sự thật
29/01/2026 15:05:52,buithihanh766@gmail.com,Bùi Thị Hạnh,2251164766,06/08/2006,Nữ,1205000766,0512787774,buithihanh766@sv.tlu.edu.vn,Quản trị kinh doanh,Marketing,65MKT1,năm 3,3.35,Gia Lai,93,,https://drive.google.com/file/d/1uiqscmP0QiwgUsxsa07AQAyOibp2TsAv/view?usp=drivesdk,Tôi cam kết các thông tin trên là đúng sự thật
29/01/2026 15:05:52,lethidieu767@gmail.com,Lê Thị Diệu,2251164767,11/12/2006,Nữ,1205000767,0386812070,lethidieu767@sv.tlu.edu.vn,Điện – Điện tử,Kỹ thuật điện,65D1,năm 2,2.98,Gia Lai,72,,https://drive.google.com/file/d/1NMhxRMKSC8aU37SOYaFUoSaP6sCyz1Qs/view?usp=drivesdk,Tôi cam kết các thông tin trên là đúng sự thật
29/01/2026 15:05:52,dangvankhanh768@gmail.com,Đặng Văn Khánh,2251164768,02/07/2005,Nam,1205000768,0563348224,dangvankhanh768@sv.tlu.edu.vn,Cơ khí,Cơ khí chế tạo,65CK1,năm 1,2.64,Lào Cai,108,,https://drive.google.com/file/d/14D0Mboo-q2sASaeSVrcwJBDswsBThIM-/view?usp=drivesdk,Tôi cam kết các thông tin trên là đúng sự thật
29/01/2026 15:05:52,lethidieu769@gmail.com,Lê Thị Diệu,2251164769,21/07/2003,Nữ,1205000769,0433464591,lethidieu769@sv.tlu.edu.vn,Công nghệ thông tin,Hệ thống thông tin,64HTTT2,năm 4,2.72,Thanh Hóa,389,,https://drive.google.com/file/d/16kmWX3YqfT2ZB6Nn1mR9YkdeVJvDj4kI/view?usp=drivesdk,Tôi cam kết các thông tin trên là đúng sự thật
29/01/2026 15:05:52,lethidieu770@gmail.com,Lê Thị Diệu,2251164770,01/05/2006,Nữ,1205000770,0314252951,lethidieu770@sv.tlu.edu.vn,Môi trường,Kỹ thuật môi trường,65MT1,năm 2,3.88,Nam Định,110,,https://drive.google.com/file/d/16QtPtwWmiCI1uPKqHoV0fcYEZDRQ7JFu/view?usp=drivesdk,Tôi cam kết các thông tin trên là đúng sự thật
29/01/2026 15:05:52,tranvanbinh771@gmail.com,Trần Văn Bình,2251164771,28/08/2006,Nam,1205000771,0052863126,tranvanbinh771@sv.tlu.edu.vn,Cơ khí,Cơ khí chế tạo,65CK1,năm 4,2.78,Nghệ An,203,,https://drive.google.com/file/d/1D6ji6Ax7JccMbhVKY8oxHtGMcgZgW1-t/view?usp=drivesdk,Tôi cam kết các thông tin trên là đúng sự thật
29/01/2026 15:05:52,hoangvanlong772@gmail.com,Hoàng Văn Long,2251164772,20/06/2003,Nam,1205000772,0504665479,hoangvanlong772@sv.tlu.edu.vn,Điện – Điện tử,Kỹ thuật điện,65D1,năm 3,2.69,Hưng Yên,67,,https://drive.google.com/file/d/1hRL3W9fii9p-L8zf6NZyXzeonbmZ3Vs_/view?usp=drivesdk,Tôi cam kết các thông tin trên là đúng sự thật
29/01/2026 15:05:52,hoangvanlong773@gmail.com,Hoàng Văn Long,2251164773,06/04/2003,Nam,1205000773,0509320550,hoangvanlong773@sv.tlu.edu.vn,Công nghệ thông tin,Khoa học máy tính,64CNTT1,năm 4,2.65,Gia Lai,307,,https://drive.google.com/file/d/1snU0fVU2gle5VKcEd1zKvAAht9kZAfE6/view?usp=drivesdk,Tôi cam kết các thông tin trên là đúng sự thật
29/01/2026 15:05:52,ngothilan774@gmail.com,Ngô Thị Lan,2251164774,28/04/2006,Nữ,1205000774,0036065845,ngothilan774@sv.tlu.edu.vn,Cơ khí,Cơ khí chế tạo,65CK1,năm 4,03.07,Hưng Yên,62,,https://drive.google.com/file/d/1eVfd-ek4znWAl94z3j6K0tpwg7yB-UEi/view?usp=drivesdk,Tôi cam kết các thông tin trên là đúng sự thật
29/01/2026 15:05:52,phamvancuong775@gmail.com,Phạm Văn Cường,2251164775,04/08/2003,Nam,1205000775,0590864699,phamvancuong775@sv.tlu.edu.vn,Quản trị kinh doanh,Quản trị doanh nghiệp,65QTDN1,năm 2,2.57,Lào Cai,269,,https://drive.google.com/file/d/1j9DXWyOiOBO0lJCQJdg8GhgrhwgjQ9BO/view?usp=drivesdk,Tôi cam kết các thông tin trên là đúng sự thật
29/01/2026 15:05:52,ngothilan776@gmail.com,Ngô Thị Lan,2251164776,29/01/2005,Nữ,1205000776,0734540575,ngothilan776@sv.tlu.edu.vn,Xây dựng,Công trình thủy,65CTT1,năm 3,03.06,Nghệ An,431,,https://drive.google.com/file/d/1vjNWA-YUdq41QvRaQqHWmyuGcS1SZx5n/view?usp=drivesdk,Tôi cam kết các thông tin trên là đúng sự thật
29/01/2026 15:05:52,phamvancuong777@gmail.com,Phạm Văn Cường,2251164777,21/07/2004,Nam,1205000777,0643295783,phamvancuong777@sv.tlu.edu.vn,Môi trường,Kỹ thuật môi trường,65MT1,năm 2,3.95,Thanh Hóa,190,,https://drive.google.com/file/d/1oUqcNeivxK_4TQdoryW24myf_rh-qd05/view?usp=drivesdk,Tôi cam kết các thông tin trên là đúng sự thật
29/01/2026 15:05:52,dothimai778@gmail.com,Đỗ Thị Mai,2251164778,13/04/2005,Nữ,1205000778,0058205204,dothimai778@sv.tlu.edu.vn,Kinh tế,Kế toán,65KT1,năm 4,2.93,Lào Cai,145,,https://drive.google.com/file/d/1SiPylH9HRjnO2luQozMTVgkrgd2oz_ew/view?usp=drivesdk,Tôi cam kết các thông tin trên là đúng sự thật
29/01/2026 15:05:52,dothimai779@gmail.com,Đỗ Thị Mai,2251164779,16/04/2005,Nữ,1205000779,0788903548,dothimai779@sv.tlu.edu.vn,Kinh tế,Kinh tế xây dựng,65KTXD1,năm 1,2.66,Nam Định,418,,https://drive.google.com/file/d/18HMrjX52NxiqOWX50QvCNtBj-RXS3g4l/view?usp=drivesdk,Tôi cam kết các thông tin trên là đúng sự thật
29/01/2026 15:05:52,nguyenvanan780@gmail.com,Nguyễn Văn An,2251164780,28/07/2005,Nam,1205000780,0177804786,nguyenvanan780@sv.tlu.edu.vn,Công nghệ thông tin,Trí tuệ nhân tạo,64AI1,năm 3,3.67,Gia Lai,249,,https://drive.google.com/file/d/1_TPcKwLQNK1urig_qtrc5fizz-5iJlJZ/view?usp=drivesdk,Tôi cam kết các thông tin trên là đúng sự thật
29/01/2026 15:05:52,dothimai781@gmail.com,Đỗ Thị Mai,2251164781,10/04/2003,Nữ,1205000781,0747870108,dothimai781@sv.tlu.edu.vn,Ngôn ngữ học,Ngôn ngữ Trung,66NNT1,năm 1,2.86,Nam Định,600,,https://drive.google.com/file/d/1-kt2CWIvY9hBMlcoctDj8sFLoaMUT_xG/view?usp=drivesdk,Tôi cam kết các thông tin trên là đúng sự thật
29/01/2026 15:05:52,tranvanbinh782@gmail.com,Trần Văn Bình,2251164782,03/01/2005,Nam,1205000782,0606245991,tranvanbinh782@sv.tlu.edu.vn,Công nghệ thông tin,Mạng máy tính,64MMT1,năm 2,3.41,Hưng Yên,286,,https://drive.google.com/file/d/1M89u7XZSFzQXjXQSiH4QzYZ4eMvEzwIn/view?usp=drivesdk,Tôi cam kết các thông tin trên là đúng sự thật
29/01/2026 15:05:52,buithihanh783@gmail.com,Bùi Thị Hạnh,2251164783,11/01/2005,Nữ,1205000783,0906936146,buithihanh783@sv.tlu.edu.vn,Công nghệ thông tin,Mạng máy tính,64MMT1,năm 2,2.99,Nam Định,279,,https://drive.google.com/file/d/1_ZI3HacGpwMvLtBWYr2q35ODEtfE7v9n/view?usp=drivesdk,Tôi cam kết các thông tin trên là đúng sự thật
29/01/2026 15:05:52,phamvancuong784@gmail.com,Phạm Văn Cường,2251164784,03/04/2003,Nam,1205000784,0927778721,phamvancuong784@sv.tlu.edu.vn,Công nghệ thông tin,Kỹ thuật phần mềm,64KTPM1,năm 4,2.50,Hưng Yên,242,,https://drive.google.com/file/d/1YB7QP4RaEWEXiuRKwohSQDY1vpPLG0rc/view?usp=drivesdk,Tôi cam kết các thông tin trên là đúng sự thật
29/01/2026 15:05:52,tranvanbinh785@gmail.com,Trần Văn Bình,2251164785,19/03/2004,Nam,1205000785,0993861139,tranvanbinh785@sv.tlu.edu.vn,Công nghệ thông tin,Trí tuệ nhân tạo,64AI1,năm 2,2.58,Gia Lai,324,,https://drive.google.com/file/d/1PEeuy9oIvEATL9TOI9RJaWsMMd0ptjQZ/view?usp=drivesdk,Tôi cam kết các thông tin trên là đúng sự thật
29/01/2026 15:05:52,vuthiphuong786@gmail.com,Vũ Thị Phương,2251164786,28/11/2003,Nữ,1205000786,0362852354,vuthiphuong786@sv.tlu.edu.vn,Môi trường,Kỹ thuật môi trường,65MT1,năm 3,3.40,Thanh Hóa,355,,https://drive.google.com/file/d/1tK40g_G75YIkHID2H2KM1U3I17ivf7JD/view?usp=drivesdk,Tôi cam kết các thông tin trên là đúng sự thật
29/01/2026 15:05:52,dangvankhanh787@gmail.com,Đặng Văn Khánh,2251164787,17/11/2005,Nam,1205000787,0368118703,dangvankhanh787@sv.tlu.edu.vn,Kinh tế,Kinh tế xây dựng,65KTXD1,năm 3,3.61,Nghệ An,167,,https://drive.google.com/file/d/1Kocr4ilZv1jNXsvD7_4dTdbgcHk1qOVw/view?usp=drivesdk,Tôi cam kết các thông tin trên là đúng sự thật
29/01/2026 15:05:52,ngothilan788@gmail.com,Ngô Thị Lan,2251164788,22/03/2004,Nữ,1205000788,0409688157,ngothilan788@sv.tlu.edu.vn,Công nghệ thông tin,Trí tuệ nhân tạo,64AI1,năm 1,3.70,Hà Nội,569,,https://drive.google.com/file/d/18WDh3tKGV5_7M8gR2JLsxxtmZ213_L2F/view?usp=drivesdk,Tôi cam kết các thông tin trên là đúng sự thật
29/01/2026 15:05:52,nguyenvanan789@gmail.com,Nguyễn Văn An,2251164789,05/02/2003,Nam,1205000789,0197126207,nguyenvanan789@sv.tlu.edu.vn,Công nghệ thông tin,Khoa học máy tính,64CNTT1,năm 2,2.50,Lào Cai,533,,https://drive.google.com/file/d/1VQwon1ta8MhOg_goTv5FHh8uhbFjDrob/view?usp=drivesdk,Tôi cam kết các thông tin trên là đúng sự thật
29/01/2026 15:05:52,tranvanbinh790@gmail.com,Trần Văn Bình,2251164790,30/05/2003,Nam,1205000790,0427548951,tranvanbinh790@sv.tlu.edu.vn,Công nghệ thông tin,Kỹ thuật phần mềm,64KTPM1,năm 4,3.22,Gia Lai,523,,https://drive.google.com/file/d/1cyx8ysFyYaxlRCxP8eA7zDOSzNZC3j7_/view?usp=drivesdk,Tôi cam kết các thông tin trên là đúng sự thật
29/01/2026 15:05:52,ngothilan791@gmail.com,Ngô Thị Lan,2251164791,17/07/2003,Nữ,1205000791,0021587897,ngothilan791@sv.tlu.edu.vn,Kinh tế,Kinh tế xây dựng,65KTXD1,năm 1,3.55,Lào Cai,200,,https://drive.google.com/file/d/1tXjZ3cJzCSj7yqSOgsSU_UYDVqsc_1aB/view?usp=drivesdk,Tôi cam kết các thông tin trên là đúng sự thật
29/01/2026 15:05:52,nguyenvanan792@gmail.com,Nguyễn Văn An,2251164792,11/09/2004,Nam,1205000792,0097455698,nguyenvanan792@sv.tlu.edu.vn,Cơ khí,Cơ khí chế tạo,65CK1,năm 2,3.14,Nghệ An,132,,https://drive.google.com/file/d/1ioR7dB3AhD97RRHoYJCuoEcfraoWr9Pv/view?usp=drivesdk,Tôi cam kết các thông tin trên là đúng sự thật
29/01/2026 15:05:52,dothimai793@gmail.com,Đỗ Thị Mai,2251164793,05/06/2005,Nữ,1205000793,0381243965,dothimai793@sv.tlu.edu.vn,Kinh tế,Kinh tế xây dựng,65KTXD1,năm 1,3.55,Thanh Hóa,327,,https://drive.google.com/file/d/1ptiIA7mn81apKbEAzQabvGLT_E-d_pcm/view?usp=drivesdk,Tôi cam kết các thông tin trên là đúng sự thật
29/01/2026 15:05:52,dangvankhanh794@gmail.com,Đặng Văn Khánh,2251164794,18/03/2004,Nam,1205000794,0123662501,dangvankhanh794@sv.tlu.edu.vn,Quản trị kinh doanh,Quản trị doanh nghiệp,65QTDN1,năm 3,3.71,Gia Lai,502,,https://drive.google.com/file/d/1zv6LSEKGDHkKRVk-n_N8IfEgkxMmd9Yc/view?usp=drivesdk,Tôi cam kết các thông tin trên là đúng sự thật
29/01/2026 15:05:52,phamvancuong795@gmail.com,Phạm Văn Cường,2251164795,23/10/2005,Nam,1205000795,0600859509,phamvancuong795@sv.tlu.edu.vn,Xây dựng,Kỹ thuật xây dựng,65XDD1,năm 4,3.19,Lào Cai,305,,https://drive.google.com/file/d/13pgaIj06yph7HeFLkKX8gyR2n_-ChQly/view?usp=drivesdk,Tôi cam kết các thông tin trên là đúng sự thật
29/01/2026 15:05:52,hoangvanlong796@gmail.com,Hoàng Văn Long,2251164796,25/09/2004,Nam,1205000796,0084976208,hoangvanlong796@sv.tlu.edu.vn,Công nghệ thông tin,Mạng máy tính,64MMT1,năm 2,2.94,Nghệ An,538,,https://drive.google.com/file/d/1O2bae5En4P1bd5aCAEZD-h8ENXO8AOrK/view?usp=drivesdk,Tôi cam kết các thông tin trên là đúng sự thật
29/01/2026 15:05:52,hoangvanlong797@gmail.com,Hoàng Văn Long,2251164797,11/11/2006,Nam,1205000797,0528666434,hoangvanlong797@sv.tlu.edu.vn,Quản trị kinh doanh,Marketing,65MKT1,năm 3,3.93,Lào Cai,440,,https://drive.google.com/file/d/1g4TrvUtWZBqqj9z5B0i02wgPt4IeiLY2/view?usp=drivesdk,Tôi cam kết các thông tin trên là đúng sự thật
29/01/2026 15:05:52,tranvanbinh798@gmail.com,Trần Văn Bình,2251164798,10/12/2003,Nam,1205000798,0257595760,tranvanbinh798@sv.tlu.edu.vn,Công nghệ thông tin,Mạng máy tính,64MMT1,năm 4,2.91,Thanh Hóa,322,,https://drive.google.com/file/d/1szgghcYL9sbTYm3zRcOjL3JhA8HtX5ru/view?usp=drivesdk,Tôi cam kết các thông tin trên là đúng sự thật
29/01/2026 15:05:52,dothimai799@gmail.com,Đỗ Thị Mai,2251164799,21/05/2004,Nữ,1205000799,0034317782,dothimai799@sv.tlu.edu.vn,Quản trị kinh doanh,Quản trị doanh nghiệp,65QTDN1,năm 4,3.21,Nam Định,393,,https://drive.google.com/file/d/1Ppk0kzjPYKQF7hDWL4ZWTJHKIxngo0Qj/view?usp=drivesdk,Tôi cam kết các thông tin trên là đúng sự thật
29/01/2026 15:05:52,ngothilan800@gmail.com,Ngô Thị Lan,2251164800,26/11/2005,Nữ,1205000800,0169309068,ngothilan800@sv.tlu.edu.vn,Công nghệ thông tin,Khoa học máy tính,64CNTT1,năm 2,03.09,Thanh Hóa,591,,https://drive.google.com/file/d/10h9eKBtbi6CLSelK831EEkRiIPT8oT5_/view?usp=drivesdk,Tôi cam kết các thông tin trên là đúng sự thật
29/01/2026 15:05:52,dangvankhanh801@gmail.com,Đặng Văn Khánh,2251164801,21/08/2003,Nam,1205000801,0218730437,dangvankhanh801@sv.tlu.edu.vn,Điện – Điện tử,Kỹ thuật điện,65D1,năm 1,3.69,Lào Cai,562,,https://drive.google.com/file/d/1ieimuhxtrnXfxhYPBxxHTP_cYbdAPZjk/view?usp=drivesdk,Tôi cam kết các thông tin trên là đúng sự thật
29/01/2026 15:05:52,ngothilan802@gmail.com,Ngô Thị Lan,2251164802,26/09/2004,Nữ,1205000802,0336872324,ngothilan802@sv.tlu.edu.vn,Quản trị kinh doanh,Marketing,65MKT1,năm 4,3.47,Nam Định,442,,https://drive.google.com/file/d/1OeMf8aWWCF0McQzPySKhfPAXAQOVEFee/view?usp=drivesdk,Tôi cam kết các thông tin trên là đúng sự thật
29/01/2026 15:05:52,phamvancuong803@gmail.com,Phạm Văn Cường,2251164803,08/10/2003,Nam,1205000803,0184149692,phamvancuong803@sv.tlu.edu.vn,Kinh tế,Tài chính ngân hàng,65TCNH1,năm 4,3.32,Thanh Hóa,210,,https://drive.google.com/file/d/1eWT9VoVpJTbqat_HhkXIBqeqfiTPn6UA/view?usp=drivesdk,Tôi cam kết các thông tin trên là đúng sự thật
29/01/2026 15:05:52,tranvanbinh804@gmail.com,Trần Văn Bình,2251164804,11/04/2003,Nam,1205000804,0728582238,tranvanbinh804@sv.tlu.edu.vn,Kinh tế,Kinh tế xây dựng,65KTXD1,năm 1,3.47,Nam Định,115,,https://drive.google.com/file/d/1FtOvmepJr6QErrIKqanyUS1_pRCS9wNe/view?usp=drivesdk,Tôi cam kết các thông tin trên là đúng sự thật
29/01/2026 15:05:52,buithihanh805@gmail.com,Bùi Thị Hạnh,2251164805,25/04/2004,Nữ,1205000805,0245513759,buithihanh805@sv.tlu.edu.vn,Quản trị kinh doanh,Marketing,65MKT1,năm 4,03.06,Hà Nội,576,,https://drive.google.com/file/d/1WRa_nYYEp_ywt4p_3PSggiPLQMRCqcmi/view?usp=drivesdk,Tôi cam kết các thông tin trên là đúng sự thật
29/01/2026 15:05:52,phamvancuong806@gmail.com,Phạm Văn Cường,2251164806,18/07/2003,Nam,1205000806,0636729091,phamvancuong806@sv.tlu.edu.vn,Kinh tế,Tài chính ngân hàng,65TCNH1,năm 2,03.04,Thanh Hóa,537,,https://drive.google.com/file/d/16DV6WRcGZJ8JCUOTrsKrCDTtWgBfisuk/view?usp=drivesdk,Tôi cam kết các thông tin trên là đúng sự thật
29/01/2026 15:05:52,ngothilan807@gmail.com,Ngô Thị Lan,2251164807,08/02/2005,Nữ,1205000807,0167343877,ngothilan807@sv.tlu.edu.vn,Công nghệ thông tin,Khoa học máy tính,64CNTT1,năm 2,3.53,Hà Nội,477,,https://drive.google.com/file/d/1KJm1LuRnqknvwyAQ9AsVwTvfD2S_YkuF/view?usp=drivesdk,Tôi cam kết các thông tin trên là đúng sự thật
29/01/2026 15:05:52,nguyenvanan808@gmail.com,Nguyễn Văn An,2251164808,16/11/2003,Nam,1205000808,0837805897,nguyenvanan808@sv.tlu.edu.vn,Công nghệ thông tin,Khoa học máy tính,64CNTT1,năm 3,3.26,Nam Định,550,,https://drive.google.com/file/d/1XtF2XSB-ZRzHMNKa1Wyks2qtP5nNYR8-/view?usp=drivesdk,Tôi cam kết các thông tin trên là đúng sự thật
29/01/2026 15:05:52,ngothilan809@gmail.com,Ngô Thị Lan,2251164809,16/10/2006,Nữ,1205000809,0919057785,ngothilan809@sv.tlu.edu.vn,Xây dựng,Công trình thủy,65CTT1,năm 2,2.81,Thanh Hóa,343,,https://drive.google.com/file/d/1UEyRI60rXR9a0Q6cph-0BygDEhlM2G4k/view?usp=drivesdk,Tôi cam kết các thông tin trên là đúng sự thật
29/01/2026 15:05:52,lethidieu810@gmail.com,Lê Thị Diệu,2251164810,15/06/2006,Nữ,1205000810,0164047295,lethidieu810@sv.tlu.edu.vn,Kinh tế,Tài chính ngân hàng,65TCNH1,năm 1,2.76,Hưng Yên,399,,https://drive.google.com/file/d/1xGlrJR-rJVS8_eCt-B8SZy-nqIohcw34/view?usp=drivesdk,Tôi cam kết các thông tin trên là đúng sự thật
29/01/2026 15:05:52,dangvankhanh811@gmail.com,Đặng Văn Khánh,2251164811,02/02/2003,Nam,1205000811,0448997408,dangvankhanh811@sv.tlu.edu.vn,Ngôn ngữ học,Ngôn ngữ Anh,66NNA1,năm 3,2.70,Gia Lai,481,,https://drive.google.com/file/d/1oug8r6ANCMvi3zNguGmSfL_JD-Yf7QF7/view?usp=drivesdk,Tôi cam kết các thông tin trên là đúng sự thật
29/01/2026 15:05:52,tranvanbinh812@gmail.com,Trần Văn Bình,2251164812,11/02/2004,Nam,1205000812,0103276332,tranvanbinh812@sv.tlu.edu.vn,Cơ khí,Cơ khí chế tạo,65CK1,năm 2,3.60,Nam Định,166,,https://drive.google.com/file/d/105oiiTQZIXQMnf3k2JJafVNW4aLU_kHQ/view?usp=drivesdk,Tôi cam kết các thông tin trên là đúng sự thật
29/01/2026 15:05:52,dangvankhanh813@gmail.com,Đặng Văn Khánh,2251164813,16/08/2004,Nam,1205000813,0559631160,dangvankhanh813@sv.tlu.edu.vn,Công nghệ thông tin,Khoa học máy tính,64CNTT1,năm 4,3.85,Gia Lai,242,,https://drive.google.com/file/d/1ScmXHfFMayz6d4R-urmre1nvS3a_RbZu/view?usp=drivesdk,Tôi cam kết các thông tin trên là đúng sự thật
29/01/2026 15:05:52,nguyenvanan814@gmail.com,Nguyễn Văn An,2251164814,11/09/2004,Nam,1205000814,0044876036,nguyenvanan814@sv.tlu.edu.vn,Kinh tế,Tài chính ngân hàng,65TCNH1,năm 1,3.19,Hà Nội,12,,https://drive.google.com/file/d/1nh3gJ5Tn3pzIREyOBBNWYicN7vY5Lbik/view?usp=drivesdk,Tôi cam kết các thông tin trên là đúng sự thật
29/01/2026 15:05:52,nguyenvanan815@gmail.com,Nguyễn Văn An,2251164815,26/11/2003,Nam,1205000815,0773389919,nguyenvanan815@sv.tlu.edu.vn,Điện – Điện tử,Kỹ thuật điện,65D1,năm 4,2.69,Lào Cai,600,,https://drive.google.com/file/d/1yryL5qJfhaAlDE9xPX6oskmgYoxYD_8a/view?usp=drivesdk,Tôi cam kết các thông tin trên là đúng sự thật
29/01/2026 15:05:52,hoangvanlong816@gmail.com,Hoàng Văn Long,2251164816,19/09/2003,Nam,1205000816,0134805550,hoangvanlong816@sv.tlu.edu.vn,Kinh tế,Tài chính ngân hàng,65TCNH1,năm 3,2.91,Hà Nội,415,,https://drive.google.com/file/d/1iKzFwiHVeCgSPljirH9nPVskwYHyMZtu/view?usp=drivesdk,Tôi cam kết các thông tin trên là đúng sự thật
29/01/2026 15:05:52,hoangvanlong817@gmail.com,Hoàng Văn Long,2251164817,11/01/2006,Nam,1205000817,0058953629,hoangvanlong817@sv.tlu.edu.vn,Kinh tế,Kế toán,65KT1,năm 3,3.77,Gia Lai,193,,https://drive.google.com/file/d/1Q2Tu5nFSjNBCGSO-E2y-jvd3BE1nH_em/view?usp=drivesdk,Tôi cam kết các thông tin trên là đúng sự thật
29/01/2026 15:05:52,buithihanh818@gmail.com,Bùi Thị Hạnh,2251164818,24/01/2006,Nữ,1205000818,0260523680,buithihanh818@sv.tlu.edu.vn,Kinh tế,Kinh tế xây dựng,65KTXD1,năm 1,3.90,Lào Cai,351,,https://drive.google.com/file/d/1rc1i4nYQdvtw9No5iYyk_beI5sIpXkhP/view?usp=drivesdk,Tôi cam kết các thông tin trên là đúng sự thật
29/01/2026 15:05:52,hoangvanlong819@gmail.com,Hoàng Văn Long,2251164819,04/01/2005,Nam,1205000819,0348173178,hoangvanlong819@sv.tlu.edu.vn,Công nghệ thông tin,Mạng máy tính,64MMT1,năm 2,2.64,Nam Định,541,,https://drive.google.com/file/d/1mfl1_jltCDLZTr5sZoB8IR-cCCvHEWeP/view?usp=drivesdk,Tôi cam kết các thông tin trên là đúng sự thật
29/01/2026 15:05:52,vuthiphuong820@gmail.com,Vũ Thị Phương,2251164820,30/04/2006,Nữ,1205000820,0134719795,vuthiphuong820@sv.tlu.edu.vn,Công nghệ thông tin,Trí tuệ nhân tạo,64AI1,năm 3,2.97,Nam Định,130,,https://drive.google.com/file/d/1GgfnAWHyAdwunOcqhc9BeT3hsm678cul/view?usp=drivesdk,Tôi cam kết các thông tin trên là đúng sự thật
29/01/2026 15:05:52,hoangvanlong821@gmail.com,Hoàng Văn Long,2251164821,12/11/2004,Nam,1205000821,0556728686,hoangvanlong821@sv.tlu.edu.vn,Công nghệ thông tin,Kỹ thuật phần mềm,64KTPM1,năm 1,3.51,Nam Định,48,,https://drive.google.com/file/d/1d8ylnsyB7MEFZnthexlGgfdL5KNzjG6E/view?usp=drivesdk,Tôi cam kết các thông tin trên là đúng sự thật
29/01/2026 15:05:52,vuthiphuong822@gmail.com,Vũ Thị Phương,2251164822,22/08/2003,Nữ,1205000822,0451704602,vuthiphuong822@sv.tlu.edu.vn,Công nghệ thông tin,Mạng máy tính,64MMT1,năm 3,3.43,Nam Định,558,,https://drive.google.com/file/d/17dRJKdH0BhYvEBMzuUQUSo87z7T2698I/view?usp=drivesdk,Tôi cam kết các thông tin trên là đúng sự thật
29/01/2026 15:05:52,dangvankhanh823@gmail.com,Đặng Văn Khánh,2251164823,22/12/2004,Nam,1205000823,0937759273,dangvankhanh823@sv.tlu.edu.vn,Xây dựng,Công trình thủy,65CTT1,năm 4,3.14,Hưng Yên,280,,https://drive.google.com/file/d/1veGiAy8q1lv_JZu4srEJUUsWfciLIF5l/view?usp=drivesdk,Tôi cam kết các thông tin trên là đúng sự thật
29/01/2026 15:05:52,dangvankhanh824@gmail.com,Đặng Văn Khánh,2251164824,26/05/2003,Nam,1205000824,0798320649,dangvankhanh824@sv.tlu.edu.vn,Công nghệ thông tin,Mạng máy tính,64MMT1,năm 1,3.71,Nam Định,293,,https://drive.google.com/file/d/16xrfgjgI-tzDeG26C6uJUUaKYLfzCTyv/view?usp=drivesdk,Tôi cam kết các thông tin trên là đúng sự thật
29/01/2026 15:05:52,nguyenvanan825@gmail.com,Nguyễn Văn An,2251164825,18/07/2003,Nam,1205000825,0729737659,nguyenvanan825@sv.tlu.edu.vn,Cơ khí,Cơ khí chế tạo,65CK1,năm 2,3.31,Thanh Hóa,429,,https://drive.google.com/file/d/1ygPG9DO71U67Y-MT8WuHnWLCecsfGG7e/view?usp=drivesdk,Tôi cam kết các thông tin trên là đúng sự thật
29/01/2026 15:05:52,vuthiphuong826@gmail.com,Vũ Thị Phương,2251164826,04/01/2006,Nữ,1205000826,0903353003,vuthiphuong826@sv.tlu.edu.vn,Quản trị kinh doanh,Marketing,65MKT1,năm 2,3.96,Gia Lai,508,,https://drive.google.com/file/d/1JHxpQ8UwRl-vQbUKhoRidOxpD5ZN9Vah/view?usp=drivesdk,Tôi cam kết các thông tin trên là đúng sự thật
29/01/2026 15:05:52,dangvankhanh827@gmail.com,Đặng Văn Khánh,2251164827,24/12/2003,Nam,1205000827,0251759765,dangvankhanh827@sv.tlu.edu.vn,Kinh tế,Kinh tế xây dựng,65KTXD1,năm 4,3.53,Nam Định,224,,https://drive.google.com/file/d/1KRwv_YtZ1fzSMzQrHjLtvsQySOtfK20f/view?usp=drivesdk,Tôi cam kết các thông tin trên là đúng sự thật
29/01/2026 15:05:52,nguyenvanan828@gmail.com,Nguyễn Văn An,2251164828,18/04/2003,Nam,1205000828,0980810797,nguyenvanan828@sv.tlu.edu.vn,Ngôn ngữ học,Ngôn ngữ Trung,66NNT1,năm 1,3.96,Nam Định,212,,https://drive.google.com/file/d/1LDrzThLTrVgRoC5vDkn0NnZ7O7gNjeFA/view?usp=drivesdk,Tôi cam kết các thông tin trên là đúng sự thật
29/01/2026 15:05:52,tranvanbinh829@gmail.com,Trần Văn Bình,2251164829,03/01/2005,Nam,1205000829,0836918319,tranvanbinh829@sv.tlu.edu.vn,Công nghệ thông tin,Trí tuệ nhân tạo,64AI1,năm 2,2.54,Hưng Yên,55,,https://drive.google.com/file/d/1Yq4_AirONcwenkURrDZKncxiaFasO5mS/view?usp=drivesdk,Tôi cam kết các thông tin trên là đúng sự thật
29/01/2026 15:05:52,ngothilan830@gmail.com,Ngô Thị Lan,2251164830,29/05/2005,Nữ,1205000830,0469320897,ngothilan830@sv.tlu.edu.vn,Kinh tế,Kinh tế xây dựng,65KTXD1,năm 1,03.08,Thanh Hóa,417,,https://drive.google.com/file/d/1oTmzrPwpIAaw5oxyrwuurjaEhP1ivDy-/view?usp=drivesdk,Tôi cam kết các thông tin trên là đúng sự thật
29/01/2026 15:05:52,nguyenvanan831@gmail.com,Nguyễn Văn An,2251164831,27/02/2004,Nam,1205000831,0597430004,nguyenvanan831@sv.tlu.edu.vn,Công nghệ thông tin,Mạng máy tính,64MMT1,năm 4,3.31,Nam Định,269,,https://drive.google.com/file/d/11NeH0DudP8Uj6WLnzYvi30QOZy47DRue/view?usp=drivesdk,Tôi cam kết các thông tin trên là đúng sự thật
29/01/2026 15:05:52,vuthiphuong832@gmail.com,Vũ Thị Phương,2251164832,26/08/2003,Nữ,1205000832,0144283793,vuthiphuong832@sv.tlu.edu.vn,Công nghệ thông tin,Trí tuệ nhân tạo,64AI1,năm 1,03.06,Nghệ An,422,,https://drive.google.com/file/d/125qGzrDQMxhN6uRTXuys4Oq4oCBFIukb/view?usp=drivesdk,Tôi cam kết các thông tin trên là đúng sự thật
29/01/2026 15:05:52,hoangvanlong833@gmail.com,Hoàng Văn Long,2251164833,27/08/2004,Nam,1205000833,0213717869,hoangvanlong833@sv.tlu.edu.vn,Cơ khí,Cơ khí chế tạo,65CK1,năm 3,2.41,Thanh Hóa,48,,https://drive.google.com/file/d/1cv1abesfuxbqpyJPSY7CBh4SBv2Le2ms/view?usp=drivesdk,Tôi cam kết các thông tin trên là đúng sự thật
29/01/2026 15:05:52,ngothilan834@gmail.com,Ngô Thị Lan,2251164834,26/06/2004,Nữ,1205000834,0206401845,ngothilan834@sv.tlu.edu.vn,Công nghệ thông tin,Hệ thống thông tin,64HTTT2,năm 1,3.85,Lào Cai,13,,https://drive.google.com/file/d/19pJVkZH7IXmjuDjiBZcE2nNfYkxGd2ls/view?usp=drivesdk,Tôi cam kết các thông tin trên là đúng sự thật
29/01/2026 15:05:52,hoangvanlong835@gmail.com,Hoàng Văn Long,2251164835,02/02/2004,Nam,1205000835,0805748477,hoangvanlong835@sv.tlu.edu.vn,Công nghệ thông tin,Khoa học máy tính,64CNTT1,năm 4,3.24,Hưng Yên,206,,https://drive.google.com/file/d/1rsh8h75ahBDvSIr2nY2aQm2_KkZHXTGu/view?usp=drivesdk,Tôi cam kết các thông tin trên là đúng sự thật
29/01/2026 15:05:52,tranvanbinh836@gmail.com,Trần Văn Bình,2251164836,13/12/2005,Nam,1205000836,0153359768,tranvanbinh836@sv.tlu.edu.vn,Công nghệ thông tin,Trí tuệ nhân tạo,64AI1,năm 4,03.09,Lào Cai,104,,https://drive.google.com/file/d/1ze3A702OJ16z0F5wGMxS2DhqBZZ-uHrl/view?usp=drivesdk,Tôi cam kết các thông tin trên là đúng sự thật
29/01/2026 15:05:52,buithihanh837@gmail.com,Bùi Thị Hạnh,2251164837,06/04/2005,Nữ,1205000837,0424399062,buithihanh837@sv.tlu.edu.vn,Kinh tế,Tài chính ngân hàng,65TCNH1,năm 2,03.05,Hà Nội,73,,https://drive.google.com/file/d/1KfWXNvjEZUjDOFeV4L-UdhApuvczdy7Z/view?usp=drivesdk,Tôi cam kết các thông tin trên là đúng sự thật
29/01/2026 15:05:52,vuthiphuong838@gmail.com,Vũ Thị Phương,2251164838,23/03/2004,Nữ,1205000838,0964035400,vuthiphuong838@sv.tlu.edu.vn,Công nghệ thông tin,Khoa học máy tính,64CNTT1,năm 4,3.59,Gia Lai,260,,https://drive.google.com/file/d/1cfo_i08VTIXiLb1t-kZ8zqBQZ6gmhz7u/view?usp=drivesdk,Tôi cam kết các thông tin trên là đúng sự thật
29/01/2026 15:05:52,phamvancuong839@gmail.com,Phạm Văn Cường,2251164839,17/05/2003,Nam,1205000839,0771768943,phamvancuong839@sv.tlu.edu.vn,Kinh tế,Kế toán,65KT1,năm 3,2.44,Thanh Hóa,217,,https://drive.google.com/file/d/1REhDHGiN-HVkeAKg-J23ZocBX4DWj4Yw/view?usp=drivesdk,Tôi cam kết các thông tin trên là đúng sự thật
29/01/2026 15:05:52,dothimai840@gmail.com,Đỗ Thị Mai,2251164840,16/07/2006,Nữ,1205000840,0183398705,dothimai840@sv.tlu.edu.vn,Kinh tế,Kinh tế xây dựng,65KTXD1,năm 3,3.82,Thanh Hóa,486,,https://drive.google.com/file/d/16kC90WxzSfIr1QDnGyObfpqltF35rXLC/view?usp=drivesdk,Tôi cam kết các thông tin trên là đúng sự thật
29/01/2026 15:05:52,buithihanh841@gmail.com,Bùi Thị Hạnh,2251164841,27/12/2005,Nữ,1205000841,0255817575,buithihanh841@sv.tlu.edu.vn,Công nghệ thông tin,Khoa học máy tính,64CNTT1,năm 1,3.30,Nghệ An,117,,https://drive.google.com/file/d/1UX-v6gOE76o7F8fC_6bl-ODpY8W3AqJv/view?usp=drivesdk,Tôi cam kết các thông tin trên là đúng sự thật
29/01/2026 15:05:52,dothimai842@gmail.com,Đỗ Thị Mai,2251164842,20/05/2003,Nữ,1205000842,0523396343,dothimai842@sv.tlu.edu.vn,Cơ khí,Cơ khí chế tạo,65CK1,năm 3,2.53,Lào Cai,168,,https://drive.google.com/file/d/1c6l1zx02_NXSRX1Seszlut5UHAakmtqS/view?usp=drivesdk,Tôi cam kết các thông tin trên là đúng sự thật
29/01/2026 15:05:52,dangvankhanh843@gmail.com,Đặng Văn Khánh,2251164843,04/09/2003,Nam,1205000843,0785398670,dangvankhanh843@sv.tlu.edu.vn,Ngôn ngữ học,Ngôn ngữ Trung,66NNT1,năm 4,3.46,Hưng Yên,440,,https://drive.google.com/file/d/1pFA9iVkjE8cebSOdMYxbc5pf8FhKOFjF/view?usp=drivesdk,Tôi cam kết các thông tin trên là đúng sự thật
29/01/2026 15:05:52,dothimai844@gmail.com,Đỗ Thị Mai,2251164844,19/01/2005,Nữ,1205000844,0398358824,dothimai844@sv.tlu.edu.vn,Ngôn ngữ học,Ngôn ngữ Trung,66NNT1,năm 4,3.89,Thanh Hóa,17,,https://drive.google.com/file/d/1LpNASPVKBQGbSFsPlJ_AVVHB4sc5FKxJ/view?usp=drivesdk,Tôi cam kết các thông tin trên là đúng sự thật
29/01/2026 15:05:52,nguyenvanan845@gmail.com,Nguyễn Văn An,2251164845,31/01/2005,Nam,1205000845,0622150197,nguyenvanan845@sv.tlu.edu.vn,Môi trường,Kỹ thuật môi trường,65MT1,năm 2,3.66,Hà Nội,447,,https://drive.google.com/file/d/1mnIACuYRcMRClCBRgYrkXOH8qbqJSu1R/view?usp=drivesdk,Tôi cam kết các thông tin trên là đúng sự thật
29/01/2026 15:05:52,buithihanh846@gmail.com,Bùi Thị Hạnh,2251164846,13/08/2003,Nữ,1205000846,0206768109,buithihanh846@sv.tlu.edu.vn,Ngôn ngữ học,Ngôn ngữ Trung,66NNT1,năm 1,03.06,Nghệ An,98,,https://drive.google.com/file/d/1KxwcZFZWrmcyadOJefREcpj8TN3voEt2/view?usp=drivesdk,Tôi cam kết các thông tin trên là đúng sự thật
29/01/2026 15:05:52,tranvanbinh847@gmail.com,Trần Văn Bình,2251164847,19/08/2003,Nam,1205000847,0399132099,tranvanbinh847@sv.tlu.edu.vn,Cơ khí,Cơ khí chế tạo,65CK1,năm 1,3.87,Hà Nội,380,,https://drive.google.com/file/d/1BBhwJg-7Zj52i_SRvxgRjpVVGLZ_DI7W/view?usp=drivesdk,Tôi cam kết các thông tin trên là đúng sự thật
29/01/2026 15:05:52,buithihanh848@gmail.com,Bùi Thị Hạnh,2251164848,11/05/2003,Nữ,1205000848,0520581674,buithihanh848@sv.tlu.edu.vn,Kinh tế,Tài chính ngân hàng,65TCNH1,năm 2,03.02,Hưng Yên,417,,https://drive.google.com/file/d/1CmMExIvyGpRpUxpNJrxDhDzpG_0tI1uQ/view?usp=drivesdk,Tôi cam kết các thông tin trên là đúng sự thật
29/01/2026 15:05:52,hoangvanlong849@gmail.com,Hoàng Văn Long,2251164849,19/04/2004,Nam,1205000849,0769463645,hoangvanlong849@sv.tlu.edu.vn,Xây dựng,Công trình thủy,65CTT1,năm 4,3.35,Thanh Hóa,536,,https://drive.google.com/file/d/1FHWxnTToqKeYcZUzF_u3j5xHZLmxdrbt/view?usp=drivesdk,Tôi cam kết các thông tin trên là đúng sự thật
29/01/2026 15:05:52,buithihanh850@gmail.com,Bùi Thị Hạnh,2251164850,26/12/2003,Nữ,1205000850,0012523045,buithihanh850@sv.tlu.edu.vn,Công nghệ thông tin,Trí tuệ nhân tạo,64AI1,năm 4,3.34,Gia Lai,461,,https://drive.google.com/file/d/1RjcFVqhjExEcJ8alHaswG0sStjmbkqUB/view?usp=drivesdk,Tôi cam kết các thông tin trên là đúng sự thật
29/01/2026 15:05:52,dangvankhanh851@gmail.com,Đặng Văn Khánh,2251164851,29/03/2005,Nam,1205000851,0594510647,dangvankhanh851@sv.tlu.edu.vn,Công nghệ thông tin,Mạng máy tính,64MMT1,năm 1,3.80,Hưng Yên,522,,https://drive.google.com/file/d/1B1XVLmFvrgVQr82Y0UqT0MBn2x8aPA5t/view?usp=drivesdk,Tôi cam kết các thông tin trên là đúng sự thật
29/01/2026 15:05:52,dothimai852@gmail.com,Đỗ Thị Mai,2251164852,01/05/2006,Nữ,1205000852,0157987309,dothimai852@sv.tlu.edu.vn,Quản trị kinh doanh,Marketing,65MKT1,năm 1,2.82,Hưng Yên,90,,https://drive.google.com/file/d/1nT0PPLE3VMJBxuvdY9kZ1NvcxIktCLsZ/view?usp=drivesdk,Tôi cam kết các thông tin trên là đúng sự thật
29/01/2026 15:05:52,ngothilan853@gmail.com,Ngô Thị Lan,2251164853,06/09/2003,Nữ,1205000853,0725955958,ngothilan853@sv.tlu.edu.vn,Môi trường,Kỹ thuật môi trường,65MT1,năm 3,3.14,Nghệ An,526,,https://drive.google.com/file/d/1xdqh36FgjI91vLCva6z7g6zR3GAUWDjN/view?usp=drivesdk,Tôi cam kết các thông tin trên là đúng sự thật
29/01/2026 15:05:52,lethidieu854@gmail.com,Lê Thị Diệu,2251164854,19/10/2005,Nữ,1205000854,0646927447,lethidieu854@sv.tlu.edu.vn,Xây dựng,Kỹ thuật xây dựng,65XDD1,năm 4,2.51,Hưng Yên,482,,https://drive.google.com/file/d/1nIN-RwVDYvHLkurJgpCJ6X2dJdnkYJBc/view?usp=drivesdk,Tôi cam kết các thông tin trên là đúng sự thật
29/01/2026 15:05:52,ngothilan855@gmail.com,Ngô Thị Lan,2251164855,01/05/2005,Nữ,1205000855,0299079510,ngothilan855@sv.tlu.edu.vn,Ngôn ngữ học,Ngôn ngữ Trung,66NNT1,năm 1,3.59,Gia Lai,228,,https://drive.google.com/file/d/1Lrfu2E0M6JfxvgtmW4FOqA_sCoAO30vB/view?usp=drivesdk,Tôi cam kết các thông tin trên là đúng sự thật
29/01/2026 15:05:52,buithihanh856@gmail.com,Bùi Thị Hạnh,2251164856,27/12/2003,Nữ,1205000856,0931653376,buithihanh856@sv.tlu.edu.vn,Điện – Điện tử,Kỹ thuật điện,65D1,năm 4,3.13,Hưng Yên,90,,https://drive.google.com/file/d/1UCJtpbsz7WmtW9TReopCa9e9Yp19xHNz/view?usp=drivesdk,Tôi cam kết các thông tin trên là đúng sự thật
29/01/2026 15:05:52,phamvancuong857@gmail.com,Phạm Văn Cường,2251164857,07/06/2005,Nam,1205000857,0406338117,phamvancuong857@sv.tlu.edu.vn,Quản trị kinh doanh,Marketing,65MKT1,năm 1,3.73,Hà Nội,442,,https://drive.google.com/file/d/10owZwW7NJliqK1kbBv0g9kXo5-hZScJd/view?usp=drivesdk,Tôi cam kết các thông tin trên là đúng sự thật
29/01/2026 15:05:52,dangvankhanh858@gmail.com,Đặng Văn Khánh,2251164858,29/01/2003,Nam,1205000858,0405128476,dangvankhanh858@sv.tlu.edu.vn,Công nghệ thông tin,Mạng máy tính,64MMT1,năm 4,2.42,Gia Lai,415,,https://drive.google.com/file/d/1zfqMOcQ2SjEtubdkxu2f7XOCJFOBZH-d/view?usp=drivesdk,Tôi cam kết các thông tin trên là đúng sự thật
29/01/2026 15:05:52,dangvankhanh859@gmail.com,Đặng Văn Khánh,2251164859,19/04/2004,Nam,1205000859,0180355007,dangvankhanh859@sv.tlu.edu.vn,Điện – Điện tử,Kỹ thuật điện,65D1,năm 3,2.56,Lào Cai,526,,https://drive.google.com/file/d/1jUWmBXo8Wfjb4memDrdafY1jItazS3l7/view?usp=drivesdk,Tôi cam kết các thông tin trên là đúng sự thật
29/01/2026 15:05:52,tranvanbinh860@gmail.com,Trần Văn Bình,2251164860,08/12/2006,Nam,1205000860,0640983482,tranvanbinh860@sv.tlu.edu.vn,Ngôn ngữ học,Ngôn ngữ Trung,66NNT1,năm 1,3.87,Gia Lai,574,,https://drive.google.com/file/d/1zA97ldlpAKvOFrqW6_20_3FfkceibNr5/view?usp=drivesdk,Tôi cam kết các thông tin trên là đúng sự thật
29/01/2026 15:05:52,ngothilan861@gmail.com,Ngô Thị Lan,2251164861,15/10/2003,Nữ,1205000861,0816999465,ngothilan861@sv.tlu.edu.vn,Công nghệ thông tin,Hệ thống thông tin,64HTTT2,năm 3,3.27,Nam Định,555,,https://drive.google.com/file/d/19Ip4W35CDRUpda7A6LJ4BWqG3ExwBVa1/view?usp=drivesdk,Tôi cam kết các thông tin trên là đúng sự thật
29/01/2026 15:05:52,buithihanh862@gmail.com,Bùi Thị Hạnh,2251164862,27/01/2005,Nữ,1205000862,0880358623,buithihanh862@sv.tlu.edu.vn,Điện – Điện tử,Kỹ thuật điện,65D1,năm 2,3.44,Hà Nội,156,,https://drive.google.com/file/d/17Vsxmans9S4HtoMjJOeYfl2u4WfZjlWA/view?usp=drivesdk,Tôi cam kết các thông tin trên là đúng sự thật
29/01/2026 15:05:52,ngothilan863@gmail.com,Ngô Thị Lan,2251164863,10/09/2004,Nữ,1205000863,0956118349,ngothilan863@sv.tlu.edu.vn,Kinh tế,Kế toán,65KT1,năm 3,3.82,Nghệ An,346,,https://drive.google.com/file/d/19rumHNoZzMJER9cRhC90CMbUvWB8gvVG/view?usp=drivesdk,Tôi cam kết các thông tin trên là đúng sự thật
29/01/2026 15:05:52,lethidieu864@gmail.com,Lê Thị Diệu,2251164864,21/04/2006,Nữ,1205000864,0589522134,lethidieu864@sv.tlu.edu.vn,Công nghệ thông tin,Khoa học máy tính,64CNTT1,năm 3,2.78,Nghệ An,43,,https://drive.google.com/file/d/1hxpuym0h1CyTB6fHVVXxJkm492fKRSDT/view?usp=drivesdk,Tôi cam kết các thông tin trên là đúng sự thật
29/01/2026 15:05:52,vuthiphuong865@gmail.com,Vũ Thị Phương,2251164865,28/05/2004,Nữ,1205000865,0178515048,vuthiphuong865@sv.tlu.edu.vn,Công nghệ thông tin,Mạng máy tính,64MMT1,năm 4,3.74,Lào Cai,531,,https://drive.google.com/file/d/1sI9yorWx0oXJN_B1uauX56TM_zEhhXBW/view?usp=drivesdk,Tôi cam kết các thông tin trên là đúng sự thật
29/01/2026 15:05:52,phamvancuong866@gmail.com,Phạm Văn Cường,2251164866,30/03/2004,Nam,1205000866,0998620374,phamvancuong866@sv.tlu.edu.vn,Môi trường,Kỹ thuật môi trường,65MT1,năm 4,3.97,Hưng Yên,504,,https://drive.google.com/file/d/1B6htHf69ZZWFwrXUEjwsoRbHnSgkqWfE/view?usp=drivesdk,Tôi cam kết các thông tin trên là đúng sự thật
29/01/2026 15:05:52,nguyenvanan867@gmail.com,Nguyễn Văn An,2251164867,16/08/2006,Nam,1205000867,0293465479,nguyenvanan867@sv.tlu.edu.vn,Công nghệ thông tin,Kỹ thuật phần mềm,64KTPM1,năm 3,2.76,Nam Định,431,,https://drive.google.com/file/d/1AtDN97t8GRX6hnyuWljGuHIUuDW50pya/view?usp=drivesdk,Tôi cam kết các thông tin trên là đúng sự thật
29/01/2026 15:05:52,nguyenvanan868@gmail.com,Nguyễn Văn An,2251164868,22/08/2006,Nam,1205000868,0353860391,nguyenvanan868@sv.tlu.edu.vn,Kinh tế,Kinh tế xây dựng,65KTXD1,năm 1,3.79,Nam Định,445,,https://drive.google.com/file/d/1XR1oo2MzEALAtasVONBonqjyfKvqPuGj/view?usp=drivesdk,Tôi cam kết các thông tin trên là đúng sự thật
29/01/2026 15:05:52,lethidieu869@gmail.com,Lê Thị Diệu,2251164869,13/01/2004,Nữ,1205000869,0773305231,lethidieu869@sv.tlu.edu.vn,Quản trị kinh doanh,Marketing,65MKT1,năm 1,3.35,Hà Nội,109,,https://drive.google.com/file/d/13kb77RLwc3FWf-WLz9D9MCCPKxCKy3im/view?usp=drivesdk,Tôi cam kết các thông tin trên là đúng sự thật
29/01/2026 15:05:52,dangvankhanh870@gmail.com,Đặng Văn Khánh,2251164870,02/09/2006,Nam,1205000870,0354455572,dangvankhanh870@sv.tlu.edu.vn,Công nghệ thông tin,Kỹ thuật phần mềm,64KTPM1,năm 3,03.09,Nghệ An,522,,https://drive.google.com/file/d/1pEzX0tAhXG_6n2kZkAw4_xgIDgQQmkHB/view?usp=drivesdk,Tôi cam kết các thông tin trên là đúng sự thật
29/01/2026 15:05:52,dothimai871@gmail.com,Đỗ Thị Mai,2251164871,19/07/2005,Nữ,1205000871,0279759719,dothimai871@sv.tlu.edu.vn,Công nghệ thông tin,Hệ thống thông tin,64HTTT2,năm 4,3.48,Hà Nội,57,,https://drive.google.com/file/d/1_fgADXEk1f4lzj6rmxJWIjCnQxLoUm9H/view?usp=drivesdk,Tôi cam kết các thông tin trên là đúng sự thật
29/01/2026 15:05:52,vuthiphuong872@gmail.com,Vũ Thị Phương,2251164872,22/11/2006,Nữ,1205000872,0562870179,vuthiphuong872@sv.tlu.edu.vn,Công nghệ thông tin,Khoa học máy tính,64CNTT1,năm 4,03.06,Nghệ An,205,,https://drive.google.com/file/d/1M2LuU7-eQY1cRW4VMGRs7-9c0sDuqyCs/view?usp=drivesdk,Tôi cam kết các thông tin trên là đúng sự thật
29/01/2026 15:05:52,dothimai873@gmail.com,Đỗ Thị Mai,2251164873,23/06/2006,Nữ,1205000873,0241146684,dothimai873@sv.tlu.edu.vn,Quản trị kinh doanh,Marketing,65MKT1,năm 3,2.87,Hưng Yên,580,,https://drive.google.com/file/d/1qhpXxYrL9gl7lqv-leOAdsjtsu0CkQ7M/view?usp=drivesdk,Tôi cam kết các thông tin trên là đúng sự thật
29/01/2026 15:05:52,vuthiphuong874@gmail.com,Vũ Thị Phương,2251164874,24/09/2005,Nữ,1205000874,0630950190,vuthiphuong874@sv.tlu.edu.vn,Cơ khí,Cơ khí chế tạo,65CK1,năm 3,2.99,Nam Định,365,,https://drive.google.com/file/d/1ASXWCBA-nve8XkrGqLGv5Y34FTmK2uG7/view?usp=drivesdk,Tôi cam kết các thông tin trên là đúng sự thật
29/01/2026 15:05:52,dothimai875@gmail.com,Đỗ Thị Mai,2251164875,19/01/2004,Nữ,1205000875,0095943049,dothimai875@sv.tlu.edu.vn,Điện – Điện tử,Kỹ thuật điện,65D1,năm 2,2.44,Thanh Hóa,332,,https://drive.google.com/file/d/16llfXOtu4fLKbBRb-DGriHwq1MiCfBAC/view?usp=drivesdk,Tôi cam kết các thông tin trên là đúng sự thật
29/01/2026 15:05:52,dangvankhanh876@gmail.com,Đặng Văn Khánh,2251164876,18/09/2004,Nam,1205000876,0013981777,dangvankhanh876@sv.tlu.edu.vn,Ngôn ngữ học,Ngôn ngữ Anh,66NNA1,năm 1,2.74,Hà Nội,128,,https://drive.google.com/file/d/1BH_TQAH7TdQRcAA-oFCk4a66AuWY2eVh/view?usp=drivesdk,Tôi cam kết các thông tin trên là đúng sự thật
29/01/2026 15:05:52,tranvanbinh877@gmail.com,Trần Văn Bình,2251164877,26/03/2006,Nam,1205000877,0584632635,tranvanbinh877@sv.tlu.edu.vn,Xây dựng,Công trình thủy,65CTT1,năm 2,3.39,Nam Định,459,,https://drive.google.com/file/d/1ITt8a4EweZGlsGho4EYLEDnMlA3ogbj1/view?usp=drivesdk,Tôi cam kết các thông tin trên là đúng sự thật
29/01/2026 15:05:52,vuthiphuong878@gmail.com,Vũ Thị Phương,2251164878,18/06/2003,Nữ,1205000878,0816844283,vuthiphuong878@sv.tlu.edu.vn,Quản trị kinh doanh,Quản trị doanh nghiệp,65QTDN1,năm 1,3.12,Hưng Yên,348,,https://drive.google.com/file/d/1x3APd-BX1WT5UUfa3fLhcYZ8X9EcVcCM/view?usp=drivesdk,Tôi cam kết các thông tin trên là đúng sự thật
29/01/2026 15:05:52,nguyenvanan879@gmail.com,Nguyễn Văn An,2251164879,10/02/2005,Nam,1205000879,0735940420,nguyenvanan879@sv.tlu.edu.vn,Công nghệ thông tin,Trí tuệ nhân tạo,64AI1,năm 1,2.45,Hưng Yên,187,,https://drive.google.com/file/d/1KX0pJOwo2jhxo0tA_PmcKRfPHEVAVRcL/view?usp=drivesdk,Tôi cam kết các thông tin trên là đúng sự thật
29/01/2026 15:05:52,hoangvanlong880@gmail.com,Hoàng Văn Long,2251164880,07/03/2003,Nam,1205000880,0554469408,hoangvanlong880@sv.tlu.edu.vn,Công nghệ thông tin,Mạng máy tính,64MMT1,năm 1,3.54,Nghệ An,509,,https://drive.google.com/file/d/1N5h7xCupRqb0ebd-IWtA13JAcap_lFW3/view?usp=drivesdk,Tôi cam kết các thông tin trên là đúng sự thật
29/01/2026 15:05:52,hoangvanlong881@gmail.com,Hoàng Văn Long,2251164881,19/07/2006,Nam,1205000881,0434418451,hoangvanlong881@sv.tlu.edu.vn,Ngôn ngữ học,Ngôn ngữ Anh,66NNA1,năm 4,3.98,Gia Lai,313,,https://drive.google.com/file/d/1NM7a6AFezRGHYAUsBRCvRdJQrtPcHkSB/view?usp=drivesdk,Tôi cam kết các thông tin trên là đúng sự thật
29/01/2026 15:05:52,hoangvanlong882@gmail.com,Hoàng Văn Long,2251164882,27/02/2003,Nam,1205000882,0198908038,hoangvanlong882@sv.tlu.edu.vn,Công nghệ thông tin,Hệ thống thông tin,64HTTT2,năm 3,3.60,Nam Định,71,,https://drive.google.com/file/d/1nP6Fwgq8nqW7RO5gYuPVbAXy9Qqt0pxn/view?usp=drivesdk,Tôi cam kết các thông tin trên là đúng sự thật
29/01/2026 15:05:52,dothimai883@gmail.com,Đỗ Thị Mai,2251164883,02/05/2006,Nữ,1205000883,0399189519,dothimai883@sv.tlu.edu.vn,Công nghệ thông tin,Khoa học máy tính,64CNTT1,năm 1,2.57,Hưng Yên,86,,https://drive.google.com/file/d/16lgTDaRbpSUM_i1oGU4_R5KPzn5LeLRy/view?usp=drivesdk,Tôi cam kết các thông tin trên là đúng sự thật
29/01/2026 15:05:52,dothimai884@gmail.com,Đỗ Thị Mai,2251164884,04/12/2006,Nữ,1205000884,0817532724,dothimai884@sv.tlu.edu.vn,Kinh tế,Kinh tế xây dựng,65KTXD1,năm 1,3.10,Thanh Hóa,73,,https://drive.google.com/file/d/1RuET5o6CBNN8GaPd6icKjzdh90CID0G0/view?usp=drivesdk,Tôi cam kết các thông tin trên là đúng sự thật
29/01/2026 15:05:52,hoangvanlong885@gmail.com,Hoàng Văn Long,2251164885,21/02/2006,Nam,1205000885,0265483469,hoangvanlong885@sv.tlu.edu.vn,Công nghệ thông tin,Hệ thống thông tin,64HTTT2,năm 3,3.84,Hà Nội,52,,https://drive.google.com/file/d/19WsfZPP3gmG98-c3SqfpbEVph8QwQlMC/view?usp=drivesdk,Tôi cam kết các thông tin trên là đúng sự thật
29/01/2026 15:05:52,lethidieu886@gmail.com,Lê Thị Diệu,2251164886,11/05/2003,Nữ,1205000886,0627371136,lethidieu886@sv.tlu.edu.vn,Công nghệ thông tin,Khoa học máy tính,64CNTT1,năm 1,2.85,Nam Định,396,,https://drive.google.com/file/d/1Ifekca-cuGQnXZ3q3Y7NM0_F1q1ffrSj/view?usp=drivesdk,Tôi cam kết các thông tin trên là đúng sự thật
29/01/2026 15:05:52,hoangvanlong887@gmail.com,Hoàng Văn Long,2251164887,31/08/2005,Nam,1205000887,0781090797,hoangvanlong887@sv.tlu.edu.vn,Điện – Điện tử,Kỹ thuật điện,65D1,năm 3,3.63,Lào Cai,58,,https://drive.google.com/file/d/1uJU_iwp_ot3FxdQQ7q8F6SAjtAwkYxNy/view?usp=drivesdk,Tôi cam kết các thông tin trên là đúng sự thật
29/01/2026 15:05:52,buithihanh888@gmail.com,Bùi Thị Hạnh,2251164888,07/06/2005,Nữ,1205000888,0784875447,buithihanh888@sv.tlu.edu.vn,Ngôn ngữ học,Ngôn ngữ Trung,66NNT1,năm 1,3.31,Nghệ An,433,,https://drive.google.com/file/d/1HbQPyhP5YwuA2ZV_vpQFFAVeQJquMsi-/view?usp=drivesdk,Tôi cam kết các thông tin trên là đúng sự thật
29/01/2026 15:05:52,vuthiphuong889@gmail.com,Vũ Thị Phương,2251164889,05/11/2003,Nữ,1205000889,0361503404,vuthiphuong889@sv.tlu.edu.vn,Công nghệ thông tin,Kỹ thuật phần mềm,64KTPM1,năm 1,3.72,Lào Cai,194,,https://drive.google.com/file/d/1AlKUid1pHgq8SfptAYJNeFv270wG5JiW/view?usp=drivesdk,Tôi cam kết các thông tin trên là đúng sự thật
29/01/2026 15:05:52,buithihanh890@gmail.com,Bùi Thị Hạnh,2251164890,16/12/2003,Nữ,1205000890,0741258899,buithihanh890@sv.tlu.edu.vn,Kinh tế,Kế toán,65KT1,năm 3,03.03,Nghệ An,585,,https://drive.google.com/file/d/1mAoWcsWbmIADFL3xC2Lu_37UxV-93JQs/view?usp=drivesdk,Tôi cam kết các thông tin trên là đúng sự thật
29/01/2026 15:05:52,buithihanh891@gmail.com,Bùi Thị Hạnh,2251164891,27/12/2003,Nữ,1205000891,0664930347,buithihanh891@sv.tlu.edu.vn,Kinh tế,Tài chính ngân hàng,65TCNH1,năm 4,2.49,Nam Định,208,,https://drive.google.com/file/d/1S3xnKplF3564uqpKdNM_Qhj_lish6qb0/view?usp=drivesdk,Tôi cam kết các thông tin trên là đúng sự thật
29/01/2026 15:05:52,phamvancuong892@gmail.com,Phạm Văn Cường,2251164892,17/09/2006,Nam,1205000892,0668983695,phamvancuong892@sv.tlu.edu.vn,Kinh tế,Tài chính ngân hàng,65TCNH1,năm 1,2.88,Nghệ An,32,,https://drive.google.com/file/d/1qfSoMHQ3zzEabMTEt0d79iAvPwGnEerT/view?usp=drivesdk,Tôi cam kết các thông tin trên là đúng sự thật
29/01/2026 15:05:52,vuthiphuong893@gmail.com,Vũ Thị Phương,2251164893,04/06/2003,Nữ,1205000893,0809977359,vuthiphuong893@sv.tlu.edu.vn,Kinh tế,Kinh tế xây dựng,65KTXD1,năm 1,2.65,Nghệ An,327,,https://drive.google.com/file/d/1EiaFf_JHfZXug34_m54Dp7DcyRhxNACl/view?usp=drivesdk,Tôi cam kết các thông tin trên là đúng sự thật
29/01/2026 15:05:52,lethidieu894@gmail.com,Lê Thị Diệu,2251164894,27/01/2003,Nữ,1205000894,0349224713,lethidieu894@sv.tlu.edu.vn,Kinh tế,Kế toán,65KT1,năm 1,2.68,Gia Lai,159,,https://drive.google.com/file/d/12DeQEFBmYm0U6egc9OL9OYRXZoleXQpY/view?usp=drivesdk,Tôi cam kết các thông tin trên là đúng sự thật
29/01/2026 15:05:52,phamvancuong895@gmail.com,Phạm Văn Cường,2251164895,03/01/2004,Nam,1205000895,0849773099,phamvancuong895@sv.tlu.edu.vn,Kinh tế,Kế toán,65KT1,năm 4,3.58,Nam Định,64,,https://drive.google.com/file/d/1ToQJ64qSbA80jIbfgSEyTAbNdWbVQyh2/view?usp=drivesdk,Tôi cam kết các thông tin trên là đúng sự thật
29/01/2026 15:05:52,hoangvanlong896@gmail.com,Hoàng Văn Long,2251164896,02/07/2003,Nam,1205000896,0270933258,hoangvanlong896@sv.tlu.edu.vn,Kinh tế,Kế toán,65KT1,năm 4,3.21,Nam Định,576,,https://drive.google.com/file/d/1ta41Bo7Dwbl61xofR8NOImnq7HPe-8Qv/view?usp=drivesdk,Tôi cam kết các thông tin trên là đúng sự thật
29/01/2026 15:05:52,lethidieu897@gmail.com,Lê Thị Diệu,2251164897,12/07/2004,Nữ,1205000897,0213974782,lethidieu897@sv.tlu.edu.vn,Công nghệ thông tin,Kỹ thuật phần mềm,64KTPM1,năm 3,3.67,Thanh Hóa,249,,https://drive.google.com/file/d/1N4-2WFRfXNBLXdd0vVMkJ8jx84V3UosE/view?usp=drivesdk,Tôi cam kết các thông tin trên là đúng sự thật
29/01/2026 15:05:52,phamvancuong898@gmail.com,Phạm Văn Cường,2251164898,01/06/2005,Nam,1205000898,0696756258,phamvancuong898@sv.tlu.edu.vn,Công nghệ thông tin,Hệ thống thông tin,64HTTT2,năm 3,3.75,Hà Nội,390,,https://drive.google.com/file/d/1bsYFmASPkSuAtbyNq1-hulzqDeEcW4d8/view?usp=drivesdk,Tôi cam kết các thông tin trên là đúng sự thật
29/01/2026 15:05:52,vuthiphuong899@gmail.com,Vũ Thị Phương,2251164899,17/05/2006,Nữ,1205000899,0120378664,vuthiphuong899@sv.tlu.edu.vn,Kinh tế,Tài chính ngân hàng,65TCNH1,năm 1,3.75,Nam Định,14,,https://drive.google.com/file/d/1YyfnbuQrCzVxc7iNed_rmwB-XOH4rQ6n/view?usp=drivesdk,Tôi cam kết các thông tin trên là đúng sự thật
29/01/2026 15:05:52,buithihanh900@gmail.com,Bùi Thị Hạnh,2251164900,12/12/2004,Nữ,1205000900,0828642800,buithihanh900@sv.tlu.edu.vn,Xây dựng,Kỹ thuật xây dựng,65XDD1,năm 4,2.50,Hưng Yên,334,,https://drive.google.com/file/d/1RVVSxRL07LWXQSYMxp9yewIkdkUuXqKl/view?usp=drivesdk,Tôi cam kết các thông tin trên là đúng sự thật
29/01/2026 15:05:52,dangvankhanh901@gmail.com,Đặng Văn Khánh,2251164901,15/08/2003,Nam,1205000901,0531902371,dangvankhanh901@sv.tlu.edu.vn,Kinh tế,Kế toán,65KT1,năm 3,2.70,Thanh Hóa,366,,https://drive.google.com/file/d/1-KvE8RJt-lfWSGzKfztR8V6kj2rHCggV/view?usp=drivesdk,Tôi cam kết các thông tin trên là đúng sự thật
29/01/2026 15:05:52,tranvanbinh902@gmail.com,Trần Văn Bình,2251164902,06/05/2003,Nam,1205000902,0996589968,tranvanbinh902@sv.tlu.edu.vn,Kinh tế,Tài chính ngân hàng,65TCNH1,năm 1,2.93,Hà Nội,20,,https://drive.google.com/file/d/1l_aVtimOlqiAuWNCg-lDY7VRtBuptxRR/view?usp=drivesdk,Tôi cam kết các thông tin trên là đúng sự thật
29/01/2026 15:05:52,nguyenvanan903@gmail.com,Nguyễn Văn An,2251164903,03/04/2005,Nam,1205000903,0951648230,nguyenvanan903@sv.tlu.edu.vn,Quản trị kinh doanh,Marketing,65MKT1,năm 2,3.97,Hà Nội,223,,https://drive.google.com/file/d/1RCtO61mToQ6pt7hX4COD4HBEKc-lessM/view?usp=drivesdk,Tôi cam kết các thông tin trên là đúng sự thật
29/01/2026 15:05:52,hoangvanlong904@gmail.com,Hoàng Văn Long,2251164904,12/05/2006,Nam,1205000904,0435378919,hoangvanlong904@sv.tlu.edu.vn,Cơ khí,Cơ khí chế tạo,65CK1,năm 3,3.16,Hà Nội,320,,https://drive.google.com/file/d/1BGCSL3CI6BAsxHRjLYEJYcCBKaHhkLP4/view?usp=drivesdk,Tôi cam kết các thông tin trên là đúng sự thật
29/01/2026 15:05:52,buithihanh905@gmail.com,Bùi Thị Hạnh,2251164905,10/02/2004,Nữ,1205000905,0178512756,buithihanh905@sv.tlu.edu.vn,Công nghệ thông tin,Hệ thống thông tin,64HTTT2,năm 3,3.25,Hà Nội,321,,https://drive.google.com/file/d/1KxShbgJbY69MMdDxNFiUxFSSZo2jsu8k/view?usp=drivesdk,Tôi cam kết các thông tin trên là đúng sự thật
29/01/2026 15:05:52,hoangvanlong906@gmail.com,Hoàng Văn Long,2251164906,08/04/2004,Nam,1205000906,0674110491,hoangvanlong906@sv.tlu.edu.vn,Công nghệ thông tin,Hệ thống thông tin,64HTTT2,năm 1,2.44,Nam Định,198,,https://drive.google.com/file/d/1cFhhe3SFG2RxdCcyPxWP_3OhSm5itzxZ/view?usp=drivesdk,Tôi cam kết các thông tin trên là đúng sự thật
29/01/2026 15:05:52,ngothilan907@gmail.com,Ngô Thị Lan,2251164907,18/02/2005,Nữ,1205000907,0788293802,ngothilan907@sv.tlu.edu.vn,Điện – Điện tử,Kỹ thuật điện,65D1,năm 3,3.11,Lào Cai,74,,https://drive.google.com/file/d/1XWlPPFBLkCXsNX0xsUvjMlHZxG_0MpU5/view?usp=drivesdk,Tôi cam kết các thông tin trên là đúng sự thật
29/01/2026 15:05:52,tranvanbinh908@gmail.com,Trần Văn Bình,2251164908,02/02/2005,Nam,1205000908,0237836215,tranvanbinh908@sv.tlu.edu.vn,Công nghệ thông tin,Trí tuệ nhân tạo,64AI1,năm 4,3.92,Thanh Hóa,46,,https://drive.google.com/file/d/1Q1x4ykYcqayjsxGWzYnHyp3At23efQTr/view?usp=drivesdk,Tôi cam kết các thông tin trên là đúng sự thật
29/01/2026 15:05:52,nguyenvanan909@gmail.com,Nguyễn Văn An,2251164909,14/02/2003,Nam,1205000909,0054990861,nguyenvanan909@sv.tlu.edu.vn,Công nghệ thông tin,Hệ thống thông tin,64HTTT2,năm 4,3.13,Gia Lai,107,,https://drive.google.com/file/d/1al0lrQXivr41w34g0-UkZiFzq9R_u-C3/view?usp=drivesdk,Tôi cam kết các thông tin trên là đúng sự thật
29/01/2026 15:05:52,phamvancuong910@gmail.com,Phạm Văn Cường,2251164910,20/09/2003,Nam,1205000910,0155311493,phamvancuong910@sv.tlu.edu.vn,Môi trường,Kỹ thuật môi trường,65MT1,năm 4,3.79,Thanh Hóa,301,,https://drive.google.com/file/d/1TZJwE-FfITi-swaXUUYKNi00cfa3FRl0/view?usp=drivesdk,Tôi cam kết các thông tin trên là đúng sự thật
29/01/2026 15:05:52,phamvancuong911@gmail.com,Phạm Văn Cường,2251164911,03/08/2005,Nam,1205000911,0303825126,phamvancuong911@sv.tlu.edu.vn,Ngôn ngữ học,Ngôn ngữ Trung,66NNT1,năm 1,3.20,Lào Cai,418,,https://drive.google.com/file/d/1dOglyM8auHU1ZmwgsUe8IWLl2AhbdTGz/view?usp=drivesdk,Tôi cam kết các thông tin trên là đúng sự thật
29/01/2026 15:05:52,buithihanh912@gmail.com,Bùi Thị Hạnh,2251164912,05/08/2005,Nữ,1205000912,0773136577,buithihanh912@sv.tlu.edu.vn,Xây dựng,Công trình thủy,65CTT1,năm 3,2.68,Hà Nội,411,,https://drive.google.com/file/d/1ZV8M3V-B0iISeDgtBCYx2rCdRRUMFQ7i/view?usp=drivesdk,Tôi cam kết các thông tin trên là đúng sự thật
29/01/2026 15:05:52,ngothilan913@gmail.com,Ngô Thị Lan,2251164913,18/01/2003,Nữ,1205000913,0324133403,ngothilan913@sv.tlu.edu.vn,Quản trị kinh doanh,Quản trị doanh nghiệp,65QTDN1,năm 4,03.05,Lào Cai,462,,https://drive.google.com/file/d/1r0ny7GV-92eNMr45_ccVrgPDFM_njEjO/view?usp=drivesdk,Tôi cam kết các thông tin trên là đúng sự thật
29/01/2026 15:05:52,dangvankhanh914@gmail.com,Đặng Văn Khánh,2251164914,20/04/2006,Nam,1205000914,0135534288,dangvankhanh914@sv.tlu.edu.vn,Xây dựng,Kỹ thuật xây dựng,65XDD1,năm 3,2.59,Gia Lai,488,,https://drive.google.com/file/d/1jSLfQiNNK-6GkbgBTvBwI0rxL9C2rp5C/view?usp=drivesdk,Tôi cam kết các thông tin trên là đúng sự thật
29/01/2026 15:05:52,lethidieu915@gmail.com,Lê Thị Diệu,2251164915,27/11/2006,Nữ,1205000915,0838516450,lethidieu915@sv.tlu.edu.vn,Công nghệ thông tin,Hệ thống thông tin,64HTTT2,năm 1,2.74,Hưng Yên,453,,https://drive.google.com/file/d/1pc-nKh3Fd3OB02_0NBi2fTXNKP3RSdXl/view?usp=drivesdk,Tôi cam kết các thông tin trên là đúng sự thật
29/01/2026 15:05:52,phamvancuong916@gmail.com,Phạm Văn Cường,2251164916,08/04/2003,Nam,1205000916,0933195998,phamvancuong916@sv.tlu.edu.vn,Quản trị kinh doanh,Quản trị doanh nghiệp,65QTDN1,năm 1,03.09,Gia Lai,593,,https://drive.google.com/file/d/1p6dNBW9jHSzntUCrVuU-kn4uO5hm1qpA/view?usp=drivesdk,Tôi cam kết các thông tin trên là đúng sự thật
29/01/2026 15:05:52,tranvanbinh917@gmail.com,Trần Văn Bình,2251164917,21/10/2004,Nam,1205000917,0918416101,tranvanbinh917@sv.tlu.edu.vn,Ngôn ngữ học,Ngôn ngữ Anh,66NNA1,năm 4,2.55,Thanh Hóa,443,,https://drive.google.com/file/d/1MBgQli_jRERzpUt0hSqcj7PdbXgrw2Pj/view?usp=drivesdk,Tôi cam kết các thông tin trên là đúng sự thật
29/01/2026 15:05:52,dothimai918@gmail.com,Đỗ Thị Mai,2251164918,11/10/2003,Nữ,1205000918,0875167518,dothimai918@sv.tlu.edu.vn,Quản trị kinh doanh,Quản trị doanh nghiệp,65QTDN1,năm 1,2.92,Nghệ An,563,,https://drive.google.com/file/d/1ESDrfJufpHfahByFVe9iNN5_zLnLXDa3/view?usp=drivesdk,Tôi cam kết các thông tin trên là đúng sự thật
29/01/2026 15:05:52,lethidieu919@gmail.com,Lê Thị Diệu,2251164919,26/08/2004,Nữ,1205000919,0775679163,lethidieu919@sv.tlu.edu.vn,Quản trị kinh doanh,Quản trị doanh nghiệp,65QTDN1,năm 1,3.43,Gia Lai,303,,https://drive.google.com/file/d/1WPHvMtzPE2r2_0YqXERDGQCr2mDTpqA2/view?usp=drivesdk,Tôi cam kết các thông tin trên là đúng sự thật
29/01/2026 15:05:52,phamvancuong920@gmail.com,Phạm Văn Cường,2251164920,13/11/2004,Nam,1205000920,0982999384,phamvancuong920@sv.tlu.edu.vn,Kinh tế,Kế toán,65KT1,năm 4,3.61,Thanh Hóa,494,,https://drive.google.com/file/d/1j8WEs1BTFBwWSykytGNdC0Q9QY1dov4i/view?usp=drivesdk,Tôi cam kết các thông tin trên là đúng sự thật
29/01/2026 15:05:52,tranvanbinh921@gmail.com,Trần Văn Bình,2251164921,28/05/2003,Nam,1205000921,0359964996,tranvanbinh921@sv.tlu.edu.vn,Kinh tế,Kinh tế xây dựng,65KTXD1,năm 1,3.19,Hà Nội,581,,https://drive.google.com/file/d/156ufPwMy3qitu0pirYcfgzvmXfLCH8NF/view?usp=drivesdk,Tôi cam kết các thông tin trên là đúng sự thật
29/01/2026 15:05:52,dangvankhanh922@gmail.com,Đặng Văn Khánh,2251164922,15/01/2003,Nam,1205000922,0974082771,dangvankhanh922@sv.tlu.edu.vn,Kinh tế,Tài chính ngân hàng,65TCNH1,năm 1,2.84,Nam Định,558,,https://drive.google.com/file/d/1fEyoVdwWve-gMWBiBT4aNWjKtDyNOtbt/view?usp=drivesdk,Tôi cam kết các thông tin trên là đúng sự thật
29/01/2026 15:05:52,hoangvanlong923@gmail.com,Hoàng Văn Long,2251164923,28/08/2004,Nam,1205000923,0429533400,hoangvanlong923@sv.tlu.edu.vn,Quản trị kinh doanh,Quản trị doanh nghiệp,65QTDN1,năm 3,3.82,Nghệ An,40,,https://drive.google.com/file/d/1nu77Z542GIK9lc2y5DR_mCYCQdRKf8br/view?usp=drivesdk,Tôi cam kết các thông tin trên là đúng sự thật
29/01/2026 15:05:52,vuthiphuong924@gmail.com,Vũ Thị Phương,2251164924,13/08/2004,Nữ,1205000924,0753357435,vuthiphuong924@sv.tlu.edu.vn,Cơ khí,Cơ khí chế tạo,65CK1,năm 1,03.07,Nghệ An,382,,https://drive.google.com/file/d/1gy9pXKMC9veWN-fIPGipAqhrfu3j1l3O/view?usp=drivesdk,Tôi cam kết các thông tin trên là đúng sự thật
29/01/2026 15:05:52,nguyenvanan925@gmail.com,Nguyễn Văn An,2251164925,30/01/2005,Nam,1205000925,0728914725,nguyenvanan925@sv.tlu.edu.vn,Điện – Điện tử,Kỹ thuật điện,65D1,năm 3,3.49,Nam Định,159,,https://drive.google.com/file/d/1h2zzIRri0K1woXXZZEIbS4KYpTrUuCjH/view?usp=drivesdk,Tôi cam kết các thông tin trên là đúng sự thật
29/01/2026 15:05:52,dangvankhanh926@gmail.com,Đặng Văn Khánh,2251164926,02/03/2003,Nam,1205000926,0593660692,dangvankhanh926@sv.tlu.edu.vn,Kinh tế,Kinh tế xây dựng,65KTXD1,năm 1,3.65,Nam Định,202,,https://drive.google.com/file/d/1T76vcBcPVY-wPXkyQyR2ClcYhI_odq6j/view?usp=drivesdk,Tôi cam kết các thông tin trên là đúng sự thật
29/01/2026 15:05:52,nguyenvanan927@gmail.com,Nguyễn Văn An,2251164927,14/01/2004,Nam,1205000927,0901831904,nguyenvanan927@sv.tlu.edu.vn,Ngôn ngữ học,Ngôn ngữ Trung,66NNT1,năm 1,2.90,Gia Lai,256,,https://drive.google.com/file/d/1xLYGzcGwbUSyI56KlC3uInBYDo-Wx4ez/view?usp=drivesdk,Tôi cam kết các thông tin trên là đúng sự thật
29/01/2026 15:05:52,phamvancuong928@gmail.com,Phạm Văn Cường,2251164928,20/06/2006,Nam,1205000928,0914150495,phamvancuong928@sv.tlu.edu.vn,Công nghệ thông tin,Hệ thống thông tin,64HTTT2,năm 4,03.06,Lào Cai,477,,https://drive.google.com/file/d/1ebw96G1_wgpbaz6fqL30Mywc76Oz-4wE/view?usp=drivesdk,Tôi cam kết các thông tin trên là đúng sự thật
29/01/2026 15:05:52,nguyenvanan929@gmail.com,Nguyễn Văn An,2251164929,04/04/2003,Nam,1205000929,0548026527,nguyenvanan929@sv.tlu.edu.vn,Công nghệ thông tin,Mạng máy tính,64MMT1,năm 2,3.84,Lào Cai,65,,https://drive.google.com/file/d/1ZPNxdULlKg7qluNK5JHLBP-eS_Ukpkqz/view?usp=drivesdk,Tôi cam kết các thông tin trên là đúng sự thật
29/01/2026 15:05:52,buithihanh930@gmail.com,Bùi Thị Hạnh,2251164930,27/08/2003,Nữ,1205000930,0853682091,buithihanh930@sv.tlu.edu.vn,Điện – Điện tử,Kỹ thuật điện,65D1,năm 2,3.43,Hưng Yên,306,,https://drive.google.com/file/d/1fNQ9HI2MxZbuGcLDBtC5SiHnhDnWHDlQ/view?usp=drivesdk,Tôi cam kết các thông tin trên là đúng sự thật
29/01/2026 15:05:52,lethidieu931@gmail.com,Lê Thị Diệu,2251164931,21/09/2004,Nữ,1205000931,0201049067,lethidieu931@sv.tlu.edu.vn,Xây dựng,Công trình thủy,65CTT1,năm 1,2.75,Nam Định,539,,https://drive.google.com/file/d/12lpK-aol3z8-WHPGFv7w803LA4dBZI_l/view?usp=drivesdk,Tôi cam kết các thông tin trên là đúng sự thật
29/01/2026 15:05:52,dothimai932@gmail.com,Đỗ Thị Mai,2251164932,06/01/2003,Nữ,1205000932,0384392333,dothimai932@sv.tlu.edu.vn,Xây dựng,Kỹ thuật xây dựng,65XDD1,năm 2,3.31,Hà Nội,248,,https://drive.google.com/file/d/1PX9_5rSdU4Nw47ppHejs9svyjMJciISq/view?usp=drivesdk,Tôi cam kết các thông tin trên là đúng sự thật
29/01/2026 15:05:52,phamvancuong933@gmail.com,Phạm Văn Cường,2251164933,04/10/2004,Nam,1205000933,0356832833,phamvancuong933@sv.tlu.edu.vn,Xây dựng,Công trình thủy,65CTT1,năm 2,2.85,Nam Định,381,,https://drive.google.com/file/d/14N1wnd8kTgpmJS9YXIefapJ8oNIOj58V/view?usp=drivesdk,Tôi cam kết các thông tin trên là đúng sự thật
29/01/2026 15:05:52,lethidieu934@gmail.com,Lê Thị Diệu,2251164934,02/02/2006,Nữ,1205000934,0339387986,lethidieu934@sv.tlu.edu.vn,Xây dựng,Kỹ thuật xây dựng,65XDD1,năm 1,3.89,Hưng Yên,13,,https://drive.google.com/file/d/1O6HGIQfpWSZp0DNVlCNOcptNHE-OJHQj/view?usp=drivesdk,Tôi cam kết các thông tin trên là đúng sự thật
29/01/2026 15:05:52,lethidieu935@gmail.com,Lê Thị Diệu,2251164935,07/07/2003,Nữ,1205000935,0791544692,lethidieu935@sv.tlu.edu.vn,Công nghệ thông tin,Kỹ thuật phần mềm,64KTPM1,năm 2,2.70,Gia Lai,413,,https://drive.google.com/file/d/1cRy0R86_sf0a8BJRxrtafR1R9GIC9iet/view?usp=drivesdk,Tôi cam kết các thông tin trên là đúng sự thật
29/01/2026 15:05:52,dangvankhanh936@gmail.com,Đặng Văn Khánh,2251164936,08/02/2003,Nam,1205000936,0486085297,dangvankhanh936@sv.tlu.edu.vn,Ngôn ngữ học,Ngôn ngữ Trung,66NNT1,năm 4,3.66,Gia Lai,216,,https://drive.google.com/file/d/1QXGlzKiWraw30H51i8PvJ_5lvPZ66xBA/view?usp=drivesdk,Tôi cam kết các thông tin trên là đúng sự thật
29/01/2026 15:05:52,hoangvanlong937@gmail.com,Hoàng Văn Long,2251164937,18/11/2005,Nam,1205000937,0792652697,hoangvanlong937@sv.tlu.edu.vn,Quản trị kinh doanh,Marketing,65MKT1,năm 2,3.15,Lào Cai,145,,https://drive.google.com/file/d/1NI9AOWix2rIQyosR-yo0KJtRjbEkwZt8/view?usp=drivesdk,Tôi cam kết các thông tin trên là đúng sự thật
29/01/2026 15:05:52,lethidieu938@gmail.com,Lê Thị Diệu,2251164938,01/02/2003,Nữ,1205000938,0008692839,lethidieu938@sv.tlu.edu.vn,Công nghệ thông tin,Kỹ thuật phần mềm,64KTPM1,năm 4,3.65,Nam Định,382,,https://drive.google.com/file/d/160VblnoYAvJ2QDWk4B7QVgbwQR2qmZuG/view?usp=drivesdk,Tôi cam kết các thông tin trên là đúng sự thật
29/01/2026 15:05:52,vuthiphuong939@gmail.com,Vũ Thị Phương,2251164939,06/11/2004,Nữ,1205000939,0348325600,vuthiphuong939@sv.tlu.edu.vn,Môi trường,Kỹ thuật môi trường,65MT1,năm 2,03.05,Nam Định,236,,https://drive.google.com/file/d/1U5W2CjArgPa9WPV97U4CNL5AHRMgbMIz/view?usp=drivesdk,Tôi cam kết các thông tin trên là đúng sự thật
29/01/2026 15:05:52,vuthiphuong940@gmail.com,Vũ Thị Phương,2251164940,17/10/2006,Nữ,1205000940,0368597259,vuthiphuong940@sv.tlu.edu.vn,Công nghệ thông tin,Trí tuệ nhân tạo,64AI1,năm 3,2.53,Nghệ An,263,,https://drive.google.com/file/d/1Eg_s5NhKsfq3iT0LU97Uc-HJHRQ8mObi/view?usp=drivesdk,Tôi cam kết các thông tin trên là đúng sự thật
29/01/2026 15:05:52,buithihanh941@gmail.com,Bùi Thị Hạnh,2251164941,20/02/2005,Nữ,1205000941,0573423393,buithihanh941@sv.tlu.edu.vn,Cơ khí,Cơ khí chế tạo,65CK1,năm 2,3.32,Nam Định,108,,https://drive.google.com/file/d/1oZwu0A5sMPo2xSznf6r4-QPBxA7odXzh/view?usp=drivesdk,Tôi cam kết các thông tin trên là đúng sự thật
29/01/2026 15:05:52,tranvanbinh942@gmail.com,Trần Văn Bình,2251164942,08/04/2006,Nam,1205000942,0949010021,tranvanbinh942@sv.tlu.edu.vn,Kinh tế,Kinh tế xây dựng,65KTXD1,năm 3,2.75,Nam Định,359,,https://drive.google.com/file/d/1Ax8Z8OvSg0QYMmyxHdSwjnykDGQ-0UBt/view?usp=drivesdk,Tôi cam kết các thông tin trên là đúng sự thật
29/01/2026 15:05:52,lethidieu943@gmail.com,Lê Thị Diệu,2251164943,21/11/2004,Nữ,1205000943,0543959572,lethidieu943@sv.tlu.edu.vn,Công nghệ thông tin,Trí tuệ nhân tạo,64AI1,năm 1,3.77,Hà Nội,62,,https://drive.google.com/file/d/1dYNK7qWeXYXt4cvpLkrkvXg0n0M0U8ma/view?usp=drivesdk,Tôi cam kết các thông tin trên là đúng sự thật
29/01/2026 15:05:52,nguyenvanan944@gmail.com,Nguyễn Văn An,2251164944,04/08/2003,Nam,1205000944,0511077010,nguyenvanan944@sv.tlu.edu.vn,Cơ khí,Cơ khí chế tạo,65CK1,năm 4,3.62,Gia Lai,239,,https://drive.google.com/file/d/1Gw1TUKhgVGhSlOBKOiHrNNZ-YhtGqC1F/view?usp=drivesdk,Tôi cam kết các thông tin trên là đúng sự thật
29/01/2026 15:05:52,vuthiphuong945@gmail.com,Vũ Thị Phương,2251164945,01/02/2003,Nữ,1205000945,0433086368,vuthiphuong945@sv.tlu.edu.vn,Công nghệ thông tin,Khoa học máy tính,64CNTT1,năm 3,2.44,Lào Cai,234,,https://drive.google.com/file/d/1oSt15gI3DkL5t5kVSv9JuTmU5BZZyYxF/view?usp=drivesdk,Tôi cam kết các thông tin trên là đúng sự thật
29/01/2026 15:05:52,phamvancuong946@gmail.com,Phạm Văn Cường,2251164946,22/08/2005,Nam,1205000946,0592091106,phamvancuong946@sv.tlu.edu.vn,Công nghệ thông tin,Mạng máy tính,64MMT1,năm 4,3.63,Nghệ An,490,,https://drive.google.com/file/d/1AtKEXAJBHEDHKeINbjeKugezHupTIaIF/view?usp=drivesdk,Tôi cam kết các thông tin trên là đúng sự thật
29/01/2026 15:05:52,hoangvanlong947@gmail.com,Hoàng Văn Long,2251164947,13/08/2006,Nam,1205000947,0588068026,hoangvanlong947@sv.tlu.edu.vn,Ngôn ngữ học,Ngôn ngữ Anh,66NNA1,năm 1,03.09,Lào Cai,551,,https://drive.google.com/file/d/19hrBdT2tXe9xO8WAQFaMwZsdIKxvYCSJ/view?usp=drivesdk,Tôi cam kết các thông tin trên là đúng sự thật
29/01/2026 15:05:52,buithihanh948@gmail.com,Bùi Thị Hạnh,2251164948,23/12/2004,Nữ,1205000948,0286490697,buithihanh948@sv.tlu.edu.vn,Cơ khí,Cơ khí chế tạo,65CK1,năm 3,2.93,Nghệ An,320,,https://drive.google.com/file/d/1WrtgaPTKf1GrzhgfkixKHdBFOr0kbFEJ/view?usp=drivesdk,Tôi cam kết các thông tin trên là đúng sự thật
29/01/2026 15:05:52,phamvancuong949@gmail.com,Phạm Văn Cường,2251164949,24/12/2005,Nam,1205000949,0182038082,phamvancuong949@sv.tlu.edu.vn,Công nghệ thông tin,Kỹ thuật phần mềm,64KTPM1,năm 1,3.00,Nghệ An,122,,https://drive.google.com/file/d/1NM67BfAx4mdCxSs-TkR9VFDdYki70BRc/view?usp=drivesdk,Tôi cam kết các thông tin trên là đúng sự thật
29/01/2026 15:05:52,dothimai950@gmail.com,Đỗ Thị Mai,2251164950,02/04/2005,Nữ,1205000950,0449000260,dothimai950@sv.tlu.edu.vn,Kinh tế,Tài chính ngân hàng,65TCNH1,năm 1,2.43,Hà Nội,564,,https://drive.google.com/file/d/10ulCaJjnBajBX30KQbythULvhJZu6zsC/view?usp=drivesdk,Tôi cam kết các thông tin trên là đúng sự thật
29/01/2026 15:05:52,buithihanh951@gmail.com,Bùi Thị Hạnh,2251164951,29/10/2004,Nữ,1205000951,0195235561,buithihanh951@sv.tlu.edu.vn,Công nghệ thông tin,Khoa học máy tính,64CNTT1,năm 3,3.23,Hưng Yên,444,,https://drive.google.com/file/d/19MEzX0ekFVthqJVPvh6BVBdvapHNC1vX/view?usp=drivesdk,Tôi cam kết các thông tin trên là đúng sự thật
29/01/2026 15:05:52,ngothilan952@gmail.com,Ngô Thị Lan,2251164952,07/11/2003,Nữ,1205000952,0024501206,ngothilan952@sv.tlu.edu.vn,Công nghệ thông tin,Hệ thống thông tin,64HTTT2,năm 1,3.59,Nam Định,21,,https://drive.google.com/file/d/1_HsgRUp_W8hKwINuAE8-E-WQe5NAPq_Y/view?usp=drivesdk,Tôi cam kết các thông tin trên là đúng sự thật
29/01/2026 15:05:52,nguyenvanan953@gmail.com,Nguyễn Văn An,2251164953,12/11/2003,Nam,1205000953,0100297400,nguyenvanan953@sv.tlu.edu.vn,Công nghệ thông tin,Khoa học máy tính,64CNTT1,năm 3,3.83,Gia Lai,241,,https://drive.google.com/file/d/1uKOlxu8IxBdpxd4KsPcu85FV2H7I_5I5/view?usp=drivesdk,Tôi cam kết các thông tin trên là đúng sự thật
29/01/2026 15:05:52,vuthiphuong954@gmail.com,Vũ Thị Phương,2251164954,24/10/2006,Nữ,1205000954,0163992477,vuthiphuong954@sv.tlu.edu.vn,Ngôn ngữ học,Ngôn ngữ Anh,66NNA1,năm 1,3.20,Gia Lai,474,,https://drive.google.com/file/d/14sswLZcLXq79-xUJN84bNDsHPTK8QT2K/view?usp=drivesdk,Tôi cam kết các thông tin trên là đúng sự thật
29/01/2026 15:05:52,phamvancuong955@gmail.com,Phạm Văn Cường,2251164955,20/04/2004,Nam,1205000955,0696320239,phamvancuong955@sv.tlu.edu.vn,Ngôn ngữ học,Ngôn ngữ Anh,66NNA1,năm 3,2.62,Nam Định,411,,https://drive.google.com/file/d/1NVQFSQjQsRep1JCFIOWi5Jnc8x5IxR2a/view?usp=drivesdk,Tôi cam kết các thông tin trên là đúng sự thật
29/01/2026 15:05:52,nguyenvanan956@gmail.com,Nguyễn Văn An,2251164956,20/08/2004,Nam,1205000956,0925065698,nguyenvanan956@sv.tlu.edu.vn,Ngôn ngữ học,Ngôn ngữ Anh,66NNA1,năm 4,03.01,Gia Lai,37,,https://drive.google.com/file/d/1SL44xUSbrsTSMd50Ej6Enhqo-4O2YN4t/view?usp=drivesdk,Tôi cam kết các thông tin trên là đúng sự thật
29/01/2026 15:05:52,ngothilan957@gmail.com,Ngô Thị Lan,2251164957,26/02/2004,Nữ,1205000957,0181562097,ngothilan957@sv.tlu.edu.vn,Công nghệ thông tin,Trí tuệ nhân tạo,64AI1,năm 2,3.40,Nghệ An,234,,https://drive.google.com/file/d/1CTCOdsIS6ElPsGoDevwcXmxs2IyextHl/view?usp=drivesdk,Tôi cam kết các thông tin trên là đúng sự thật
29/01/2026 15:05:52,dangvankhanh958@gmail.com,Đặng Văn Khánh,2251164958,01/07/2005,Nam,1205000958,0998780890,dangvankhanh958@sv.tlu.edu.vn,Công nghệ thông tin,Trí tuệ nhân tạo,64AI1,năm 3,3.96,Nam Định,293,,https://drive.google.com/file/d/180kHEDEHyirJjvX275tKx8UtvS245oDQ/view?usp=drivesdk,Tôi cam kết các thông tin trên là đúng sự thật
29/01/2026 15:05:52,dangvankhanh959@gmail.com,Đặng Văn Khánh,2251164959,13/10/2006,Nam,1205000959,0513424165,dangvankhanh959@sv.tlu.edu.vn,Công nghệ thông tin,Khoa học máy tính,64CNTT1,năm 3,2.96,Thanh Hóa,104,,https://drive.google.com/file/d/1Cvqwhz92RwIJQiN2n4yBbqB7BKtn0i1i/view?usp=drivesdk,Tôi cam kết các thông tin trên là đúng sự thật
29/01/2026 15:05:52,ngothilan960@gmail.com,Ngô Thị Lan,2251164960,22/08/2005,Nữ,1205000960,0100710458,ngothilan960@sv.tlu.edu.vn,Công nghệ thông tin,Hệ thống thông tin,64HTTT2,năm 3,03.02,Lào Cai,356,,https://drive.google.com/file/d/1KnHlhnf6aRmUpQnjQPYZcwnkBd5qh-Ln/view?usp=drivesdk,Tôi cam kết các thông tin trên là đúng sự thật
29/01/2026 15:05:52,buithihanh961@gmail.com,Bùi Thị Hạnh,2251164961,18/09/2004,Nữ,1205000961,0044571908,buithihanh961@sv.tlu.edu.vn,Ngôn ngữ học,Ngôn ngữ Anh,66NNA1,năm 4,3.59,Gia Lai,301,,https://drive.google.com/file/d/19s2YqgchuPXQQMF-QkqaEOYpLjPlww-L/view?usp=drivesdk,Tôi cam kết các thông tin trên là đúng sự thật
29/01/2026 15:05:52,phamvancuong962@gmail.com,Phạm Văn Cường,2251164962,17/05/2003,Nam,1205000962,0073249271,phamvancuong962@sv.tlu.edu.vn,Kinh tế,Kinh tế xây dựng,65KTXD1,năm 1,2.86,Gia Lai,568,,https://drive.google.com/file/d/14RijOKt28MRoWY8fypXfo3NNef99gJ5x/view?usp=drivesdk,Tôi cam kết các thông tin trên là đúng sự thật
29/01/2026 15:05:52,buithihanh963@gmail.com,Bùi Thị Hạnh,2251164963,29/09/2006,Nữ,1205000963,0540502282,buithihanh963@sv.tlu.edu.vn,Quản trị kinh doanh,Quản trị doanh nghiệp,65QTDN1,năm 4,3.96,Hà Nội,261,,https://drive.google.com/file/d/1kNmAycEOZTlGyM7g7gsUf1lD2FPT4mv-/view?usp=drivesdk,Tôi cam kết các thông tin trên là đúng sự thật
29/01/2026 15:05:52,dangvankhanh964@gmail.com,Đặng Văn Khánh,2251164964,23/04/2005,Nam,1205000964,0178706803,dangvankhanh964@sv.tlu.edu.vn,Quản trị kinh doanh,Quản trị doanh nghiệp,65QTDN1,năm 4,3.59,Gia Lai,521,,https://drive.google.com/file/d/1-AL_f6gMw1TcSVgBytcUz6YO2QzuWIgJ/view?usp=drivesdk,Tôi cam kết các thông tin trên là đúng sự thật
29/01/2026 15:05:52,phamvancuong965@gmail.com,Phạm Văn Cường,2251164965,24/04/2006,Nam,1205000965,0456778618,phamvancuong965@sv.tlu.edu.vn,Quản trị kinh doanh,Quản trị doanh nghiệp,65QTDN1,năm 1,2.75,Lào Cai,46,,https://drive.google.com/file/d/12iyeBinV4QAQRxrA-SmlRi51LOv7A5yF/view?usp=drivesdk,Tôi cam kết các thông tin trên là đúng sự thật
29/01/2026 15:05:52,lethidieu966@gmail.com,Lê Thị Diệu,2251164966,09/11/2003,Nữ,1205000966,0825852650,lethidieu966@sv.tlu.edu.vn,Kinh tế,Kinh tế xây dựng,65KTXD1,năm 3,2.87,Thanh Hóa,486,,https://drive.google.com/file/d/1Hsh0bFZMOMdNXBC9gGPTgKNtvPMuf9HE/view?usp=drivesdk,Tôi cam kết các thông tin trên là đúng sự thật
29/01/2026 15:05:52,hoangvanlong967@gmail.com,Hoàng Văn Long,2251164967,21/11/2006,Nam,1205000967,0411761807,hoangvanlong967@sv.tlu.edu.vn,Công nghệ thông tin,Kỹ thuật phần mềm,64KTPM1,năm 1,03.05,Hà Nội,393,,https://drive.google.com/file/d/1XkWLs2fdf9mtXP4gdx4eUNfZjKVDn-vY/view?usp=drivesdk,Tôi cam kết các thông tin trên là đúng sự thật
29/01/2026 15:05:52,dothimai968@gmail.com,Đỗ Thị Mai,2251164968,06/04/2006,Nữ,1205000968,0928108452,dothimai968@sv.tlu.edu.vn,Điện – Điện tử,Kỹ thuật điện,65D1,năm 4,3.51,Gia Lai,399,,https://drive.google.com/file/d/1dvGiAC-aBlJo7KtQ-thKjwoZ7VtZjLKb/view?usp=drivesdk,Tôi cam kết các thông tin trên là đúng sự thật
29/01/2026 15:05:52,vuthiphuong969@gmail.com,Vũ Thị Phương,2251164969,09/09/2006,Nữ,1205000969,0299908883,vuthiphuong969@sv.tlu.edu.vn,Cơ khí,Cơ khí chế tạo,65CK1,năm 3,3.36,Hà Nội,453,,https://drive.google.com/file/d/14N0u1x-JyCfUarviZxjMjC1f_zuFKEZO/view?usp=drivesdk,Tôi cam kết các thông tin trên là đúng sự thật
29/01/2026 15:05:52,dangvankhanh970@gmail.com,Đặng Văn Khánh,2251164970,29/10/2004,Nam,1205000970,0841238352,dangvankhanh970@sv.tlu.edu.vn,Công nghệ thông tin,Kỹ thuật phần mềm,64KTPM1,năm 1,2.91,Thanh Hóa,491,,https://drive.google.com/file/d/15CWQDalV5ho9sy4wHfD0ieuMR5CYS1Zc/view?usp=drivesdk,Tôi cam kết các thông tin trên là đúng sự thật
29/01/2026 15:05:52,hoangvanlong971@gmail.com,Hoàng Văn Long,2251164971,29/06/2003,Nam,1205000971,0657228319,hoangvanlong971@sv.tlu.edu.vn,Công nghệ thông tin,Trí tuệ nhân tạo,64AI1,năm 1,3.26,Lào Cai,255,,https://drive.google.com/file/d/1tRBam3c_UODpton9hI-xPYE29n91rPlt/view?usp=drivesdk,Tôi cam kết các thông tin trên là đúng sự thật
29/01/2026 15:05:52,nguyenvanan972@gmail.com,Nguyễn Văn An,2251164972,25/04/2006,Nam,1205000972,0264325005,nguyenvanan972@sv.tlu.edu.vn,Kinh tế,Tài chính ngân hàng,65TCNH1,năm 4,3.87,Hà Nội,339,,https://drive.google.com/file/d/1kBpALGFzKkyuOkysXohNbkqQlmaJyZt9/view?usp=drivesdk,Tôi cam kết các thông tin trên là đúng sự thật
29/01/2026 15:05:52,lethidieu973@gmail.com,Lê Thị Diệu,2251164973,13/11/2005,Nữ,1205000973,0135658117,lethidieu973@sv.tlu.edu.vn,Công nghệ thông tin,Kỹ thuật phần mềm,64KTPM1,năm 4,3.53,Thanh Hóa,151,,https://drive.google.com/file/d/15smR8wwCwZkSqcfv7KnHB3vWTPZrgQGJ/view?usp=drivesdk,Tôi cam kết các thông tin trên là đúng sự thật
29/01/2026 15:05:52,lethidieu974@gmail.com,Lê Thị Diệu,2251164974,25/04/2006,Nữ,1205000974,0236209641,lethidieu974@sv.tlu.edu.vn,Quản trị kinh doanh,Quản trị doanh nghiệp,65QTDN1,năm 3,2.91,Lào Cai,323,,https://drive.google.com/file/d/1zMTreW8W_G_jBds4XbRf65-TTauEy2iw/view?usp=drivesdk,Tôi cam kết các thông tin trên là đúng sự thật
29/01/2026 15:05:52,dangvankhanh975@gmail.com,Đặng Văn Khánh,2251164975,01/09/2005,Nam,1205000975,0761852231,dangvankhanh975@sv.tlu.edu.vn,Xây dựng,Công trình thủy,65CTT1,năm 3,3.64,Thanh Hóa,188,,https://drive.google.com/file/d/1TMuPrZhTbcIDMVoTz2fxK3WBoHuM3uUl/view?usp=drivesdk,Tôi cam kết các thông tin trên là đúng sự thật
29/01/2026 15:05:52,phamvancuong976@gmail.com,Phạm Văn Cường,2251164976,09/12/2006,Nam,1205000976,0739534366,phamvancuong976@sv.tlu.edu.vn,Quản trị kinh doanh,Marketing,65MKT1,năm 1,3.57,Hưng Yên,125,,https://drive.google.com/file/d/1VJiRYaNvO9Djmb-xqJYTA1w100_sWlwj/view?usp=drivesdk,Tôi cam kết các thông tin trên là đúng sự thật
29/01/2026 15:05:52,dangvankhanh977@gmail.com,Đặng Văn Khánh,2251164977,03/01/2005,Nam,1205000977,0280874578,dangvankhanh977@sv.tlu.edu.vn,Công nghệ thông tin,Mạng máy tính,64MMT1,năm 3,3.36,Hưng Yên,564,,https://drive.google.com/file/d/19Tu_EWD5PRpYFd_lHloShOJhKSw2vNgL/view?usp=drivesdk,Tôi cam kết các thông tin trên là đúng sự thật
29/01/2026 15:05:52,tranvanbinh978@gmail.com,Trần Văn Bình,2251164978,01/05/2004,Nam,1205000978,0567128581,tranvanbinh978@sv.tlu.edu.vn,Xây dựng,Công trình thủy,65CTT1,năm 1,2.52,Thanh Hóa,312,,https://drive.google.com/file/d/1Y9UFd_aNuHlnEH51zhXXBnYSaUJvFX6c/view?usp=drivesdk,Tôi cam kết các thông tin trên là đúng sự thật
29/01/2026 15:05:52,dothimai979@gmail.com,Đỗ Thị Mai,2251164979,19/02/2004,Nữ,1205000979,0887876124,dothimai979@sv.tlu.edu.vn,Công nghệ thông tin,Hệ thống thông tin,64HTTT2,năm 1,3.40,Nghệ An,19,,https://drive.google.com/file/d/1Cs9xrhfLVVH3czA_PSdjBQjut3LUYVG1/view?usp=drivesdk,Tôi cam kết các thông tin trên là đúng sự thật
29/01/2026 15:05:52,vuthiphuong980@gmail.com,Vũ Thị Phương,2251164980,05/06/2003,Nữ,1205000980,0917889613,vuthiphuong980@sv.tlu.edu.vn,Công nghệ thông tin,Trí tuệ nhân tạo,64AI1,năm 4,2.42,Lào Cai,176,,https://drive.google.com/file/d/1WzEV7ctn1L1aQ5B7RuFTfeYFVjqo3i1L/view?usp=drivesdk,Tôi cam kết các thông tin trên là đúng sự thật
29/01/2026 15:05:52,nguyenvanan981@gmail.com,Nguyễn Văn An,2251164981,14/02/2004,Nam,1205000981,0207906174,nguyenvanan981@sv.tlu.edu.vn,Điện – Điện tử,Kỹ thuật điện,65D1,năm 3,2.61,Nam Định,237,,https://drive.google.com/file/d/1tUg9ChgSHpc-DMPWnT2YuO1rVws_1VCO/view?usp=drivesdk,Tôi cam kết các thông tin trên là đúng sự thật
29/01/2026 15:05:52,lethidieu982@gmail.com,Lê Thị Diệu,2251164982,24/02/2005,Nữ,1205000982,0627166006,lethidieu982@sv.tlu.edu.vn,Ngôn ngữ học,Ngôn ngữ Trung,66NNT1,năm 4,3.49,Hưng Yên,302,,https://drive.google.com/file/d/1W2WK_dNVxE0rthzWw7XrQRi3lc7hJo4C/view?usp=drivesdk,Tôi cam kết các thông tin trên là đúng sự thật
29/01/2026 15:05:52,phamvancuong983@gmail.com,Phạm Văn Cường,2251164983,15/11/2003,Nam,1205000983,0116859339,phamvancuong983@sv.tlu.edu.vn,Môi trường,Kỹ thuật môi trường,65MT1,năm 4,3.30,Gia Lai,273,,https://drive.google.com/file/d/1iD0dO4CNTMWmURSaP4HC9VPDttCdXwGU/view?usp=drivesdk,Tôi cam kết các thông tin trên là đúng sự thật
29/01/2026 15:05:52,ngothilan984@gmail.com,Ngô Thị Lan,2251164984,08/01/2005,Nữ,1205000984,0440215138,ngothilan984@sv.tlu.edu.vn,Quản trị kinh doanh,Quản trị doanh nghiệp,65QTDN1,năm 4,03.05,Hà Nội,568,,https://drive.google.com/file/d/1aazL29CCq08kFe2b2gZUNhOiXxBt62tO/view?usp=drivesdk,Tôi cam kết các thông tin trên là đúng sự thật
29/01/2026 15:05:52,lethidieu985@gmail.com,Lê Thị Diệu,2251164985,10/05/2003,Nữ,1205000985,0582514185,lethidieu985@sv.tlu.edu.vn,Ngôn ngữ học,Ngôn ngữ Anh,66NNA1,năm 1,2.87,Nam Định,176,,https://drive.google.com/file/d/1EVrMUkAfD72WtVoqlE5jeaFbBNlsDnlO/view?usp=drivesdk,Tôi cam kết các thông tin trên là đúng sự thật
29/01/2026 15:05:52,nguyenvanan986@gmail.com,Nguyễn Văn An,2251164986,05/02/2006,Nam,1205000986,0329386528,nguyenvanan986@sv.tlu.edu.vn,Điện – Điện tử,Kỹ thuật điện,65D1,năm 4,3.44,Lào Cai,172,,https://drive.google.com/file/d/1NMeesMKlZksKMVPAXMPXpyCVgDIQff-9/view?usp=drivesdk,Tôi cam kết các thông tin trên là đúng sự thật
29/01/2026 15:05:52,phamvancuong987@gmail.com,Phạm Văn Cường,2251164987,29/06/2005,Nam,1205000987,0355100773,phamvancuong987@sv.tlu.edu.vn,Cơ khí,Cơ khí chế tạo,65CK1,năm 3,2.54,Nghệ An,207,,https://drive.google.com/file/d/1rJuFp3WWv7heQ2CjuFoNVmc3BrW0i5mp/view?usp=drivesdk,Tôi cam kết các thông tin trên là đúng sự thật
29/01/2026 15:05:52,vuthiphuong988@gmail.com,Vũ Thị Phương,2251164988,01/09/2006,Nữ,1205000988,0348660376,vuthiphuong988@sv.tlu.edu.vn,Kinh tế,Kế toán,65KT1,năm 1,2.67,Hà Nội,578,,https://drive.google.com/file/d/1AFRgc3lIF7rXLXMxDFX-AU9YjISnwZ12/view?usp=drivesdk,Tôi cam kết các thông tin trên là đúng sự thật
29/01/2026 15:05:52,buithihanh989@gmail.com,Bùi Thị Hạnh,2251164989,20/03/2006,Nữ,1205000989,0382568515,buithihanh989@sv.tlu.edu.vn,Kinh tế,Kế toán,65KT1,năm 2,3.14,Lào Cai,172,,https://drive.google.com/file/d/1bu3V9muXwi-_Lk7cpD0gct5hMPZr28lc/view?usp=drivesdk,Tôi cam kết các thông tin trên là đúng sự thật
29/01/2026 15:05:52,hoangvanlong990@gmail.com,Hoàng Văn Long,2251164990,13/09/2004,Nam,1205000990,0570270810,hoangvanlong990@sv.tlu.edu.vn,Kinh tế,Kế toán,65KT1,năm 3,3.80,Thanh Hóa,542,,https://drive.google.com/file/d/1ANCU_G4bbH0CqcLZImNSXwCGVLQU9wYL/view?usp=drivesdk,Tôi cam kết các thông tin trên là đúng sự thật
29/01/2026 15:05:52,nguyenvanan991@gmail.com,Nguyễn Văn An,2251164991,24/01/2003,Nam,1205000991,0459122199,nguyenvanan991@sv.tlu.edu.vn,Xây dựng,Kỹ thuật xây dựng,65XDD1,năm 4,3.79,Gia Lai,206,,https://drive.google.com/file/d/1YkwSZjeJBkvb0_lg1CLDw8YRlDICPkjG/view?usp=drivesdk,Tôi cam kết các thông tin trên là đúng sự thật
29/01/2026 15:05:52,buithihanh992@gmail.com,Bùi Thị Hạnh,2251164992,29/05/2004,Nữ,1205000992,0639691531,buithihanh992@sv.tlu.edu.vn,Công nghệ thông tin,Hệ thống thông tin,64HTTT2,năm 4,2.91,Gia Lai,253,,https://drive.google.com/file/d/1M5rbOl5UqT-l5hUKmYNDHF-mkoNpYnZ2/view?usp=drivesdk,Tôi cam kết các thông tin trên là đúng sự thật
29/01/2026 15:05:52,phamvancuong993@gmail.com,Phạm Văn Cường,2251164993,24/06/2005,Nam,1205000993,0471431589,phamvancuong993@sv.tlu.edu.vn,Ngôn ngữ học,Ngôn ngữ Trung,66NNT1,năm 1,3.26,Nghệ An,233,,https://drive.google.com/file/d/1wLNcp6ku6tbbjA97Y5X44zCQ-p47Ezg_/view?usp=drivesdk,Tôi cam kết các thông tin trên là đúng sự thật
29/01/2026 15:05:52,dangvankhanh994@gmail.com,Đặng Văn Khánh,2251164994,09/06/2005,Nam,1205000994,0809562356,dangvankhanh994@sv.tlu.edu.vn,Công nghệ thông tin,Hệ thống thông tin,64HTTT2,năm 3,2.77,Nghệ An,596,,https://drive.google.com/file/d/1VWifqwzJ-JMO-nJKnJcBbDiYN5-rfva_/view?usp=drivesdk,Tôi cam kết các thông tin trên là đúng sự thật
29/01/2026 15:05:52,buithihanh995@gmail.com,Bùi Thị Hạnh,2251164995,25/06/2003,Nữ,1205000995,0496829342,buithihanh995@sv.tlu.edu.vn,Quản trị kinh doanh,Marketing,65MKT1,năm 2,3.26,Thanh Hóa,378,,https://drive.google.com/file/d/1eP1MoFCjsD5jI3LjwB_XAw-GeRCzf87L/view?usp=drivesdk,Tôi cam kết các thông tin trên là đúng sự thật
29/01/2026 15:05:52,phamvancuong996@gmail.com,Phạm Văn Cường,2251164996,26/08/2003,Nam,1205000996,0722333036,phamvancuong996@sv.tlu.edu.vn,Kinh tế,Kinh tế xây dựng,65KTXD1,năm 2,3.30,Hà Nội,250,,https://drive.google.com/file/d/1qi3zEvg_dlG_NwnZ3CSi7zqXrvWcDeNh/view?usp=drivesdk,Tôi cam kết các thông tin trên là đúng sự thật
29/01/2026 15:05:52,ngothilan997@gmail.com,Ngô Thị Lan,2251164997,14/03/2004,Nữ,1205000997,0333816036,ngothilan997@sv.tlu.edu.vn,Xây dựng,Kỹ thuật xây dựng,65XDD1,năm 2,2.61,Hà Nội,465,,https://drive.google.com/file/d/1jHtTdK_hTMNORK4Xu4gAu20nLLJO8kmR/view?usp=drivesdk,Tôi cam kết các thông tin trên là đúng sự thật
29/01/2026 15:05:52,phamvancuong998@gmail.com,Phạm Văn Cường,2251164998,23/12/2003,Nam,1205000998,0655842309,phamvancuong998@sv.tlu.edu.vn,Môi trường,Kỹ thuật môi trường,65MT1,năm 2,3.67,Thanh Hóa,19,,https://drive.google.com/file/d/1WaVu_VPD2xb8j_0NKBAwOkbTW0317cSD/view?usp=drivesdk,Tôi cam kết các thông tin trên là đúng sự thật
29/01/2026 15:05:52,tranvanbinh999@gmail.com,Trần Văn Bình,2251164999,07/08/2006,Nam,1205000999,0438488297,tranvanbinh999@sv.tlu.edu.vn,Cơ khí,Cơ khí chế tạo,65CK1,năm 2,3.40,Lào Cai,557,,https://drive.google.com/file/d/1PRXIabAbZXFu7WJY0GFLcsMF6xNUu_Cl/view?usp=drivesdk,Tôi cam kết các thông tin trên là đúng sự thật
29/01/2026 15:05:52,tranvanbinh1000@gmail.com,Trần Văn Bình,2251165000,29/05/2005,Nam,1205001000,0877235265,tranvanbinh1000@sv.tlu.edu.vn,Điện – Điện tử,Kỹ thuật điện,65D1,năm 4,3.71,Thanh Hóa,360,,https://drive.google.com/file/d/1zxXnqpTfgTJD9SM8At8o1l0sB0I7_tcV/view?usp=drivesdk,Tôi cam kết các thông tin trên là đúng sự thật