time_register,email,student_name,student_id,dob,gender,cccd,phone_number,student_email,faculty,major,class,year,gpa,address,distance,priority_reasons,evidence_images,note
08/02/2026,hoangvanlong1@gmail.com,Hoang Van Long,2251164001,30/11/2005,Nam,1205000001,0698376415,hoangvanlong1@sv.tlu.edu.vn,Kinh tế,Kinh tế xây dựng,65KTXD1,năm 1,02.07,Nam Định,455,Hộ nghèo cận nghèo,https://drive.google.com/file/d/1LOPJnTvVEiooLUkY2t0xzpXM7uNshHGn/view?usp=drivesdk,Tôi cam kết các thông tin trên là đúng sự thật
08/02/2026,ngothilan2@gmail.com,Ngo Thi Lan,2251164002,12/05/2006,Nữ,1205000002,0826814371,ngothilan2@sv.tlu.edu.vn,Công nghệ thông tin,Khoa học máy tính,64CNTT1,năm 3,3.12,Gia Lai,481,Hộ nghèo cận nghèo,https://drive.google.com/file/d/14UmZ5bf7yHxagPh95xrmt9Msz9Qn4Moh/view?usp=drivesdk,Tôi cam kết các thông tin trên là đúng sự thật
08/02/2026,dangvankhanh3@gmail.com,Dang Van Khanh,2251164003,07/10/2004,Nam,1205000003,0129352752,dangvankhanh3@sv.tlu.edu.vn,Công nghệ thông tin,Kỹ thuật phần mềm,64KTPM1,năm 1,2.77,Hà Nội,490,Vùng sâu vùng xa,https://drive.google.com/file/d/1pKcHnfErQAh8guItwSADqr1eDJ8EjrrF/view?usp=drivesdk,Tôi cam kết các thông tin trên là đúng sự thật
08/02/2026,phamvancuong4@gmail.com,Pham Van Cuong,2251164004,07/08/2005,Nam,1205000004,0816460082,phamvancuong4@sv.tlu.edu.vn,Kinh tế,Kế toán,65KT1,năm 1,2.71,Hưng Yên,365,Vùng sâu vùng xa,https://drive.google.com/file/d/1PM4B4Qoqaj-A8fX2fjft4e4C-1h2qaVq/view?usp=drivesdk,Tôi cam kết các thông tin trên là đúng sự thật
08/02/2026,buithihanh5@gmail.com,Bui Thi Hanh,2251164005,13/04/2005,Nữ,1205000005,0070625423,buithihanh5@sv.tlu.edu.vn,Kinh tế,Kinh tế xây dựng,65KTXD1,năm 1,3.16,Hưng Yên,358,,https://drive.google.com/file/d/1RCEPy46Wkc0EvzVEEcEPABKAXXIFbh2P/view?usp=drivesdk,Tôi cam kết các thông tin trên là đúng sự thật
08/02/2026,dothimai6@gmail.com,Do Thi Mai,2251164006,04/06/2005,Nữ,1205000006,0369398916,dothimai6@sv.tlu.edu.vn,Công nghệ thông tin,Mạng máy tính,64MMT1,năm 1,3.44,Nam Định,434,,https://drive.google.com/file/d/1z-c5Ak-qH0ujm8hkYl7wDQJSzJoXxebl/view?usp=drivesdk,Tôi cam kết các thông tin trên là đúng sự thật
08/02/2026,dangvankhanh7@gmail.com,Dang Van Khanh,2251164007,30/10/2003,Nam,1205000007,0691738773,dangvankhanh7@sv.tlu.edu.vn,Công nghệ thông tin,Khoa học máy tính,64CNTT1,năm 3,3.64,Thanh Hóa,375,Vùng sâu vùng xa,https://drive.google.com/file/d/1rVR6GH_6EfSXS_P9xZVrv_Bam22jvpxY/view?usp=drivesdk,Tôi cam kết các thông tin trên là đúng sự thật
08/02/2026,dangvankhanh8@gmail.com,Dang Van Khanh,2251164008,17/02/2005,Nam,1205000008,0185790146,dangvankhanh8@sv.tlu.edu.vn,Kinh tế,Kinh tế xây dựng,65KTXD1,năm 1,3.22,Thanh Hóa,287,Vùng sâu vùng xa,https://drive.google.com/file/d/19mGQEIFJmWfV2VPO9y2Vysfn7xZglGtp/view?usp=drivesdk,Tôi cam kết các thông tin trên là đúng sự thật
08/02/2026,lethidieu9@gmail.com,Le Thi Dieu,2251164009,04/12/2005,Nữ,1205000009,0354960220,lethidieu9@sv.tlu.edu.vn,Công nghệ thông tin,Hệ thống thông tin,64HTTT2,năm 1,2.50,Lào Cai,350,,https://drive.google.com/file/d/1vIqSIKe6PdtCpUa-tdeU_crlbq4i58WY/view?usp=drivesdk,Tôi cam kết các thông tin trên là đúng sự thật
08/02/2026,tranvanbinh10@gmail.com,Tran Van Binh,2251164010,23/03/2003,Nam,1205000010,0957126070,tranvanbinh10@sv.tlu.edu.vn,Điện – Điện tử,Kỹ thuật điện,65D1,năm 3,2.88,Lào Cai,177,Vùng sâu vùng xa,https://drive.google.com/file/d/1TNrGGkbmWclglsYju7TdCM_tkxcmrhld/view?usp=drivesdk,Tôi cam kết các thông tin trên là đúng sự thật
08/02/2026,tranvanbinh11@gmail.com,Tran Van Binh,2251164011,25/02/2003,Nam,1205000011,0667602276,tranvanbinh11@sv.tlu.edu.vn,Kinh tế,Kế toán,65KT1,năm 1,2.61,Lào Cai,512,Vùng sâu vùng xa,https://drive.google.com/file/d/1Tbu9KR87qRdI3uuTu0-Js_lknXg1QQaY/view?usp=drivesdk,Tôi cam kết các thông tin trên là đúng sự thật
08/02/2026,hoangvanlong12@gmail.com,Hoang Van Long,2251164012,04/06/2006,Nam,1205000012,0886203602,hoangvanlong12@sv.tlu.edu.vn,Quản trị kinh doanh,Quản trị doanh nghiệp,65QTDN1,năm 3,3.14,Gia Lai,318,Vùng sâu vùng xa,https://drive.google.com/file/d/1hVXwbatCzwNf-vDflGZTpa9vMfSQ56JT/view?usp=drivesdk,Tôi cam kết các thông tin trên là đúng sự thật
08/02/2026,phamvancuong13@gmail.com,Pham Van Cuong,2251164013,10/06/2005,Nam,1205000013,0685285873,phamvancuong13@sv.tlu.edu.vn,Kinh tế,Kinh tế xây dựng,65KTXD1,năm 3,2.53,Nghệ An,307,Hộ nghèo cận nghèo,https://drive.google.com/file/d/1RdoxSXriklJIZpxBgeDHWfJpNgAzS8U2/view?usp=drivesdk,Tôi cam kết các thông tin trên là đúng sự thật
08/02/2026,dothimai14@gmail.com,Do Thi Mai,2251164014,28/09/2006,Nữ,1205000014,0238196619,dothimai14@sv.tlu.edu.vn,Công nghệ thông tin,Kỹ thuật phần mềm,64KTPM1,năm 1,2.45,Lào Cai,306,Lưu học sinh (Lào/Campuchia),https://drive.google.com/file/d/1iIFGy0tEVUDCKXV1teMHa7a9iSjt6RAx/view?usp=drivesdk,Tôi cam kết các thông tin trên là đúng sự thật
08/02/2026,phamvancuong15@gmail.com,Pham Van Cuong,2251164015,21/07/2006,Nam,1205000015,0654625166,phamvancuong15@sv.tlu.edu.vn,Kinh tế,Tài chính ngân hàng,65TCNH1,năm 1,3.50,Nam Định,303,Vùng sâu vùng xa,https://drive.google.com/file/d/1auaMGHleW9I3KLo0HGsjIcaPS-kTNQ1_/view?usp=drivesdk,Tôi cam kết các thông tin trên là đúng sự thật
08/02/2026,ngothilan16@gmail.com,Ngo Thi Lan,2251164016,06/07/2004,Nữ,1205000016,0756524392,ngothilan16@sv.tlu.edu.vn,Kinh tế,Kế toán,65KT1,năm 4,3.13,Thanh Hóa,558,Lưu học sinh (Lào/Campuchia),https://drive.google.com/file/d/1eLlZ96ekh_r_dVmJI6lkFdp4AUKcfIqu/view?usp=drivesdk,Tôi cam kết các thông tin trên là đúng sự thật
08/02/2026,buithihanh17@gmail.com,Bui Thi Hanh,2251164017,29/05/2006,Nữ,1205000017,0169714048,buithihanh17@sv.tlu.edu.vn,Quản trị kinh doanh,Marketing,65MKT1,năm 4,03.04,Thanh Hóa,5,Vùng sâu vùng xa,https://drive.google.com/file/d/1GGXcrXeDeMgrmG44piwfZ0mNSswaOnuT/view?usp=drivesdk,Tôi cam kết các thông tin trên là đúng sự thật
08/02/2026,phamvancuong18@gmail.com,Pham Van Cuong,2251164018,10/12/2005,Nam,1205000018,0860505533,phamvancuong18@sv.tlu.edu.vn,Xây dựng,Kỹ thuật xây dựng,65XDD1,năm 4,3.61,Lào Cai,348,Vùng sâu vùng xa,https://drive.google.com/file/d/1h60LPHIVCLuUuFtX217GDb7s5W6pDtDS/view?usp=drivesdk,Tôi cam kết các thông tin trên là đúng sự thật
08/02/2026,dothimai19@gmail.com,Do Thi Mai,2251164019,15/02/2005,Nữ,1205000019,0233366647,dothimai19@sv.tlu.edu.vn,Kinh tế,Tài chính ngân hàng,65TCNH1,năm 2,3.26,Thanh Hóa,390,,https://drive.google.com/file/d/15vz2a1_egA4QtLAyIEZ3NF5zUs5RH7ww/view?usp=drivesdk,Tôi cam kết các thông tin trên là đúng sự thật
08/02/2026,buithihanh20@gmail.com,Bui Thi Hanh,2251164020,11/05/2004,Nữ,1205000020,0470752031,buithihanh20@sv.tlu.edu.vn,Cơ khí,Cơ khí chế tạo,65CK1,năm 1,3.43,Thanh Hóa,492,Vùng sâu vùng xa,https://drive.google.com/file/d/15bBFSpXUOJwjwb0Zn7Nk-L1EnKbYm8hT/view?usp=drivesdk,Tôi cam kết các thông tin trên là đúng sự thật
08/02/2026,tranvanbinh21@gmail.com,Tran Van Binh,2251164021,17/06/2006,Nam,1205000021,0699403661,tranvanbinh21@sv.tlu.edu.vn,Kinh tế,Kế toán,65KT1,năm 3,3.31,Lào Cai,168,Vùng sâu vùng xa,https://drive.google.com/file/d/1Kc63YIj2CoKgSzV2rJ5SF8piB7qqD0Uq/view?usp=drivesdk,Tôi cam kết các thông tin trên là đúng sự thật
08/02/2026,phamvancuong22@gmail.com,Pham Van Cuong,2251164022,23/10/2003,Nam,1205000022,0060833873,phamvancuong22@sv.tlu.edu.vn,Kinh tế,Kinh tế xây dựng,65KTXD1,năm 4,3.36,Lào Cai,284,Vùng sâu vùng xa,https://drive.google.com/file/d/1Si5Kuj2a6OZ4Xm97iXEU2jubLWpALZU2/view?usp=drivesdk,Tôi cam kết các thông tin trên là đúng sự thật
08/02/2026,nguyenvanan23@gmail.com,Nguyen Van An,2251164023,15/11/2003,Nam,1205000023,0515944487,nguyenvanan23@sv.tlu.edu.vn,Điện – Điện tử,Kỹ thuật điện,65D1,năm 1,3.37,Nghệ An,184,Vùng sâu vùng xa,https://drive.google.com/file/d/11pcjt43eKAJpfUzoHBuWn99AJrn8zB8h/view?usp=drivesdk,Tôi cam kết các thông tin trên là đúng sự thật
08/02/2026,ngothilan24@gmail.com,Ngo Thi Lan,2251164024,23/08/2003,Nữ,1205000024,0655156144,ngothilan24@sv.tlu.edu.vn,Ngôn ngữ học,Ngôn ngữ Trung,66NNT1,năm 3,3.51,Hà Nội,84,Vùng sâu vùng xa,https://drive.google.com/file/d/1yHVz6O0R3UwgnnwZMSSWVEuksIZy-1n_/view?usp=drivesdk,Tôi cam kết các thông tin trên là đúng sự thật
08/02/2026,buithihanh25@gmail.com,Bui Thi Hanh,2251164025,17/06/2005,Nữ,1205000025,0233976408,buithihanh25@sv.tlu.edu.vn,Công nghệ thông tin,Kỹ thuật phần mềm,64KTPM1,năm 3,2.89,Nam Định,372,,https://drive.google.com/file/d/19wsvjtsooczw2_7sIWS-qWTUwFx2AN5x/view?usp=drivesdk,Tôi cam kết các thông tin trên là đúng sự thật
08/02/2026,vuthiphuong26@gmail.com,Vu Thi Phuong,2251164026,30/11/2004,Nữ,1205000026,0306239024,vuthiphuong26@sv.tlu.edu.vn,Công nghệ thông tin,Mạng máy tính,64MMT1,năm 4,2.60,Thanh Hóa,373,Sinh viên khuyết tật,https://drive.google.com/file/d/1gewxtLVBUFDq2DiUyLIAPfyErE7hzDvr/view?usp=drivesdk,Tôi cam kết các thông tin trên là đúng sự thật
08/02/2026,phamvancuong27@gmail.com,Pham Van Cuong,2251164027,19/11/2004,Nam,1205000027,0176716510,phamvancuong27@sv.tlu.edu.vn,Công nghệ thông tin,Khoa học máy tính,64CNTT1,năm 1,03.05,Lào Cai,199,Vùng sâu vùng xa,https://drive.google.com/file/d/1ouDebIkKmmUIEsGKiHXPHrbTdSYOyC9p/view?usp=drivesdk,Tôi cam kết các thông tin trên là đúng sự thật
08/02/2026,nguyenvanan28@gmail.com,Nguyen Van An,2251164028,12/05/2005,Nam,1205000028,0809272886,nguyenvanan28@sv.tlu.edu.vn,Công nghệ thông tin,Kỹ thuật phần mềm,64KTPM1,năm 4,2.53,Nghệ An,95,"Con thương binh, liệt sỹ",https://drive.google.com/file/d/1Kel0BpMNSj0GHMdQvNi4g5WyKS4wlC4L/view?usp=drivesdk,Tôi cam kết các thông tin trên là đúng sự thật
08/02/2026,hoangvanlong29@gmail.com,Hoang Van Long,2251164029,04/01/2006,Nam,1205000029,0390248156,hoangvanlong29@sv.tlu.edu.vn,Công nghệ thông tin,Trí tuệ nhân tạo,64AI1,năm 3,3.55,Nghệ An,87,Vùng sâu vùng xa,https://drive.google.com/file/d/1JZQ9jswbCOHWlnNUmKBSLsiiKGSqr83c/view?usp=drivesdk,Tôi cam kết các thông tin trên là đúng sự thật
08/02/2026,buithihanh30@gmail.com,Bui Thi Hanh,2251164030,05/02/2004,Nữ,1205000030,0016984667,buithihanh30@sv.tlu.edu.vn,Công nghệ thông tin,Khoa học máy tính,64CNTT1,năm 2,3.81,Thanh Hóa,84,Vùng sâu vùng xa,https://drive.google.com/file/d/1HEdmxvMTntYAncrrjMkvTf-b96Lp9qla/view?usp=drivesdk,Tôi cam kết các thông tin trên là đúng sự thật
08/02/2026,dothimai31@gmail.com,Do Thi Mai,2251164031,29/09/2005,Nữ,1205000031,0936159272,dothimai31@sv.tlu.edu.vn,Công nghệ thông tin,Khoa học máy tính,64CNTT1,năm 1,2.64,Gia Lai,508,,https://drive.google.com/file/d/1qOuIVQudq9R0YV1ui6SCpH_T_Fns1ntI/view?usp=drivesdk,Tôi cam kết các thông tin trên là đúng sự thật
08/02/2026,vuthiphuong32@gmail.com,Vu Thi Phuong,2251164032,25/11/2005,Nữ,1205000032,0215724324,vuthiphuong32@sv.tlu.edu.vn,Công nghệ thông tin,Mạng máy tính,64MMT1,năm 1,3.27,Hà Nội,363,Vùng sâu vùng xa,https://drive.google.com/file/d/1wkKdsjeFwk4y_2wzRqgePbyK4dLanmeT/view?usp=drivesdk,Tôi cam kết các thông tin trên là đúng sự thật
08/02/2026,ngothilan33@gmail.com,Ngo Thi Lan,2251164033,28/10/2004,Nữ,1205000033,0220737879,ngothilan33@sv.tlu.edu.vn,Điện – Điện tử,Kỹ thuật điện,65D1,năm 2,2.88,Hà Nội,342,Hộ nghèo cận nghèo,https://drive.google.com/file/d/1_ie0DoyfWS-lhzBfWcJUO3SFyvUbFdBD/view?usp=drivesdk,Tôi cam kết các thông tin trên là đúng sự thật
08/02/2026,phamvancuong34@gmail.com,Pham Van Cuong,2251164034,11/04/2003,Nam,1205000034,0745715772,phamvancuong34@sv.tlu.edu.vn,Kinh tế,Kế toán,65KT1,năm 1,3.61,Thanh Hóa,187,,https://drive.google.com/file/d/1LDhBhDOEi6WaKzNLb_XA6vR31CafZdmc/view?usp=drivesdk,Tôi cam kết các thông tin trên là đúng sự thật
08/02/2026,lethidieu35@gmail.com,Le Thi Dieu,2251164035,24/12/2003,Nữ,1205000035,0533179809,lethidieu35@sv.tlu.edu.vn,Ngôn ngữ học,Ngôn ngữ Trung,66NNT1,năm 2,03.08,Gia Lai,94,,https://drive.google.com/file/d/1-2P5d7ZsGlIbXjl-8ffPNw1REJMKp-cP/view?usp=drivesdk,Tôi cam kết các thông tin trên là đúng sự thật
08/02/2026,vuthiphuong36@gmail.com,Vu Thi Phuong,2251164036,06/04/2004,Nữ,1205000036,0027824606,vuthiphuong36@sv.tlu.edu.vn,Quản trị kinh doanh,Quản trị doanh nghiệp,65QTDN1,năm 1,2.96,Hà Nội,154,,https://drive.google.com/file/d/1hHjy4MSVVa40mbSOG0QzQGmkD-ZL_y3x/view?usp=drivesdk,Tôi cam kết các thông tin trên là đúng sự thật
08/02/2026,dangvankhanh37@gmail.com,Dang Van Khanh,2251164037,19/05/2004,Nam,1205000037,0449690726,dangvankhanh37@sv.tlu.edu.vn,Quản trị kinh doanh,Marketing,65MKT1,năm 1,3.11,Nam Định,144,Vùng sâu vùng xa,https://drive.google.com/file/d/19c1PaeCbdZbNYLLY5FrcA-XR0sb47SLx/view?usp=drivesdk,Tôi cam kết các thông tin trên là đúng sự thật
08/02/2026,lethidieu38@gmail.com,Le Thi Dieu,2251164038,30/09/2003,Nữ,1205000038,0873841267,lethidieu38@sv.tlu.edu.vn,Điện – Điện tử,Kỹ thuật điện,65D1,năm 3,2.12,Gia Lai,179,Hộ nghèo cận nghèo,https://drive.google.com/file/d/1l0A_4towoFlN6RjOvrNKzqzr015UoGx-/view?usp=drivesdk,Tôi cam kết các thông tin trên là đúng sự thật
08/02/2026,hoangvanlong39@gmail.com,Hoang Van Long,2251164039,14/03/2004,Nam,1205000039,0611233746,hoangvanlong39@sv.tlu.edu.vn,Công nghệ thông tin,Khoa học máy tính,64CNTT1,năm 1,3.93,Gia Lai,532,Vùng sâu vùng xa,https://drive.google.com/file/d/15Kacnz1WF95XLvHurxGy0K9tOu5w7VmJ/view?usp=drivesdk,Tôi cam kết các thông tin trên là đúng sự thật
08/02/2026,tranvanbinh40@gmail.com,Tran Van Binh,2251164040,13/05/2006,Nam,1205000040,0143160069,tranvanbinh40@sv.tlu.edu.vn,Quản trị kinh doanh,Marketing,65MKT1,năm 1,2.53,Nam Định,283,Vùng sâu vùng xa,https://drive.google.com/file/d/1xa-HFoG8TKbdS6XDltr5z7ikh7jG2wZY/view?usp=drivesdk,Tôi cam kết các thông tin trên là đúng sự thật
08/02/2026,buithihanh41@gmail.com,Bui Thi Hanh,2251164041,14/04/2003,Nữ,1205000041,0533842689,buithihanh41@sv.tlu.edu.vn,Công nghệ thông tin,Khoa học máy tính,64CNTT1,năm 1,2.13,Thanh Hóa,363,Sinh viên khuyết tật,https://drive.google.com/file/d/1cZPAHOT2YYK93ILb6DKKMzyiGav7ooDx/view?usp=drivesdk,Tôi cam kết các thông tin trên là đúng sự thật
08/02/2026,tranvanbinh42@gmail.com,Tran Van Binh,2251164042,02/05/2004,Nam,1205000042,0588623132,tranvanbinh42@sv.tlu.edu.vn,Công nghệ thông tin,Kỹ thuật phần mềm,64KTPM1,năm 1,2.91,Thanh Hóa,454,Vùng sâu vùng xa,https://drive.google.com/file/d/1_ywpziewASG5Ed3VyT8R1d_Kt_a7_0p7/view?usp=drivesdk,Tôi cam kết các thông tin trên là đúng sự thật
08/02/2026,ngothilan43@gmail.com,Ngo Thi Lan,2251164043,27/07/2004,Nữ,1205000043,0868720300,ngothilan43@sv.tlu.edu.vn,Điện – Điện tử,Kỹ thuật điện,65D1,năm 1,2.84,Lào Cai,252,Vùng sâu vùng xa,https://drive.google.com/file/d/1dCN37z8MAKtYN6ulX4yd1Wt3z44Va_ZK/view?usp=drivesdk,Tôi cam kết các thông tin trên là đúng sự thật
08/02/2026,buithihanh44@gmail.com,Bui Thi Hanh,2251164044,18/08/2003,Nữ,1205000044,0870110011,buithihanh44@sv.tlu.edu.vn,Xây dựng,Kỹ thuật xây dựng,65XDD1,năm 4,2.93,Hưng Yên,145,"Con thương binh, liệt sỹ",https://drive.google.com/file/d/1DKj3nyM-FVKm4V7FZEw-QF1M2dnSFf9g/view?usp=drivesdk,Tôi cam kết các thông tin trên là đúng sự thật
08/02/2026,hoangvanlong45@gmail.com,Hoang Van Long,2251164045,16/11/2004,Nam,1205000045,0362844310,hoangvanlong45@sv.tlu.edu.vn,Công nghệ thông tin,Hệ thống thông tin,64HTTT2,năm 2,3.73,Nghệ An,237,Vùng sâu vùng xa,https://drive.google.com/file/d/1Z08_yr_ldyIX_MLMn4xzzlAd4UHmTCaJ/view?usp=drivesdk,Tôi cam kết các thông tin trên là đúng sự thật
08/02/2026,lethidieu46@gmail.com,Le Thi Dieu,2251164046,06/03/2006,Nữ,1205000046,0403276088,lethidieu46@sv.tlu.edu.vn,Môi trường,Kỹ thuật môi trường,65MT1,năm 4,3.24,Hà Nội,317,,https://drive.google.com/file/d/1KeCxsWimS4PJQlWv4wypE2QThasiTsPR/view?usp=drivesdk,Tôi cam kết các thông tin trên là đúng sự thật
08/02/2026,hoangvanlong47@gmail.com,Hoang Van Long,2251164047,30/08/2003,Nam,1205000047,0652042220,hoangvanlong47@sv.tlu.edu.vn,Cơ khí,Cơ khí chế tạo,65CK1,năm 1,2.95,Hưng Yên,502,,https://drive.google.com/file/d/1sR5vwq75S5yTSSvSVm0EPbf2p1QOdkaI/view?usp=drivesdk,Tôi cam kết các thông tin trên là đúng sự thật
08/02/2026,tranvanbinh48@gmail.com,Tran Van Binh,2251164048,04/09/2006,Nam,1205000048,0574728502,tranvanbinh48@sv.tlu.edu.vn,Công nghệ thông tin,Trí tuệ nhân tạo,64AI1,năm 1,3.84,Lào Cai,260,,https://drive.google.com/file/d/1hHeS83DbcZtNPlb6Zpmkb9ni8Zj2jeM5/view?usp=drivesdk,Tôi cam kết các thông tin trên là đúng sự thật
08/02/2026,nguyenvanan49@gmail.com,Nguyen Van An,2251164049,07/06/2003,Nam,1205000049,0180264450,nguyenvanan49@sv.tlu.edu.vn,Kinh tế,Kế toán,65KT1,năm 1,03.09,Hưng Yên,485,Vùng sâu vùng xa,https://drive.google.com/file/d/19vZ6-4TxXaGorz6_1BKhvu4hSFyR18OE/view?usp=drivesdk,Tôi cam kết các thông tin trên là đúng sự thật
08/02/2026,hoangvanlong50@gmail.com,Hoang Van Long,2251164050,29/08/2003,Nam,1205000050,0499329025,hoangvanlong50@sv.tlu.edu.vn,Điện – Điện tử,Kỹ thuật điện,65D1,năm 1,2.33,Lào Cai,156,Lưu học sinh (Lào/Campuchia),https://drive.google.com/file/d/1aKLnR8xB99CGnFyliSyHE_z3KJAveQSc/view?usp=drivesdk,Tôi cam kết các thông tin trên là đúng sự thật
08/02/2026,dangvankhanh51@gmail.com,Dang Van Khanh,2251164051,03/11/2005,Nam,1205000051,0830640520,dangvankhanh51@sv.tlu.edu.vn,Xây dựng,Công trình thủy,65CTT1,năm 2,3.80,Thanh Hóa,182,Vùng sâu vùng xa,https://drive.google.com/file/d/1zyrqamzN3xhFDWaBudd-ij3uAnWzRvWr/view?usp=drivesdk,Tôi cam kết các thông tin trên là đúng sự thật
08/02/2026,hoangvanlong52@gmail.com,Hoang Van Long,2251164052,14/04/2003,Nam,1205000052,0200622263,hoangvanlong52@sv.tlu.edu.vn,Ngôn ngữ học,Ngôn ngữ Anh,66NNA1,năm 1,2.80,Nam Định,505,Vùng sâu vùng xa,https://drive.google.com/file/d/1mVgvRAeiwM1Q-bQcfO_oYy-Y-3vKguwX/view?usp=drivesdk,Tôi cam kết các thông tin trên là đúng sự thật
08/02/2026,dangvankhanh53@gmail.com,Dang Van Khanh,2251164053,27/08/2006,Nam,1205000053,0403457044,dangvankhanh53@sv.tlu.edu.vn,Công nghệ thông tin,Kỹ thuật phần mềm,64KTPM1,năm 1,3.31,Nam Định,579,,https://drive.google.com/file/d/1GrNz9w6LfQHSHc_nNaYeS-XwJxaXCpHB/view?usp=drivesdk,Tôi cam kết các thông tin trên là đúng sự thật
08/02/2026,hoangvanlong54@gmail.com,Hoang Van Long,2251164054,22/04/2004,Nam,1205000054,0580279060,hoangvanlong54@sv.tlu.edu.vn,Công nghệ thông tin,Mạng máy tính,64MMT1,năm 1,3.15,Nghệ An,326,Vùng sâu vùng xa,https://drive.google.com/file/d/1l5pDi0MoNIHliCcyZIjiJeM0Wo6mQK6G/view?usp=drivesdk,Tôi cam kết các thông tin trên là đúng sự thật
08/02/2026,vuthiphuong55@gmail.com,Vu Thi Phuong,2251164055,03/08/2005,Nữ,1205000055,0048825498,vuthiphuong55@sv.tlu.edu.vn,Công nghệ thông tin,Khoa học máy tính,64CNTT1,năm 1,2.77,Hà Nội,198,Vùng sâu vùng xa,https://drive.google.com/file/d/1r025VvHoIUebahpMKDP2wDuQvTfqcO4I/view?usp=drivesdk,Tôi cam kết các thông tin trên là đúng sự thật
08/02/2026,vuthiphuong56@gmail.com,Vu Thi Phuong,2251164056,31/10/2006,Nữ,1205000056,0961397514,vuthiphuong56@sv.tlu.edu.vn,Quản trị kinh doanh,Marketing,65MKT1,năm 1,3.57,Hà Nội,496,Vùng sâu vùng xa,https://drive.google.com/file/d/15hX6ZA4Z0UjMAy-eIjwTB3tYEJpOqDdL/view?usp=drivesdk,Tôi cam kết các thông tin trên là đúng sự thật
08/02/2026,ngothilan57@gmail.com,Ngo Thi Lan,2251164057,19/06/2003,Nữ,1205000057,0479957385,ngothilan57@sv.tlu.edu.vn,Quản trị kinh doanh,Quản trị doanh nghiệp,65QTDN1,năm 1,3.58,Nam Định,394,,https://drive.google.com/file/d/1FojwNKC-W1FIVH1spxHrq63shwu1Xlbv/view?usp=drivesdk,Tôi cam kết các thông tin trên là đúng sự thật
08/02/2026,ngothilan58@gmail.com,Ngo Thi Lan,2251164058,28/11/2004,Nữ,1205000058,0605260947,ngothilan58@sv.tlu.edu.vn,Cơ khí,Cơ khí chế tạo,65CK1,năm 4,3.19,Hà Nội,438,Lưu học sinh (Lào/Campuchia),https://drive.google.com/file/d/17qgKLotdmLB21cDnpjfhBgcQWPdTYRif/view?usp=drivesdk,Tôi cam kết các thông tin trên là đúng sự thật
08/02/2026,buithihanh59@gmail.com,Bui Thi Hanh,2251164059,07/08/2004,Nữ,1205000059,0987112987,buithihanh59@sv.tlu.edu.vn,Quản trị kinh doanh,Quản trị doanh nghiệp,65QTDN1,năm 1,2.92,Hưng Yên,566,,https://drive.google.com/file/d/1zqDt9gLghNzkXAha6O_j-MjGOekCECft/view?usp=drivesdk,Tôi cam kết các thông tin trên là đúng sự thật
08/02/2026,vuthiphuong60@gmail.com,Vu Thi Phuong,2251164060,17/04/2006,Nữ,1205000060,0652139573,vuthiphuong60@sv.tlu.edu.vn,Ngôn ngữ học,Ngôn ngữ Anh,66NNA1,năm 1,03.08,Thanh Hóa,120,Sinh viên khuyết tật,https://drive.google.com/file/d/1dSQpI-TJLy82fukK64A3RFbwqtUeK4JW/view?usp=drivesdk,Tôi cam kết các thông tin trên là đúng sự thật
08/02/2026,tranvanbinh61@gmail.com,Tran Van Binh,2251164061,26/06/2006,Nam,1205000061,0604838760,tranvanbinh61@sv.tlu.edu.vn,Kinh tế,Kế toán,65KT1,năm 1,2.52,Nam Định,527,Vùng sâu vùng xa,https://drive.google.com/file/d/1LFKJ45yo1NUsFj_pQaaHFWcIZETUsHWA/view?usp=drivesdk,Tôi cam kết các thông tin trên là đúng sự thật
08/02/2026,nguyenvanan62@gmail.com,Nguyen Van An,2251164062,07/02/2006,Nam,1205000062,0876639188,nguyenvanan62@sv.tlu.edu.vn,Kinh tế,Tài chính ngân hàng,65TCNH1,năm 4,3.30,Nghệ An,308,Vùng sâu vùng xa,https://drive.google.com/file/d/1c80WEZUwCoC0YNLT-gHbAIMfoliq4vgB/view?usp=drivesdk,Tôi cam kết các thông tin trên là đúng sự thật
08/02/2026,buithihanh63@gmail.com,Bui Thi Hanh,2251164063,08/09/2005,Nữ,1205000063,0230376283,buithihanh63@sv.tlu.edu.vn,Công nghệ thông tin,Kỹ thuật phần mềm,64KTPM1,năm 2,3.40,Nam Định,178,Vùng sâu vùng xa,https://drive.google.com/file/d/1LhOXPJJwjDMWTV95NT_qo58lFuacs2pF/view?usp=drivesdk,Tôi cam kết các thông tin trên là đúng sự thật
08/02/2026,phamvancuong64@gmail.com,Pham Van Cuong,2251164064,10/10/2005,Nam,1205000064,0894804725,phamvancuong64@sv.tlu.edu.vn,Cơ khí,Cơ khí chế tạo,65CK1,năm 1,3.43,Gia Lai,407,Vùng sâu vùng xa,https://drive.google.com/file/d/1FxuGOonCVBx2QbnsltMMMFhQQHsFFTzK/view?usp=drivesdk,Tôi cam kết các thông tin trên là đúng sự thật
08/02/2026,hoangvanlong65@gmail.com,Hoang Van Long,2251164065,04/08/2004,Nam,1205000065,0687989322,hoangvanlong65@sv.tlu.edu.vn,Ngôn ngữ học,Ngôn ngữ Anh,66NNA1,năm 1,3.89,Hưng Yên,297,Vùng sâu vùng xa,https://drive.google.com/file/d/1AklI_Sb4_j9OYZSoe9EP061KKgNPYZER/view?usp=drivesdk,Tôi cam kết các thông tin trên là đúng sự thật
08/02/2026,buithihanh66@gmail.com,Bui Thi Hanh,2251164066,31/07/2006,Nữ,1205000066,0250735066,buithihanh66@sv.tlu.edu.vn,Quản trị kinh doanh,Marketing,65MKT1,năm 2,2.58,Lào Cai,298,"Con thương binh, liệt sỹ",https://drive.google.com/file/d/1p2zmbRUadSYJ58mMMkkukBM8ziZxEncx/view?usp=drivesdk,Tôi cam kết các thông tin trên là đúng sự thật
08/02/2026,ngothilan67@gmail.com,Ngo Thi Lan,2251164067,11/08/2004,Nữ,1205000067,0738040513,ngothilan67@sv.tlu.edu.vn,Công nghệ thông tin,Kỹ thuật phần mềm,64KTPM1,năm 1,3.48,Nghệ An,583,Vùng sâu vùng xa,https://drive.google.com/file/d/1Uu2Zj2TSGARzKx3iKfLlVaDXqnKe4YV0/view?usp=drivesdk,Tôi cam kết các thông tin trên là đúng sự thật
08/02/2026,phamvancuong68@gmail.com,Pham Van Cuong,2251164068,19/07/2003,Nam,1205000068,0876463802,phamvancuong68@sv.tlu.edu.vn,Công nghệ thông tin,Hệ thống thông tin,64HTTT2,năm 2,3.10,Gia Lai,345,Vùng sâu vùng xa,https://drive.google.com/file/d/1W_ConABg1hKIPLZBffzoVmGsVAjY5ixp/view?usp=drivesdk,Tôi cam kết các thông tin trên là đúng sự thật
08/02/2026,dothimai69@gmail.com,Do Thi Mai,2251164069,16/09/2006,Nữ,1205000069,0505071548,dothimai69@sv.tlu.edu.vn,Xây dựng,Kỹ thuật xây dựng,65XDD1,năm 1,2.51,Hưng Yên,222,,https://drive.google.com/file/d/148RFxp8lkvyWZyx4l_Yv_7sXAaKVXpsZ/view?usp=drivesdk,Tôi cam kết các thông tin trên là đúng sự thật
08/02/2026,dothimai70@gmail.com,Do Thi Mai,2251164070,13/03/2003,Nữ,1205000070,0687850492,dothimai70@sv.tlu.edu.vn,Công nghệ thông tin,Kỹ thuật phần mềm,64KTPM1,năm 4,2.93,Nghệ An,276,Vùng sâu vùng xa,https://drive.google.com/file/d/1kZK0DBKItsiYv4wGI0e5WNCAJAViEVUf/view?usp=drivesdk,Tôi cam kết các thông tin trên là đúng sự thật
08/02/2026,buithihanh71@gmail.com,Bui Thi Hanh,2251164071,17/07/2004,Nữ,1205000071,0232524413,buithihanh71@sv.tlu.edu.vn,Cơ khí,Cơ khí chế tạo,65CK1,năm 1,3.37,Nghệ An,117,Vùng sâu vùng xa,https://drive.google.com/file/d/1bepVQZ6KNprr8Rc2ScI1DxCNNL9xNkDM/view?usp=drivesdk,Tôi cam kết các thông tin trên là đúng sự thật
08/02/2026,buithihanh72@gmail.com,Bui Thi Hanh,2251164072,30/08/2006,Nữ,1205000072,0157145984,buithihanh72@sv.tlu.edu.vn,Công nghệ thông tin,Kỹ thuật phần mềm,64KTPM1,năm 1,2.86,Nam Định,330,Vùng sâu vùng xa,https://drive.google.com/file/d/1st8Y4bZtSJ4wwzZWGHAXsRCTUpdl40Ft/view?usp=drivesdk,Tôi cam kết các thông tin trên là đúng sự thật
08/02/2026,vuthiphuong73@gmail.com,Vu Thi Phuong,2251164073,25/01/2003,Nữ,1205000073,0053350157,vuthiphuong73@sv.tlu.edu.vn,Quản trị kinh doanh,Quản trị doanh nghiệp,65QTDN1,năm 4,3.82,Hưng Yên,337,,https://drive.google.com/file/d/1hXT95KzoM2g8Kftqe0IKsUgslEUo-aOM/view?usp=drivesdk,Tôi cam kết các thông tin trên là đúng sự thật
08/02/2026,ngothilan74@gmail.com,Ngo Thi Lan,2251164074,05/01/2005,Nữ,1205000074,0015041795,ngothilan74@sv.tlu.edu.vn,Công nghệ thông tin,Trí tuệ nhân tạo,64AI1,năm 3,3.73,Thanh Hóa,209,Vùng sâu vùng xa,https://drive.google.com/file/d/1yQq7LN2ox3BeYcpvczLEf1-wzCJ6ybwN/view?usp=drivesdk,Tôi cam kết các thông tin trên là đúng sự thật
08/02/2026,dangvankhanh75@gmail.com,Dang Van Khanh,2251164075,12/12/2004,Nam,1205000075,0871121070,dangvankhanh75@sv.tlu.edu.vn,Xây dựng,Kỹ thuật xây dựng,65XDD1,năm 2,3.47,Gia Lai,134,Sinh viên khuyết tật,https://drive.google.com/file/d/1M6sbmXHh95tjQuWeG6K7VeODKrsWD559/view?usp=drivesdk,Tôi cam kết các thông tin trên là đúng sự thật
08/02/2026,dothimai76@gmail.com,Do Thi Mai,2251164076,24/03/2003,Nữ,1205000076,0061091152,dothimai76@sv.tlu.edu.vn,Công nghệ thông tin,Trí tuệ nhân tạo,64AI1,năm 1,3.21,Hà Nội,500,,https://drive.google.com/file/d/19OPCnsAx2ClJ66VWcQIKTIHQ7tIVbueU/view?usp=drivesdk,Tôi cam kết các thông tin trên là đúng sự thật
08/02/2026,tranvanbinh77@gmail.com,Tran Van Binh,2251164077,02/06/2003,Nam,1205000077,0018311761,tranvanbinh77@sv.tlu.edu.vn,Điện – Điện tử,Kỹ thuật điện,65D1,năm 1,3.96,Thanh Hóa,506,,https://drive.google.com/file/d/1JX4l0JhhLymH7ldPBkyH_Z5SLNf2qzjT/view?usp=drivesdk,Tôi cam kết các thông tin trên là đúng sự thật
08/02/2026,nguyenvanan78@gmail.com,Nguyen Van An,2251164078,11/02/2004,Nam,1205000078,0478661736,nguyenvanan78@sv.tlu.edu.vn,Kinh tế,Tài chính ngân hàng,65TCNH1,năm 2,02.01,Hưng Yên,482,"Con thương binh, liệt sỹ",https://drive.google.com/file/d/1ZQeLgvSKOxWKFYf_kc1CCK9O279ugZSP/view?usp=drivesdk,Tôi cam kết các thông tin trên là đúng sự thật
08/02/2026,nguyenvanan79@gmail.com,Nguyen Van An,2251164079,09/09/2004,Nam,1205000079,0837498711,nguyenvanan79@sv.tlu.edu.vn,Kinh tế,Kế toán,65KT1,năm 1,3.14,Gia Lai,458,,https://drive.google.com/file/d/1WYWVozpx4HGfdBQCZMuGr_pzdHnENSUu/view?usp=drivesdk,Tôi cam kết các thông tin trên là đúng sự thật
08/02/2026,nguyenvanan80@gmail.com,Nguyen Van An,2251164080,21/11/2005,Nam,1205000080,0301585299,nguyenvanan80@sv.tlu.edu.vn,Kinh tế,Kinh tế xây dựng,65KTXD1,năm 1,3.71,Nghệ An,104,,https://drive.google.com/file/d/1h7-hycpHYPRIqa3oZcC5C6Gv6WAZrt3e/view?usp=drivesdk,Tôi cam kết các thông tin trên là đúng sự thật
08/02/2026,ngothilan81@gmail.com,Ngo Thi Lan,2251164081,25/06/2006,Nữ,1205000081,0813947598,ngothilan81@sv.tlu.edu.vn,Công nghệ thông tin,Hệ thống thông tin,64HTTT2,năm 2,3.30,Hà Nội,230,Vùng sâu vùng xa,https://drive.google.com/file/d/1UO6mjUcIXGGar65QCyfYobvUn14M-xRy/view?usp=drivesdk,Tôi cam kết các thông tin trên là đúng sự thật
08/02/2026,ngothilan82@gmail.com,Ngo Thi Lan,2251164082,28/03/2004,Nữ,1205000082,0569372842,ngothilan82@sv.tlu.edu.vn,Điện – Điện tử,Kỹ thuật điện,65D1,năm 2,3.32,Nghệ An,362,,https://drive.google.com/file/d/1rmgKLW5xzrbteHaqjsE5vrucr0OkyzsX/view?usp=drivesdk,Tôi cam kết các thông tin trên là đúng sự thật
08/02/2026,buithihanh83@gmail.com,Bui Thi Hanh,2251164083,08/02/2006,Nữ,1205000083,0234558836,buithihanh83@sv.tlu.edu.vn,Ngôn ngữ học,Ngôn ngữ Anh,66NNA1,năm 1,3.13,Hưng Yên,528,"Con thương binh, liệt sỹ",https://drive.google.com/file/d/1XPHjWjBUb73NUEaw2mC408h-bgahT33l/view?usp=drivesdk,Tôi cam kết các thông tin trên là đúng sự thật
08/02/2026,vuthiphuong84@gmail.com,Vu Thi Phuong,2251164084,29/10/2006,Nữ,1205000084,0209631442,vuthiphuong84@sv.tlu.edu.vn,Công nghệ thông tin,Khoa học máy tính,64CNTT1,năm 1,3.60,Nam Định,568,,https://drive.google.com/file/d/1MhU6cfEtnw0Cl3hXlVPj0wxSEHB58I2D/view?usp=drivesdk,Tôi cam kết các thông tin trên là đúng sự thật
08/02/2026,buithihanh85@gmail.com,Bui Thi Hanh,2251164085,29/07/2005,Nữ,1205000085,0249522604,buithihanh85@sv.tlu.edu.vn,Kinh tế,Kinh tế xây dựng,65KTXD1,năm 1,2.59,Hưng Yên,285,Vùng sâu vùng xa,https://drive.google.com/file/d/1XFGCzLFJPkSbJn8oygmas5gIVdmWcZls/view?usp=drivesdk,Tôi cam kết các thông tin trên là đúng sự thật
08/02/2026,tranvanbinh86@gmail.com,Tran Van Binh,2251164086,13/12/2004,Nam,1205000086,0304050276,tranvanbinh86@sv.tlu.edu.vn,Quản trị kinh doanh,Marketing,65MKT1,năm 1,3.44,Gia Lai,337,Vùng sâu vùng xa,https://drive.google.com/file/d/1ahptphCUf_0l5mDOT-RkuvqLKtVIr2tM/view?usp=drivesdk,Tôi cam kết các thông tin trên là đúng sự thật
08/02/2026,vuthiphuong87@gmail.com,Vu Thi Phuong,2251164087,18/01/2006,Nữ,1205000087,0819439679,vuthiphuong87@sv.tlu.edu.vn,Cơ khí,Cơ khí chế tạo,65CK1,năm 2,2.33,Lào Cai,483,Hộ nghèo cận nghèo,https://drive.google.com/file/d/1s-ol1N7507HxndlBNQ5MXezsHcAAu_P5/view?usp=drivesdk,Tôi cam kết các thông tin trên là đúng sự thật
08/02/2026,dangvankhanh88@gmail.com,Dang Van Khanh,2251164088,25/01/2006,Nam,1205000088,0397764871,dangvankhanh88@sv.tlu.edu.vn,Ngôn ngữ học,Ngôn ngữ Trung,66NNT1,năm 1,3.12,Hưng Yên,156,,https://drive.google.com/file/d/1crK9uUXkE04bjfN72F_HOjpnfPJMotRA/view?usp=drivesdk,Tôi cam kết các thông tin trên là đúng sự thật
08/02/2026,nguyenvanan89@gmail.com,Nguyen Van An,2251164089,29/11/2005,Nam,1205000089,0040752696,nguyenvanan89@sv.tlu.edu.vn,Kinh tế,Kế toán,65KT1,năm 1,2.82,Hưng Yên,548,,https://drive.google.com/file/d/1w75vEKhKIitln0wOk3Y5eSsUsVieCLZy/view?usp=drivesdk,Tôi cam kết các thông tin trên là đúng sự thật
08/02/2026,vuthiphuong90@gmail.com,Vu Thi Phuong,2251164090,25/11/2004,Nữ,1205000090,0759779074,vuthiphuong90@sv.tlu.edu.vn,Cơ khí,Cơ khí chế tạo,65CK1,năm 4,3.54,Gia Lai,293,,https://drive.google.com/file/d/1dJoGLHTHuroqd3g0Pgz7C07V09L1ZkIH/view?usp=drivesdk,Tôi cam kết các thông tin trên là đúng sự thật
08/02/2026,vuthiphuong91@gmail.com,Vu Thi Phuong,2251164091,18/10/2005,Nữ,1205000091,0037499939,vuthiphuong91@sv.tlu.edu.vn,Công nghệ thông tin,Kỹ thuật phần mềm,64KTPM1,năm 1,3.10,Nghệ An,313,Sinh viên khuyết tật,https://drive.google.com/file/d/1yAPK5lDh-YjOwaCDatBz84N4uc_gTAEP/view?usp=drivesdk,Tôi cam kết các thông tin trên là đúng sự thật
08/02/2026,dothimai92@gmail.com,Do Thi Mai,2251164092,06/09/2004,Nữ,1205000092,0881429690,dothimai92@sv.tlu.edu.vn,Xây dựng,Công trình thủy,65CTT1,năm 3,3.76,Nam Định,263,Vùng sâu vùng xa,https://drive.google.com/file/d/1yOXVB3vULAcxuycDvsAep9YDgL6Fcdf3/view?usp=drivesdk,Tôi cam kết các thông tin trên là đúng sự thật
08/02/2026,vuthiphuong93@gmail.com,Vu Thi Phuong,2251164093,18/03/2003,Nữ,1205000093,0365706819,vuthiphuong93@sv.tlu.edu.vn,Quản trị kinh doanh,Quản trị doanh nghiệp,65QTDN1,năm 1,3.86,Hà Nội,376,,https://drive.google.com/file/d/1bJ3Wm3sdezwkQgkCybhj0hip3Z-os59p/view?usp=drivesdk,Tôi cam kết các thông tin trên là đúng sự thật
08/02/2026,nguyenvanan94@gmail.com,Nguyen Van An,2251164094,23/11/2003,Nam,1205000094,0655527049,nguyenvanan94@sv.tlu.edu.vn,Công nghệ thông tin,Trí tuệ nhân tạo,64AI1,năm 3,02.08,Lào Cai,276,Sinh viên khuyết tật,https://drive.google.com/file/d/1ICyF_SG3Rj11TNCa9jVNPhQtXH7JAqbj/view?usp=drivesdk,Tôi cam kết các thông tin trên là đúng sự thật
08/02/2026,lethidieu95@gmail.com,Le Thi Dieu,2251164095,02/03/2006,Nữ,1205000095,0447532500,lethidieu95@sv.tlu.edu.vn,Công nghệ thông tin,Kỹ thuật phần mềm,64KTPM1,năm 3,2.90,Hà Nội,301,,https://drive.google.com/file/d/12ofG7z5gq4tXMGBildByRp0WHkOc2Yka/view?usp=drivesdk,Tôi cam kết các thông tin trên là đúng sự thật
08/02/2026,ngothilan96@gmail.com,Ngo Thi Lan,2251164096,10/02/2003,Nữ,1205000096,0525997262,ngothilan96@sv.tlu.edu.vn,Xây dựng,Công trình thủy,65CTT1,năm 1,03.09,Hưng Yên,228,,https://drive.google.com/file/d/1eHBeGyuv64tZdVke5WouGWCQ5w9bE48Y/view?usp=drivesdk,Tôi cam kết các thông tin trên là đúng sự thật
08/02/2026,ngothilan97@gmail.com,Ngo Thi Lan,2251164097,11/02/2003,Nữ,1205000097,0217458199,ngothilan97@sv.tlu.edu.vn,Công nghệ thông tin,Kỹ thuật phần mềm,64KTPM1,năm 1,3.96,Gia Lai,400,,https://drive.google.com/file/d/17PTrrHIWWXYwDw-lN1XBQg8e494o9ubv/view?usp=drivesdk,Tôi cam kết các thông tin trên là đúng sự thật
08/02/2026,lethidieu98@gmail.com,Le Thi Dieu,2251164098,14/11/2003,Nữ,1205000098,0308501329,lethidieu98@sv.tlu.edu.vn,Xây dựng,Công trình thủy,65CTT1,năm 1,3.19,Hưng Yên,403,Vùng sâu vùng xa,https://drive.google.com/file/d/1g9VRT8gdV84-mOSjbe9CLXmvsrGStsio/view?usp=drivesdk,Tôi cam kết các thông tin trên là đúng sự thật
08/02/2026,phamvancuong99@gmail.com,Pham Van Cuong,2251164099,13/10/2005,Nam,1205000099,0394727406,phamvancuong99@sv.tlu.edu.vn,Điện – Điện tử,Kỹ thuật điện,65D1,năm 3,2.58,Thanh Hóa,188,Lưu học sinh (Lào/Campuchia),https://drive.google.com/file/d/1XSLblJpOmNAex8Vxk5s6JZtpJey2x6G4/view?usp=drivesdk,Tôi cam kết các thông tin trên là đúng sự thật
08/02/2026,buithihanh100@gmail.com,Bui Thi Hanh,2251164100,19/05/2004,Nữ,1205000100,0331090034,buithihanh100@sv.tlu.edu.vn,Môi trường,Kỹ thuật môi trường,65MT1,năm 4,3.53,Hưng Yên,181,Vùng sâu vùng xa,https://drive.google.com/file/d/1JWkZit8GzYUcn05oOcocGI0GIzJTJ-gu/view?usp=drivesdk,Tôi cam kết các thông tin trên là đúng sự thật
08/02/2026,phamvancuong101@gmail.com,Pham Van Cuong,2251164101,02/11/2004,Nam,1205000101,0345564454,phamvancuong101@sv.tlu.edu.vn,Ngôn ngữ học,Ngôn ngữ Trung,66NNT1,năm 2,3.81,Nghệ An,372,,https://drive.google.com/file/d/1Xw3fffCtQJ36zpzd3Irluva33JygEsAx/view?usp=drivesdk,Tôi cam kết các thông tin trên là đúng sự thật
08/02/2026,tranvanbinh102@gmail.com,Tran Van Binh,2251164102,07/02/2003,Nam,1205000102,0386508271,tranvanbinh102@sv.tlu.edu.vn,Kinh tế,Kế toán,65KT1,năm 2,2.98,Nghệ An,362,,https://drive.google.com/file/d/1B4uz6ImfB0urfu7tVGJBL7GFcOHsLgXh/view?usp=drivesdk,Tôi cam kết các thông tin trên là đúng sự thật
08/02/2026,hoangvanlong103@gmail.com,Hoang Van Long,2251164103,24/09/2003,Nam,1205000103,0485983743,hoangvanlong103@sv.tlu.edu.vn,Công nghệ thông tin,Kỹ thuật phần mềm,64KTPM1,năm 1,2.98,Gia Lai,559,Vùng sâu vùng xa,https://drive.google.com/file/d/1HeqjRMILoXfcnDPHGtAGUyJIF0uNCMaZ/view?usp=drivesdk,Tôi cam kết các thông tin trên là đúng sự thật
08/02/2026,tranvanbinh104@gmail.com,Tran Van Binh,2251164104,29/05/2004,Nam,1205000104,0260008090,tranvanbinh104@sv.tlu.edu.vn,Xây dựng,Kỹ thuật xây dựng,65XDD1,năm 4,3.29,Thanh Hóa,251,Vùng sâu vùng xa,https://drive.google.com/file/d/1F2ZeWcjCbidR59635ie0XL78ruewZHmO/view?usp=drivesdk,Tôi cam kết các thông tin trên là đúng sự thật
08/02/2026,dangvankhanh105@gmail.com,Dang Van Khanh,2251164105,06/09/2005,Nam,1205000105,0510114676,dangvankhanh105@sv.tlu.edu.vn,Công nghệ thông tin,Khoa học máy tính,64CNTT1,năm 1,2.56,Hưng Yên,283,,https://drive.google.com/file/d/1xnev2gjMvFz8db2aUBZD0fKwtIqnZouA/view?usp=drivesdk,Tôi cam kết các thông tin trên là đúng sự thật
08/02/2026,lethidieu106@gmail.com,Le Thi Dieu,2251164106,10/04/2004,Nữ,1205000106,0200232878,lethidieu106@sv.tlu.edu.vn,Cơ khí,Cơ khí chế tạo,65CK1,năm 3,2.85,Lào Cai,50,,https://drive.google.com/file/d/1lMUfHg6SUhr1T5fHhneVH4fP21MQ9NTl/view?usp=drivesdk,Tôi cam kết các thông tin trên là đúng sự thật
08/02/2026,nguyenvanan107@gmail.com,Nguyen Van An,2251164107,17/05/2004,Nam,1205000107,0411012615,nguyenvanan107@sv.tlu.edu.vn,Kinh tế,Tài chính ngân hàng,65TCNH1,năm 1,2.55,Nam Định,330,Lưu học sinh (Lào/Campuchia),https://drive.google.com/file/d/1806c_tQ80q4W6ZivaZ0AB8MP_KTFF_zm/view?usp=drivesdk,Tôi cam kết các thông tin trên là đúng sự thật
08/02/2026,dothimai108@gmail.com,Do Thi Mai,2251164108,29/01/2005,Nữ,1205000108,0533149508,dothimai108@sv.tlu.edu.vn,Công nghệ thông tin,Hệ thống thông tin,64HTTT2,năm 1,3.16,Nghệ An,247,,https://drive.google.com/file/d/115jIlThei3T8foBP89sjM03MnYvRaeqV/view?usp=drivesdk,Tôi cam kết các thông tin trên là đúng sự thật
08/02/2026,dangvankhanh109@gmail.com,Dang Van Khanh,2251164109,26/12/2005,Nam,1205000109,0397170271,dangvankhanh109@sv.tlu.edu.vn,Quản trị kinh doanh,Quản trị doanh nghiệp,65QTDN1,năm 1,2.91,Lào Cai,202,Vùng sâu vùng xa,https://drive.google.com/file/d/1aw4y2h68Pu_uiwgedJh1S17d7ED__W9W/view?usp=drivesdk,Tôi cam kết các thông tin trên là đúng sự thật
08/02/2026,lethidieu110@gmail.com,Le Thi Dieu,2251164110,17/04/2005,Nữ,1205000110,0515997117,lethidieu110@sv.tlu.edu.vn,Điện – Điện tử,Kỹ thuật điện,65D1,năm 3,2.82,Gia Lai,355,Vùng sâu vùng xa,https://drive.google.com/file/d/1URTtFQc5ErykWlPaCk2ZjjKnHuZZ24Z0/view?usp=drivesdk,Tôi cam kết các thông tin trên là đúng sự thật
08/02/2026,ngothilan111@gmail.com,Ngo Thi Lan,2251164111,10/06/2005,Nữ,1205000111,0027986931,ngothilan111@sv.tlu.edu.vn,Xây dựng,Kỹ thuật xây dựng,65XDD1,năm 1,03.06,Lào Cai,255,,https://drive.google.com/file/d/1MUIgLmMGnMovvk2cVuyewvf-OxkdO1xA/view?usp=drivesdk,Tôi cam kết các thông tin trên là đúng sự thật
08/02/2026,hoangvanlong112@gmail.com,Hoang Van Long,2251164112,14/10/2004,Nam,1205000112,0464930892,hoangvanlong112@sv.tlu.edu.vn,Công nghệ thông tin,Khoa học máy tính,64CNTT1,năm 1,3.80,Thanh Hóa,266,,https://drive.google.com/file/d/1Lj30G-MQYGUt_fQN693FwoYgYnO3BcNe/view?usp=drivesdk,Tôi cam kết các thông tin trên là đúng sự thật
08/02/2026,hoangvanlong113@gmail.com,Hoang Van Long,2251164113,10/02/2005,Nam,1205000113,0457970478,hoangvanlong113@sv.tlu.edu.vn,Kinh tế,Kế toán,65KT1,năm 1,2.42,Thanh Hóa,556,Hộ nghèo cận nghèo,https://drive.google.com/file/d/1R9vxiC2IXQbR5E0-G_Kj_gQRVRqzwT0J/view?usp=drivesdk,Tôi cam kết các thông tin trên là đúng sự thật
08/02/2026,tranvanbinh114@gmail.com,Tran Van Binh,2251164114,17/10/2004,Nam,1205000114,0518445586,tranvanbinh114@sv.tlu.edu.vn,Công nghệ thông tin,Kỹ thuật phần mềm,64KTPM1,năm 2,2.32,Thanh Hóa,342,"Con thương binh, liệt sỹ",https://drive.google.com/file/d/1ouq17bdAlf5DwVbIsBoE4971xz4aAG6c/view?usp=drivesdk,Tôi cam kết các thông tin trên là đúng sự thật
08/02/2026,dangvankhanh115@gmail.com,Dang Van Khanh,2251164115,16/04/2005,Nam,1205000115,0852813435,dangvankhanh115@sv.tlu.edu.vn,Công nghệ thông tin,Hệ thống thông tin,64HTTT2,năm 1,3.59,Gia Lai,444,,https://drive.google.com/file/d/18chP_fLFIkQWU5d11aD6uwJsKL0nsISh/view?usp=drivesdk,Tôi cam kết các thông tin trên là đúng sự thật
08/02/2026,dangvankhanh116@gmail.com,Dang Van Khanh,2251164116,18/02/2006,Nam,1205000116,0020406969,dangvankhanh116@sv.tlu.edu.vn,Công nghệ thông tin,Kỹ thuật phần mềm,64KTPM1,năm 3,03.05,Hà Nội,315,Hộ nghèo cận nghèo,https://drive.google.com/file/d/1JokEUuWTvLLImW5hb9CHJlCwPhEpZuvu/view?usp=drivesdk,Tôi cam kết các thông tin trên là đúng sự thật
08/02/2026,dothimai117@gmail.com,Do Thi Mai,2251164117,09/03/2003,Nữ,1205000117,0319243497,dothimai117@sv.tlu.edu.vn,Công nghệ thông tin,Trí tuệ nhân tạo,64AI1,năm 2,3.55,Lào Cai,207,Vùng sâu vùng xa,https://drive.google.com/file/d/1kNm0UARIiftCAhySW7R7q98rGX2eDF4O/view?usp=drivesdk,Tôi cam kết các thông tin trên là đúng sự thật
08/02/2026,ngothilan118@gmail.com,Ngo Thi Lan,2251164118,25/08/2005,Nữ,1205000118,0257723746,ngothilan118@sv.tlu.edu.vn,Xây dựng,Kỹ thuật xây dựng,65XDD1,năm 1,3.38,Nghệ An,279,Vùng sâu vùng xa,https://drive.google.com/file/d/1MXmkmAuCJNbsiGwxw0useeqMAgGxgn1e/view?usp=drivesdk,Tôi cam kết các thông tin trên là đúng sự thật
08/02/2026,nguyenvanan119@gmail.com,Nguyen Van An,2251164119,28/01/2004,Nam,1205000119,0352629641,nguyenvanan119@sv.tlu.edu.vn,Công nghệ thông tin,Kỹ thuật phần mềm,64KTPM1,năm 1,2.69,Lào Cai,389,Vùng sâu vùng xa,https://drive.google.com/file/d/1vkyfGF0eFIxoNpnHG3AJCASIqV4t8xdG/view?usp=drivesdk,Tôi cam kết các thông tin trên là đúng sự thật
08/02/2026,hoangvanlong120@gmail.com,Hoang Van Long,2251164120,17/06/2003,Nam,1205000120,0205888602,hoangvanlong120@sv.tlu.edu.vn,Công nghệ thông tin,Khoa học máy tính,64CNTT1,năm 1,3.51,Hưng Yên,398,Vùng sâu vùng xa,https://drive.google.com/file/d/1lz7bOLDMHb0NHPPI5e_MuIUJO2qM1SwS/view?usp=drivesdk,Tôi cam kết các thông tin trên là đúng sự thật
08/02/2026,dangvankhanh121@gmail.com,Dang Van Khanh,2251164121,23/02/2003,Nam,1205000121,0226269637,dangvankhanh121@sv.tlu.edu.vn,Xây dựng,Kỹ thuật xây dựng,65XDD1,năm 1,3.11,Thanh Hóa,587,Vùng sâu vùng xa,https://drive.google.com/file/d/100TswRdUKgOt5KEsMV_HypukE6vSJfRD/view?usp=drivesdk,Tôi cam kết các thông tin trên là đúng sự thật
08/02/2026,hoangvanlong122@gmail.com,Hoang Van Long,2251164122,30/05/2003,Nam,1205000122,0893985898,hoangvanlong122@sv.tlu.edu.vn,Xây dựng,Kỹ thuật xây dựng,65XDD1,năm 2,2.98,Hà Nội,320,,https://drive.google.com/file/d/1IX9oXpzSay4up7XSUnOaaqCnVoRNCh1Z/view?usp=drivesdk,Tôi cam kết các thông tin trên là đúng sự thật
08/02/2026,phamvancuong123@gmail.com,Pham Van Cuong,2251164123,28/06/2006,Nam,1205000123,0505755431,phamvancuong123@sv.tlu.edu.vn,Xây dựng,Kỹ thuật xây dựng,65XDD1,năm 1,2.77,Hưng Yên,477,Vùng sâu vùng xa,https://drive.google.com/file/d/18BTTOdHamYu93rIpPGjC2Wf5PAa0mQuF/view?usp=drivesdk,Tôi cam kết các thông tin trên là đúng sự thật
08/02/2026,tranvanbinh124@gmail.com,Tran Van Binh,2251164124,07/08/2005,Nam,1205000124,0171624959,tranvanbinh124@sv.tlu.edu.vn,Xây dựng,Công trình thủy,65CTT1,năm 1,03.08,Lào Cai,137,Vùng sâu vùng xa,https://drive.google.com/file/d/1516oJp-ybKQxk3gri75IE4g4B0U4EKcg/view?usp=drivesdk,Tôi cam kết các thông tin trên là đúng sự thật
08/02/2026,lethidieu125@gmail.com,Le Thi Dieu,2251164125,03/07/2003,Nữ,1205000125,0632604485,lethidieu125@sv.tlu.edu.vn,Công nghệ thông tin,Hệ thống thông tin,64HTTT2,năm 1,3.80,Gia Lai,575,Vùng sâu vùng xa,https://drive.google.com/file/d/1_FVIDwypm_NV3t5oVNXcviW_B6pl9AHj/view?usp=drivesdk,Tôi cam kết các thông tin trên là đúng sự thật
08/02/2026,dothimai126@gmail.com,Do Thi Mai,2251164126,28/06/2006,Nữ,1205000126,0373097385,dothimai126@sv.tlu.edu.vn,Môi trường,Kỹ thuật môi trường,65MT1,năm 2,3.97,Hà Nội,260,Vùng sâu vùng xa,https://drive.google.com/file/d/190y8IUcnPDHDphLsuuCbkPSRAXn6rAJq/view?usp=drivesdk,Tôi cam kết các thông tin trên là đúng sự thật
08/02/2026,nguyenvanan127@gmail.com,Nguyen Van An,2251164127,10/03/2005,Nam,1205000127,0464543240,nguyenvanan127@sv.tlu.edu.vn,Kinh tế,Kế toán,65KT1,năm 2,3.18,Thanh Hóa,377,Vùng sâu vùng xa,https://drive.google.com/file/d/11BwYsvBfTYRh-SohXKR4OY9hUf9udkIQ/view?usp=drivesdk,Tôi cam kết các thông tin trên là đúng sự thật
08/02/2026,ngothilan128@gmail.com,Ngo Thi Lan,2251164128,12/07/2005,Nữ,1205000128,0301398239,ngothilan128@sv.tlu.edu.vn,Công nghệ thông tin,Kỹ thuật phần mềm,64KTPM1,năm 1,3.18,Hưng Yên,553,Hộ nghèo cận nghèo,https://drive.google.com/file/d/1mrVLfY2UisuQI7ZJxa5SvhcTMrmI48wJ/view?usp=drivesdk,Tôi cam kết các thông tin trên là đúng sự thật
08/02/2026,tranvanbinh129@gmail.com,Tran Van Binh,2251164129,07/12/2005,Nam,1205000129,0339918011,tranvanbinh129@sv.tlu.edu.vn,Kinh tế,Kinh tế xây dựng,65KTXD1,năm 1,3.76,Thanh Hóa,157,,https://drive.google.com/file/d/17XNu6cLw49o7pjEvVuwwYe19lQe6sj9J/view?usp=drivesdk,Tôi cam kết các thông tin trên là đúng sự thật
08/02/2026,nguyenvanan130@gmail.com,Nguyen Van An,2251164130,16/03/2003,Nam,1205000130,0293060552,nguyenvanan130@sv.tlu.edu.vn,Môi trường,Kỹ thuật môi trường,65MT1,năm 1,2.88,Thanh Hóa,448,Vùng sâu vùng xa,https://drive.google.com/file/d/1_9OdEO_WGpjnrqhHe5HLDym6cRG3QtLJ/view?usp=drivesdk,Tôi cam kết các thông tin trên là đúng sự thật
08/02/2026,tranvanbinh131@gmail.com,Tran Van Binh,2251164131,17/02/2006,Nam,1205000131,0471500041,tranvanbinh131@sv.tlu.edu.vn,Công nghệ thông tin,Hệ thống thông tin,64HTTT2,năm 1,2.92,Gia Lai,485,Vùng sâu vùng xa,https://drive.google.com/file/d/106qZEI2_--Y-6XPnH5W1UHaRFvjKrkeQ/view?usp=drivesdk,Tôi cam kết các thông tin trên là đúng sự thật
08/02/2026,nguyenvanan132@gmail.com,Nguyen Van An,2251164132,01/01/2006,Nam,1205000132,0167634285,nguyenvanan132@sv.tlu.edu.vn,Quản trị kinh doanh,Marketing,65MKT1,năm 1,2.73,Thanh Hóa,157,Vùng sâu vùng xa,https://drive.google.com/file/d/1wV8l1gLgjxCy_7KrCQp5krNmy7qJe0QL/view?usp=drivesdk,Tôi cam kết các thông tin trên là đúng sự thật
08/02/2026,nguyenvanan133@gmail.com,Nguyen Van An,2251164133,25/10/2003,Nam,1205000133,0359753129,nguyenvanan133@sv.tlu.edu.vn,Môi trường,Kỹ thuật môi trường,65MT1,năm 1,2.23,Hưng Yên,324,Hộ nghèo cận nghèo,https://drive.google.com/file/d/1h6dXgmmPmIvqHiE-WCjPBb4t1d2pHxcR/view?usp=drivesdk,Tôi cam kết các thông tin trên là đúng sự thật
08/02/2026,tranvanbinh134@gmail.com,Tran Van Binh,2251164134,20/11/2003,Nam,1205000134,0395291620,tranvanbinh134@sv.tlu.edu.vn,Kinh tế,Kinh tế xây dựng,65KTXD1,năm 3,3.50,Gia Lai,168,,https://drive.google.com/file/d/14DZWq7nGFEUciFyeSRT_uHrkaW8kVvb0/view?usp=drivesdk,Tôi cam kết các thông tin trên là đúng sự thật
08/02/2026,phamvancuong135@gmail.com,Pham Van Cuong,2251164135,22/10/2004,Nam,1205000135,0164699551,phamvancuong135@sv.tlu.edu.vn,Kinh tế,Kinh tế xây dựng,65KTXD1,năm 4,2.61,Thanh Hóa,354,"Con thương binh, liệt sỹ",https://drive.google.com/file/d/1rxqpRDfU4jI67JQmzvfmZMRNq-xKHaHO/view?usp=drivesdk,Tôi cam kết các thông tin trên là đúng sự thật
08/02/2026,nguyenvanan136@gmail.com,Nguyen Van An,2251164136,19/10/2006,Nam,1205000136,0077414963,nguyenvanan136@sv.tlu.edu.vn,Kinh tế,Tài chính ngân hàng,65TCNH1,năm 1,2.95,Nam Định,147,,https://drive.google.com/file/d/1d3iUZ6f34K2Z63OY4e4I1WmtYqwD3ywN/view?usp=drivesdk,Tôi cam kết các thông tin trên là đúng sự thật
08/02/2026,tranvanbinh137@gmail.com,Tran Van Binh,2251164137,19/09/2006,Nam,1205000137,0902930598,tranvanbinh137@sv.tlu.edu.vn,Cơ khí,Cơ khí chế tạo,65CK1,năm 3,2.82,Gia Lai,107,,https://drive.google.com/file/d/1S82sdfO0LpF4jlvBaT-171uEnmk6SSz7/view?usp=drivesdk,Tôi cam kết các thông tin trên là đúng sự thật
08/02/2026,hoangvanlong138@gmail.com,Hoang Van Long,2251164138,14/07/2003,Nam,1205000138,0706178198,hoangvanlong138@sv.tlu.edu.vn,Điện – Điện tử,Kỹ thuật điện,65D1,năm 1,2.73,Hà Nội,111,,https://drive.google.com/file/d/124vBclNPhlPgJNd-UHYXD9rHDxdpQQAa/view?usp=drivesdk,Tôi cam kết các thông tin trên là đúng sự thật
08/02/2026,lethidieu139@gmail.com,Le Thi Dieu,2251164139,21/11/2006,Nữ,1205000139,0362930288,lethidieu139@sv.tlu.edu.vn,Xây dựng,Kỹ thuật xây dựng,65XDD1,năm 1,3.22,Hưng Yên,437,Vùng sâu vùng xa,https://drive.google.com/file/d/1775cc00Koy61q_h4LKyV0r3LR3szyKs5/view?usp=drivesdk,Tôi cam kết các thông tin trên là đúng sự thật
08/02/2026,dangvankhanh140@gmail.com,Dang Van Khanh,2251164140,03/09/2005,Nam,1205000140,0331781610,dangvankhanh140@sv.tlu.edu.vn,Ngôn ngữ học,Ngôn ngữ Anh,66NNA1,năm 1,2.86,Nghệ An,445,,https://drive.google.com/file/d/1y529ctuKOd-IjxttTXkZ62-MTjH3gtL6/view?usp=drivesdk,Tôi cam kết các thông tin trên là đúng sự thật
08/02/2026,nguyenvanan141@gmail.com,Nguyen Van An,2251164141,23/11/2003,Nam,1205000141,0433684453,nguyenvanan141@sv.tlu.edu.vn,Công nghệ thông tin,Khoa học máy tính,64CNTT1,năm 2,2.97,Nam Định,192,Vùng sâu vùng xa,https://drive.google.com/file/d/1SWL_ttMA4Dyjs6xFGL8W2iiZx-fKdNqE/view?usp=drivesdk,Tôi cam kết các thông tin trên là đúng sự thật
08/02/2026,ngothilan142@gmail.com,Ngo Thi Lan,2251164142,03/07/2003,Nữ,1205000142,0195938673,ngothilan142@sv.tlu.edu.vn,Kinh tế,Kế toán,65KT1,năm 1,2.90,Nghệ An,443,Vùng sâu vùng xa,https://drive.google.com/file/d/1uh3JV9ZYOSms47XCvjnoxnDfYA05bW5Y/view?usp=drivesdk,Tôi cam kết các thông tin trên là đúng sự thật
08/02/2026,vuthiphuong143@gmail.com,Vu Thi Phuong,2251164143,21/04/2004,Nữ,1205000143,0887046325,vuthiphuong143@sv.tlu.edu.vn,Điện – Điện tử,Kỹ thuật điện,65D1,năm 1,3.53,Thanh Hóa,306,Vùng sâu vùng xa,https://drive.google.com/file/d/1SKrqGyOA9-2lJCSgvAORYELjeGp0k9tA/view?usp=drivesdk,Tôi cam kết các thông tin trên là đúng sự thật
08/02/2026,phamvancuong144@gmail.com,Pham Van Cuong,2251164144,19/11/2005,Nam,1205000144,0387209149,phamvancuong144@sv.tlu.edu.vn,Xây dựng,Công trình thủy,65CTT1,năm 1,03.08,Lào Cai,256,Sinh viên khuyết tật,https://drive.google.com/file/d/1D4c19jWZhAUdFQbE2aY5f1dqLD0n08w_/view?usp=drivesdk,Tôi cam kết các thông tin trên là đúng sự thật
08/02/2026,buithihanh145@gmail.com,Bui Thi Hanh,2251164145,31/12/2005,Nữ,1205000145,0404060357,buithihanh145@sv.tlu.edu.vn,Công nghệ thông tin,Mạng máy tính,64MMT1,năm 4,3.19,Hưng Yên,325,,https://drive.google.com/file/d/1iKGdFWdacYUpVwDfBRERpO4oc14qTDm0/view?usp=drivesdk,Tôi cam kết các thông tin trên là đúng sự thật
08/02/2026,dangvankhanh146@gmail.com,Dang Van Khanh,2251164146,08/12/2005,Nam,1205000146,0868436862,dangvankhanh146@sv.tlu.edu.vn,Xây dựng,Công trình thủy,65CTT1,năm 1,3.18,Hưng Yên,468,,https://drive.google.com/file/d/1Po1ISGeDAfmuJQTVTKgDnAjjUcrF3PIN/view?usp=drivesdk,Tôi cam kết các thông tin trên là đúng sự thật
08/02/2026,buithihanh147@gmail.com,Bui Thi Hanh,2251164147,01/06/2005,Nữ,1205000147,0383018719,buithihanh147@sv.tlu.edu.vn,Điện – Điện tử,Kỹ thuật điện,65D1,năm 1,3.28,Lào Cai,253,"Con thương binh, liệt sỹ",https://drive.google.com/file/d/1sin-WBxGxK-0-hzsC0H1QzFsHpsky3rt/view?usp=drivesdk,Tôi cam kết các thông tin trên là đúng sự thật
08/02/2026,vuthiphuong148@gmail.com,Vu Thi Phuong,2251164148,14/09/2003,Nữ,1205000148,0339268698,vuthiphuong148@sv.tlu.edu.vn,Môi trường,Kỹ thuật môi trường,65MT1,năm 4,3.52,Nam Định,19,Vùng sâu vùng xa,https://drive.google.com/file/d/1BwjpiZoMpo0ZGCKwpr1TuQAtQCSdvNvI/view?usp=drivesdk,Tôi cam kết các thông tin trên là đúng sự thật
08/02/2026,dothimai149@gmail.com,Do Thi Mai,2251164149,24/01/2006,Nữ,1205000149,0877440187,dothimai149@sv.tlu.edu.vn,Công nghệ thông tin,Hệ thống thông tin,64HTTT2,năm 1,3.26,Lào Cai,157,Vùng sâu vùng xa,https://drive.google.com/file/d/1DReh9kc54l07e9rReeB7IXzVFSq6IbPv/view?usp=drivesdk,Tôi cam kết các thông tin trên là đúng sự thật
08/02/2026,hoangvanlong150@gmail.com,Hoang Van Long,2251164150,19/07/2005,Nam,1205000150,0766060333,hoangvanlong150@sv.tlu.edu.vn,Công nghệ thông tin,Trí tuệ nhân tạo,64AI1,năm 1,3.64,Nghệ An,536,Vùng sâu vùng xa,https://drive.google.com/file/d/15j-4Uw-4peyOgf4RdNueLN5VfBiKEVta/view?usp=drivesdk,Tôi cam kết các thông tin trên là đúng sự thật
08/02/2026,hoangvanlong151@gmail.com,Hoang Van Long,2251164151,27/02/2003,Nam,1205000151,0943847348,hoangvanlong151@sv.tlu.edu.vn,Kinh tế,Tài chính ngân hàng,65TCNH1,năm 1,3.51,Hà Nội,464,Vùng sâu vùng xa,https://drive.google.com/file/d/1_PLsi_yHsVsn5bJCM_l1Mldm3QMsemH4/view?usp=drivesdk,Tôi cam kết các thông tin trên là đúng sự thật
08/02/2026,dothimai152@gmail.com,Do Thi Mai,2251164152,30/05/2005,Nữ,1205000152,0033125735,dothimai152@sv.tlu.edu.vn,Ngôn ngữ học,Ngôn ngữ Trung,66NNT1,năm 4,3.54,Gia Lai,239,Vùng sâu vùng xa,https://drive.google.com/file/d/1u1sNIgfwfQmUb80E7wqP7IPHXaH5P4JM/view?usp=drivesdk,Tôi cam kết các thông tin trên là đúng sự thật
08/02/2026,buithihanh153@gmail.com,Bui Thi Hanh,2251164153,17/09/2006,Nữ,1205000153,0629343592,buithihanh153@sv.tlu.edu.vn,Quản trị kinh doanh,Quản trị doanh nghiệp,65QTDN1,năm 1,2.71,Nam Định,290,Vùng sâu vùng xa,https://drive.google.com/file/d/1R1X-yHTHzjZyZETFBjmc6r5igwkiMF_d/view?usp=drivesdk,Tôi cam kết các thông tin trên là đúng sự thật
08/02/2026,tranvanbinh154@gmail.com,Tran Van Binh,2251164154,16/06/2003,Nam,1205000154,0162841933,tranvanbinh154@sv.tlu.edu.vn,Kinh tế,Tài chính ngân hàng,65TCNH1,năm 4,3.34,Hà Nội,386,Vùng sâu vùng xa,https://drive.google.com/file/d/1fEC0YyiWzfXsE4nDqYGxMua3JMgVo0zl/view?usp=drivesdk,Tôi cam kết các thông tin trên là đúng sự thật
08/02/2026,dangvankhanh155@gmail.com,Dang Van Khanh,2251164155,19/10/2005,Nam,1205000155,0837481953,dangvankhanh155@sv.tlu.edu.vn,Cơ khí,Cơ khí chế tạo,65CK1,năm 1,2.21,Nghệ An,140,Hộ nghèo cận nghèo,https://drive.google.com/file/d/1g_wE8p5y-5h_AFGOgVIKNa0sSjL9ZcZM/view?usp=drivesdk,Tôi cam kết các thông tin trên là đúng sự thật
08/02/2026,phamvancuong156@gmail.com,Pham Van Cuong,2251164156,24/06/2003,Nam,1205000156,0613299784,phamvancuong156@sv.tlu.edu.vn,Kinh tế,Kế toán,65KT1,năm 1,2.85,Nghệ An,439,,https://drive.google.com/file/d/1qicGUioYNxqseHyrXJmsydgIQ2hBc3Nr/view?usp=drivesdk,Tôi cam kết các thông tin trên là đúng sự thật
08/02/2026,dothimai157@gmail.com,Do Thi Mai,2251164157,07/11/2006,Nữ,1205000157,0517629498,dothimai157@sv.tlu.edu.vn,Xây dựng,Công trình thủy,65CTT1,năm 1,2.93,Hà Nội,524,Vùng sâu vùng xa,https://drive.google.com/file/d/1ggFcbcW42ax_-eQu7kJ25RsgpCclYtTy/view?usp=drivesdk,Tôi cam kết các thông tin trên là đúng sự thật
08/02/2026,phamvancuong158@gmail.com,Pham Van Cuong,2251164158,06/01/2005,Nam,1205000158,0135569587,phamvancuong158@sv.tlu.edu.vn,Công nghệ thông tin,Trí tuệ nhân tạo,64AI1,năm 1,2.54,Thanh Hóa,244,Vùng sâu vùng xa,https://drive.google.com/file/d/1usv5REjDxWLwHEN5jf4pb0lW9h0Cnlkj/view?usp=drivesdk,Tôi cam kết các thông tin trên là đúng sự thật
08/02/2026,vuthiphuong159@gmail.com,Vu Thi Phuong,2251164159,11/05/2003,Nữ,1205000159,0911444990,vuthiphuong159@sv.tlu.edu.vn,Xây dựng,Kỹ thuật xây dựng,65XDD1,năm 1,3.90,Nghệ An,396,Vùng sâu vùng xa,https://drive.google.com/file/d/1HCP6Bn0pzHPeTdsn-6RGBy4lkpEIWCj-/view?usp=drivesdk,Tôi cam kết các thông tin trên là đúng sự thật
08/02/2026,buithihanh160@gmail.com,Bui Thi Hanh,2251164160,30/08/2005,Nữ,1205000160,0454952501,buithihanh160@sv.tlu.edu.vn,Kinh tế,Tài chính ngân hàng,65TCNH1,năm 2,2.82,Nam Định,435,"Con thương binh, liệt sỹ",https://drive.google.com/file/d/1h1Ix1rZvVbTBIk28R2nytn6zt84RZTY1/view?usp=drivesdk,Tôi cam kết các thông tin trên là đúng sự thật
08/02/2026,dangvankhanh161@gmail.com,Dang Van Khanh,2251164161,11/04/2003,Nam,1205000161,0577931927,dangvankhanh161@sv.tlu.edu.vn,Kinh tế,Kinh tế xây dựng,65KTXD1,năm 1,3.83,Thanh Hóa,526,,https://drive.google.com/file/d/12VeKw84sB4sUfbrfHmKvczYuq738lvgh/view?usp=drivesdk,Tôi cam kết các thông tin trên là đúng sự thật
08/02/2026,nguyenvanan162@gmail.com,Nguyen Van An,2251164162,31/05/2004,Nam,1205000162,0786659162,nguyenvanan162@sv.tlu.edu.vn,Xây dựng,Công trình thủy,65CTT1,năm 2,3.58,Hà Nội,336,Vùng sâu vùng xa,https://drive.google.com/file/d/1tWy3r4QcU2zY-oB-u1LmfE2Mg132xmLL/view?usp=drivesdk,Tôi cam kết các thông tin trên là đúng sự thật
08/02/2026,dothimai163@gmail.com,Do Thi Mai,2251164163,26/04/2004,Nữ,1205000163,0295670520,dothimai163@sv.tlu.edu.vn,Công nghệ thông tin,Kỹ thuật phần mềm,64KTPM1,năm 3,3.37,Lào Cai,113,Sinh viên khuyết tật,https://drive.google.com/file/d/1CR8-lIW_LG5_8T8WUEEV-_ZuzGnkhaOI/view?usp=drivesdk,Tôi cam kết các thông tin trên là đúng sự thật
08/02/2026,dangvankhanh164@gmail.com,Dang Van Khanh,2251164164,18/10/2003,Nam,1205000164,0063196962,dangvankhanh164@sv.tlu.edu.vn,Điện – Điện tử,Kỹ thuật điện,65D1,năm 2,3.72,Gia Lai,252,Vùng sâu vùng xa,https://drive.google.com/file/d/1l51QZHqSOjGvdVQX3NDvSDd1-_iZ3T8t/view?usp=drivesdk,Tôi cam kết các thông tin trên là đúng sự thật
08/02/2026,tranvanbinh165@gmail.com,Tran Van Binh,2251164165,02/04/2003,Nam,1205000165,0818992056,tranvanbinh165@sv.tlu.edu.vn,Ngôn ngữ học,Ngôn ngữ Trung,66NNT1,năm 1,3.31,Gia Lai,119,Vùng sâu vùng xa,https://drive.google.com/file/d/1m4meBP715uTSL4lcK5BDP1OtWObt8LS6/view?usp=drivesdk,Tôi cam kết các thông tin trên là đúng sự thật
08/02/2026,dangvankhanh166@gmail.com,Dang Van Khanh,2251164166,25/04/2005,Nam,1205000166,0533210800,dangvankhanh166@sv.tlu.edu.vn,Công nghệ thông tin,Mạng máy tính,64MMT1,năm 1,2.37,Thanh Hóa,131,"Con thương binh, liệt sỹ",https://drive.google.com/file/d/1yvwE0LtO21_cP2EsBqIsFMzREyYHK41p/view?usp=drivesdk,Tôi cam kết các thông tin trên là đúng sự thật
08/02/2026,dothimai167@gmail.com,Do Thi Mai,2251164167,09/06/2004,Nữ,1205000167,0965306522,dothimai167@sv.tlu.edu.vn,Công nghệ thông tin,Trí tuệ nhân tạo,64AI1,năm 2,3.22,Hưng Yên,503,Hộ nghèo cận nghèo,https://drive.google.com/file/d/1jzKLMas30RPFVum_lfuwjsUclHmFc-fK/view?usp=drivesdk,Tôi cam kết các thông tin trên là đúng sự thật
08/02/2026,nguyenvanan168@gmail.com,Nguyen Van An,2251164168,28/12/2003,Nam,1205000168,0681913987,nguyenvanan168@sv.tlu.edu.vn,Công nghệ thông tin,Kỹ thuật phần mềm,64KTPM1,năm 1,2.77,Nam Định,591,,https://drive.google.com/file/d/15aUVpJfe3t7bOMmD53NCR4dqrvwiP9DP/view?usp=drivesdk,Tôi cam kết các thông tin trên là đúng sự thật
08/02/2026,dangvankhanh169@gmail.com,Dang Van Khanh,2251164169,09/03/2003,Nam,1205000169,0026316769,dangvankhanh169@sv.tlu.edu.vn,Xây dựng,Công trình thủy,65CTT1,năm 1,2.84,Hà Nội,319,Vùng sâu vùng xa,https://drive.google.com/file/d/11IXNk4-GVqy8WuttOLSbcfwwK-DTb2x3/view?usp=drivesdk,Tôi cam kết các thông tin trên là đúng sự thật
08/02/2026,phamvancuong170@gmail.com,Pham Van Cuong,2251164170,03/11/2006,Nam,1205000170,0299092847,phamvancuong170@sv.tlu.edu.vn,Quản trị kinh doanh,Marketing,65MKT1,năm 3,3.74,Lào Cai,101,Vùng sâu vùng xa,https://drive.google.com/file/d/1f0hmIw23Zyt367eruwsOzAm4pc-Uj0Zm/view?usp=drivesdk,Tôi cam kết các thông tin trên là đúng sự thật
08/02/2026,dangvankhanh171@gmail.com,Dang Van Khanh,2251164171,28/09/2003,Nam,1205000171,0763026925,dangvankhanh171@sv.tlu.edu.vn,Xây dựng,Công trình thủy,65CTT1,năm 3,2.10,Nam Định,375,Hộ nghèo cận nghèo,https://drive.google.com/file/d/11zIykrzPxXzEGxffbH89S_toIJC27PMx/view?usp=drivesdk,Tôi cam kết các thông tin trên là đúng sự thật
08/02/2026,hoangvanlong172@gmail.com,Hoang Van Long,2251164172,23/01/2005,Nam,1205000172,0492109940,hoangvanlong172@sv.tlu.edu.vn,Công nghệ thông tin,Mạng máy tính,64MMT1,năm 2,3.33,Hưng Yên,225,,https://drive.google.com/file/d/1GMecGnZKli3yMt1CJ7jpwS-GtjPL8E11/view?usp=drivesdk,Tôi cam kết các thông tin trên là đúng sự thật
08/02/2026,phamvancuong173@gmail.com,Pham Van Cuong,2251164173,15/09/2006,Nam,1205000173,0352479287,phamvancuong173@sv.tlu.edu.vn,Xây dựng,Kỹ thuật xây dựng,65XDD1,năm 1,3.90,Gia Lai,533,Vùng sâu vùng xa,https://drive.google.com/file/d/1UzINJNP7Lo2bQA2WlWsq2vRUUn5-K7Em/view?usp=drivesdk,Tôi cam kết các thông tin trên là đúng sự thật
08/02/2026,tranvanbinh174@gmail.com,Tran Van Binh,2251164174,09/10/2003,Nam,1205000174,0382151948,tranvanbinh174@sv.tlu.edu.vn,Môi trường,Kỹ thuật môi trường,65MT1,năm 1,3.31,Gia Lai,238,Vùng sâu vùng xa,https://drive.google.com/file/d/1G8V7v4WU1PI8wVSO6_2EjF7e3e7ZZ9xD/view?usp=drivesdk,Tôi cam kết các thông tin trên là đúng sự thật
08/02/2026,tranvanbinh175@gmail.com,Tran Van Binh,2251164175,16/05/2003,Nam,1205000175,0252587847,tranvanbinh175@sv.tlu.edu.vn,Ngôn ngữ học,Ngôn ngữ Trung,66NNT1,năm 3,2.20,Lào Cai,434,Sinh viên khuyết tật,https://drive.google.com/file/d/1ul2_z0e6Y4yFIAd5p7qg-S29mhUp5OA5/view?usp=drivesdk,Tôi cam kết các thông tin trên là đúng sự thật
08/02/2026,nguyenvanan176@gmail.com,Nguyen Van An,2251164176,13/12/2006,Nam,1205000176,0411413656,nguyenvanan176@sv.tlu.edu.vn,Công nghệ thông tin,Hệ thống thông tin,64HTTT2,năm 1,3.18,Lào Cai,229,,https://drive.google.com/file/d/1GSvzzS79K5EhEVcNKb8EbQhjpC25RbAY/view?usp=drivesdk,Tôi cam kết các thông tin trên là đúng sự thật
08/02/2026,nguyenvanan177@gmail.com,Nguyen Van An,2251164177,13/04/2006,Nam,1205000177,0441468653,nguyenvanan177@sv.tlu.edu.vn,Kinh tế,Tài chính ngân hàng,65TCNH1,năm 1,2.88,Nghệ An,208,Vùng sâu vùng xa,https://drive.google.com/file/d/1rqKjgQY2LmrUZv8tkAgghoi4YUwSmmTv/view?usp=drivesdk,Tôi cam kết các thông tin trên là đúng sự thật
08/02/2026,hoangvanlong178@gmail.com,Hoang Van Long,2251164178,23/03/2004,Nam,1205000178,0459982484,hoangvanlong178@sv.tlu.edu.vn,Xây dựng,Kỹ thuật xây dựng,65XDD1,năm 1,2.32,Gia Lai,557,"Con thương binh, liệt sỹ",https://drive.google.com/file/d/15eDiwUcXZ9_sPg-E65unA89L4fzb4gK8/view?usp=drivesdk,Tôi cam kết các thông tin trên là đúng sự thật
08/02/2026,hoangvanlong179@gmail.com,Hoang Van Long,2251164179,03/09/2004,Nam,1205000179,0662952803,hoangvanlong179@sv.tlu.edu.vn,Quản trị kinh doanh,Quản trị doanh nghiệp,65QTDN1,năm 3,3.11,Hưng Yên,343,,https://drive.google.com/file/d/1NCA26E-XKkRHI2geBFg7N81A4V2bMSHp/view?usp=drivesdk,Tôi cam kết các thông tin trên là đúng sự thật
08/02/2026,tranvanbinh180@gmail.com,Tran Van Binh,2251164180,15/10/2006,Nam,1205000180,0583582665,tranvanbinh180@sv.tlu.edu.vn,Công nghệ thông tin,Khoa học máy tính,64CNTT1,năm 1,2.93,Lào Cai,113,Vùng sâu vùng xa,https://drive.google.com/file/d/1-2C_oESN2FT1kJzIwqYFZxNpGvGlZqmi/view?usp=drivesdk,Tôi cam kết các thông tin trên là đúng sự thật
08/02/2026,buithihanh181@gmail.com,Bui Thi Hanh,2251164181,08/02/2005,Nữ,1205000181,0728676089,buithihanh181@sv.tlu.edu.vn,Quản trị kinh doanh,Quản trị doanh nghiệp,65QTDN1,năm 1,3.52,Nghệ An,329,Vùng sâu vùng xa,https://drive.google.com/file/d/1q_I7IL4RVxkNM_B2KOsZ8pDlqORTK9Ac/view?usp=drivesdk,Tôi cam kết các thông tin trên là đúng sự thật
08/02/2026,phamvancuong182@gmail.com,Pham Van Cuong,2251164182,21/10/2006,Nam,1205000182,0322337942,phamvancuong182@sv.tlu.edu.vn,Công nghệ thông tin,Khoa học máy tính,64CNTT1,năm 1,3.34,Nghệ An,208,,https://drive.google.com/file/d/147FvTltXVx5b_wJA1iU6A1xZmnTRG1OT/view?usp=drivesdk,Tôi cam kết các thông tin trên là đúng sự thật
08/02/2026,lethidieu183@gmail.com,Le Thi Dieu,2251164183,21/01/2006,Nữ,1205000183,0878325623,lethidieu183@sv.tlu.edu.vn,Điện – Điện tử,Kỹ thuật điện,65D1,năm 2,3.92,Thanh Hóa,167,Vùng sâu vùng xa,https://drive.google.com/file/d/1gL5I-O9LCdjbQAqK2F66sHUDNU9ZdLeU/view?usp=drivesdk,Tôi cam kết các thông tin trên là đúng sự thật
08/02/2026,hoangvanlong184@gmail.com,Hoang Van Long,2251164184,25/05/2004,Nam,1205000184,0490231165,hoangvanlong184@sv.tlu.edu.vn,Xây dựng,Kỹ thuật xây dựng,65XDD1,năm 2,03.04,Hưng Yên,194,Hộ nghèo cận nghèo,https://drive.google.com/file/d/1x_QqyLe0BmtdmW55T275G3tNPXnGjMoE/view?usp=drivesdk,Tôi cam kết các thông tin trên là đúng sự thật
08/02/2026,dothimai185@gmail.com,Do Thi Mai,2251164185,06/07/2003,Nữ,1205000185,0152330622,dothimai185@sv.tlu.edu.vn,Công nghệ thông tin,Kỹ thuật phần mềm,64KTPM1,năm 4,2.41,Gia Lai,349,Lưu học sinh (Lào/Campuchia),https://drive.google.com/file/d/1KlqAmISG5KrPRnTx24rAPzr0zq2iqvoa/view?usp=drivesdk,Tôi cam kết các thông tin trên là đúng sự thật
08/02/2026,vuthiphuong186@gmail.com,Vu Thi Phuong,2251164186,20/11/2003,Nữ,1205000186,0003699281,vuthiphuong186@sv.tlu.edu.vn,Công nghệ thông tin,Khoa học máy tính,64CNTT1,năm 1,3.59,Nghệ An,313,,https://drive.google.com/file/d/1Kl2-yxVmN4--B-6armdfdL3Mis8C3d55/view?usp=drivesdk,Tôi cam kết các thông tin trên là đúng sự thật
08/02/2026,dothimai187@gmail.com,Do Thi Mai,2251164187,14/11/2006,Nữ,1205000187,0303324252,dothimai187@sv.tlu.edu.vn,Công nghệ thông tin,Trí tuệ nhân tạo,64AI1,năm 1,3.48,Gia Lai,456,Vùng sâu vùng xa,https://drive.google.com/file/d/1eMfKMwEM5CP0Cet6uQXYPRGgymtCP9qe/view?usp=drivesdk,Tôi cam kết các thông tin trên là đúng sự thật
08/02/2026,hoangvanlong188@gmail.com,Hoang Van Long,2251164188,22/08/2005,Nam,1205000188,0683958098,hoangvanlong188@sv.tlu.edu.vn,Công nghệ thông tin,Khoa học máy tính,64CNTT1,năm 2,3.51,Nam Định,359,Vùng sâu vùng xa,https://drive.google.com/file/d/1qU86fM5R6CK4UBap3ynSRJzpb0pI4l0d/view?usp=drivesdk,Tôi cam kết các thông tin trên là đúng sự thật
08/02/2026,nguyenvanan189@gmail.com,Nguyen Van An,2251164189,04/03/2004,Nam,1205000189,0430607783,nguyenvanan189@sv.tlu.edu.vn,Xây dựng,Công trình thủy,65CTT1,năm 3,3.58,Hà Nội,392,,https://drive.google.com/file/d/1C9AnDlPw4TXLGujaUlOfBkA6bjc_8-eC/view?usp=drivesdk,Tôi cam kết các thông tin trên là đúng sự thật
08/02/2026,dothimai190@gmail.com,Do Thi Mai,2251164190,12/04/2006,Nữ,1205000190,0512807973,dothimai190@sv.tlu.edu.vn,Công nghệ thông tin,Mạng máy tính,64MMT1,năm 2,3.49,Lào Cai,341,,https://drive.google.com/file/d/18dQAlL_y8thq_0qSXS8Df1ysTq6ibQ5u/view?usp=drivesdk,Tôi cam kết các thông tin trên là đúng sự thật
08/02/2026,dothimai191@gmail.com,Do Thi Mai,2251164191,21/08/2004,Nữ,1205000191,0023663722,dothimai191@sv.tlu.edu.vn,Cơ khí,Cơ khí chế tạo,65CK1,năm 1,2.72,Thanh Hóa,150,,https://drive.google.com/file/d/1eFsH1ChWr4DmZzPYGPL-Wcvzb9wPy0BG/view?usp=drivesdk,Tôi cam kết các thông tin trên là đúng sự thật
08/02/2026,buithihanh192@gmail.com,Bui Thi Hanh,2251164192,05/04/2003,Nữ,1205000192,0578478072,buithihanh192@sv.tlu.edu.vn,Quản trị kinh doanh,Marketing,65MKT1,năm 3,3.75,Hưng Yên,40,Vùng sâu vùng xa,https://drive.google.com/file/d/1HfKPoNAFRiUEri3Na0K5urPNVKGiLXRm/view?usp=drivesdk,Tôi cam kết các thông tin trên là đúng sự thật
08/02/2026,tranvanbinh193@gmail.com,Tran Van Binh,2251164193,15/04/2005,Nam,1205000193,0292388686,tranvanbinh193@sv.tlu.edu.vn,Công nghệ thông tin,Trí tuệ nhân tạo,64AI1,năm 2,2.20,Hưng Yên,321,Lưu học sinh (Lào/Campuchia),https://drive.google.com/file/d/1coTFv1Pe4IpjllV0geXqoWtsUVqY2hlC/view?usp=drivesdk,Tôi cam kết các thông tin trên là đúng sự thật
08/02/2026,hoangvanlong194@gmail.com,Hoang Van Long,2251164194,01/01/2006,Nam,1205000194,0873431398,hoangvanlong194@sv.tlu.edu.vn,Quản trị kinh doanh,Marketing,65MKT1,năm 1,3.21,Lào Cai,589,Vùng sâu vùng xa,https://drive.google.com/file/d/1Gh94InHhtUKS7F89am6rSi0z20PHPlvR/view?usp=drivesdk,Tôi cam kết các thông tin trên là đúng sự thật
08/02/2026,dangvankhanh195@gmail.com,Dang Van Khanh,2251164195,06/12/2004,Nam,1205000195,0726949012,dangvankhanh195@sv.tlu.edu.vn,Xây dựng,Công trình thủy,65CTT1,năm 1,2.87,Gia Lai,489,Vùng sâu vùng xa,https://drive.google.com/file/d/1SEHnvqkoJ78G4q8v3_KKNEgblR54KfEW/view?usp=drivesdk,Tôi cam kết các thông tin trên là đúng sự thật
08/02/2026,lethidieu196@gmail.com,Le Thi Dieu,2251164196,30/11/2003,Nữ,1205000196,0796318084,lethidieu196@sv.tlu.edu.vn,Kinh tế,Tài chính ngân hàng,65TCNH1,năm 1,3.12,Thanh Hóa,329,Vùng sâu vùng xa,https://drive.google.com/file/d/1Ztjd9Tdb1n5gVxxBIJz5xpLvJEIgO5qL/view?usp=drivesdk,Tôi cam kết các thông tin trên là đúng sự thật
08/02/2026,nguyenvanan197@gmail.com,Nguyen Van An,2251164197,09/05/2005,Nam,1205000197,0297469559,nguyenvanan197@sv.tlu.edu.vn,Kinh tế,Kế toán,65KT1,năm 4,2.98,Lào Cai,364,Vùng sâu vùng xa,https://drive.google.com/file/d/1QzSnOD2Ds1p0pntPpDrQGvphPXj4Ylli/view?usp=drivesdk,Tôi cam kết các thông tin trên là đúng sự thật
08/02/2026,tranvanbinh198@gmail.com,Tran Van Binh,2251164198,29/02/2004,Nam,1205000198,0949545974,tranvanbinh198@sv.tlu.edu.vn,Công nghệ thông tin,Mạng máy tính,64MMT1,năm 3,3.31,Hưng Yên,322,Vùng sâu vùng xa,https://drive.google.com/file/d/1LZN4kppfEDvEo3tKJirDTPx4KrddtQBg/view?usp=drivesdk,Tôi cam kết các thông tin trên là đúng sự thật
08/02/2026,vuthiphuong199@gmail.com,Vu Thi Phuong,2251164199,18/09/2005,Nữ,1205000199,0323302230,vuthiphuong199@sv.tlu.edu.vn,Công nghệ thông tin,Mạng máy tính,64MMT1,năm 1,3.99,Hưng Yên,547,Vùng sâu vùng xa,https://drive.google.com/file/d/12Oo90zFTKbJ8OfuEhA7LBdg1-ZS7MAsg/view?usp=drivesdk,Tôi cam kết các thông tin trên là đúng sự thật
08/02/2026,vuthiphuong200@gmail.com,Vu Thi Phuong,2251164200,12/12/2006,Nữ,1205000200,0923029756,vuthiphuong200@sv.tlu.edu.vn,Kinh tế,Kế toán,65KT1,năm 3,2.28,Hưng Yên,203,"Con thương binh, liệt sỹ",https://drive.google.com/file/d/1uGhKp30QUrMuEjTbKvgYLPxCM02vNQfv/view?usp=drivesdk,Tôi cam kết các thông tin trên là đúng sự thật
08/02/2026,dangvankhanh201@gmail.com,Dang Van Khanh,2251164201,24/12/2004,Nam,1205000201,0323418122,dangvankhanh201@sv.tlu.edu.vn,Môi trường,Kỹ thuật môi trường,65MT1,năm 3,3.23,Nam Định,191,Vùng sâu vùng xa,https://drive.google.com/file/d/1xxSQm-AhJX6SA_gt9aXwQbO-48OVPa8M/view?usp=drivesdk,Tôi cam kết các thông tin trên là đúng sự thật
08/02/2026,dothimai202@gmail.com,Do Thi Mai,2251164202,13/12/2004,Nữ,1205000202,0997193919,dothimai202@sv.tlu.edu.vn,Xây dựng,Kỹ thuật xây dựng,65XDD1,năm 3,3.60,Lào Cai,328,Vùng sâu vùng xa,https://drive.google.com/file/d/1v38_fpAMXcgQ2ESuka4OKJDLrRhwXU89/view?usp=drivesdk,Tôi cam kết các thông tin trên là đúng sự thật
08/02/2026,buithihanh203@gmail.com,Bui Thi Hanh,2251164203,06/04/2005,Nữ,1205000203,0079903246,buithihanh203@sv.tlu.edu.vn,Công nghệ thông tin,Mạng máy tính,64MMT1,năm 1,3.94,Nghệ An,126,Vùng sâu vùng xa,https://drive.google.com/file/d/13NhN6-lccZP4YIPKYZNbCJQFF6maS7FK/view?usp=drivesdk,Tôi cam kết các thông tin trên là đúng sự thật
08/02/2026,dothimai204@gmail.com,Do Thi Mai,2251164204,10/09/2006,Nữ,1205000204,0551214539,dothimai204@sv.tlu.edu.vn,Ngôn ngữ học,Ngôn ngữ Trung,66NNT1,năm 2,3.26,Thanh Hóa,146,Vùng sâu vùng xa,https://drive.google.com/file/d/1Dq3Lla2Qmvs63YvkCyYV9nlLW70_kRn6/view?usp=drivesdk,Tôi cam kết các thông tin trên là đúng sự thật
08/02/2026,buithihanh205@gmail.com,Bui Thi Hanh,2251164205,16/08/2006,Nữ,1205000205,0566573377,buithihanh205@sv.tlu.edu.vn,Công nghệ thông tin,Trí tuệ nhân tạo,64AI1,năm 4,3.18,Nam Định,224,"Con thương binh, liệt sỹ",https://drive.google.com/file/d/1Ki6P1HWEj4Wn0THkKxPmMlSAa0CzPT81/view?usp=drivesdk,Tôi cam kết các thông tin trên là đúng sự thật
08/02/2026,phamvancuong206@gmail.com,Pham Van Cuong,2251164206,23/03/2006,Nam,1205000206,0652992906,phamvancuong206@sv.tlu.edu.vn,Công nghệ thông tin,Mạng máy tính,64MMT1,năm 4,3.17,Nam Định,206,,https://drive.google.com/file/d/1S-8pP5pQuXx2J7621uHxJTbdwPJgyHkz/view?usp=drivesdk,Tôi cam kết các thông tin trên là đúng sự thật
08/02/2026,nguyenvanan207@gmail.com,Nguyen Van An,2251164207,12/08/2006,Nam,1205000207,0083949195,nguyenvanan207@sv.tlu.edu.vn,Ngôn ngữ học,Ngôn ngữ Anh,66NNA1,năm 3,2.95,Gia Lai,26,,https://drive.google.com/file/d/1s41uJ5GrYThE-Fq2Dl1tnhCbwMHrdfiU/view?usp=drivesdk,Tôi cam kết các thông tin trên là đúng sự thật
08/02/2026,tranvanbinh208@gmail.com,Tran Van Binh,2251164208,21/11/2003,Nam,1205000208,0320081276,tranvanbinh208@sv.tlu.edu.vn,Công nghệ thông tin,Hệ thống thông tin,64HTTT2,năm 1,2.51,Gia Lai,382,Vùng sâu vùng xa,https://drive.google.com/file/d/1pWR9mQXcls9sVA6YzbH4amuDDTP3bsnY/view?usp=drivesdk,Tôi cam kết các thông tin trên là đúng sự thật
08/02/2026,dangvankhanh209@gmail.com,Dang Van Khanh,2251164209,28/07/2003,Nam,1205000209,0226991614,dangvankhanh209@sv.tlu.edu.vn,Xây dựng,Công trình thủy,65CTT1,năm 1,3.73,Nghệ An,210,Vùng sâu vùng xa,https://drive.google.com/file/d/1eE0DbPJh3mMSLWRiYBFDMvA8Ws8BiaG6/view?usp=drivesdk,Tôi cam kết các thông tin trên là đúng sự thật
08/02/2026,dothimai210@gmail.com,Do Thi Mai,2251164210,27/02/2005,Nữ,1205000210,0950063205,dothimai210@sv.tlu.edu.vn,Xây dựng,Công trình thủy,65CTT1,năm 1,3.92,Lào Cai,139,Vùng sâu vùng xa,https://drive.google.com/file/d/1_Yr151Ov4a52UyCGuNKQxppDmF2gEI1l/view?usp=drivesdk,Tôi cam kết các thông tin trên là đúng sự thật
08/02/2026,lethidieu211@gmail.com,Le Thi Dieu,2251164211,10/10/2006,Nữ,1205000211,0180658667,lethidieu211@sv.tlu.edu.vn,Xây dựng,Công trình thủy,65CTT1,năm 1,3.30,Hưng Yên,338,Vùng sâu vùng xa,https://drive.google.com/file/d/1TRzL_V7Mpu63MtvgxqjjWGshPJ-GqEb4/view?usp=drivesdk,Tôi cam kết các thông tin trên là đúng sự thật
08/02/2026,nguyenvanan212@gmail.com,Nguyen Van An,2251164212,27/01/2005,Nam,1205000212,0400830467,nguyenvanan212@sv.tlu.edu.vn,Ngôn ngữ học,Ngôn ngữ Anh,66NNA1,năm 1,3.98,Lào Cai,504,,https://drive.google.com/file/d/1gb6Ppd9BxZdAR8wxaQ4PrU3LSgmoZ0OV/view?usp=drivesdk,Tôi cam kết các thông tin trên là đúng sự thật
08/02/2026,dothimai213@gmail.com,Do Thi Mai,2251164213,21/02/2003,Nữ,1205000213,0150724620,dothimai213@sv.tlu.edu.vn,Xây dựng,Công trình thủy,65CTT1,năm 1,3.62,Nam Định,169,,https://drive.google.com/file/d/1VLirttav-ROQtlTvQUOfwJQUWZObETqC/view?usp=drivesdk,Tôi cam kết các thông tin trên là đúng sự thật
08/02/2026,dangvankhanh214@gmail.com,Dang Van Khanh,2251164214,06/08/2004,Nam,1205000214,0435606266,dangvankhanh214@sv.tlu.edu.vn,Xây dựng,Công trình thủy,65CTT1,năm 2,2.99,Hưng Yên,295,"Con thương binh, liệt sỹ",https://drive.google.com/file/d/1_LN5z962rtwoDBygLiXaqrozRwQbA1Ui/view?usp=drivesdk,Tôi cam kết các thông tin trên là đúng sự thật
08/02/2026,phamvancuong215@gmail.com,Pham Van Cuong,2251164215,29/01/2004,Nam,1205000215,0647630929,phamvancuong215@sv.tlu.edu.vn,Công nghệ thông tin,Kỹ thuật phần mềm,64KTPM1,năm 1,2.53,Lào Cai,438,Vùng sâu vùng xa,https://drive.google.com/file/d/15gl08Elc8ALathDHtS0jH-TjN9q4Qmcr/view?usp=drivesdk,Tôi cam kết các thông tin trên là đúng sự thật
08/02/2026,hoangvanlong216@gmail.com,Hoang Van Long,2251164216,06/09/2003,Nam,1205000216,0937911265,hoangvanlong216@sv.tlu.edu.vn,Môi trường,Kỹ thuật môi trường,65MT1,năm 1,2.85,Nghệ An,282,Vùng sâu vùng xa,https://drive.google.com/file/d/1MtGkYmwrg6DbbQHbI03ytg-8LrupsucO/view?usp=drivesdk,Tôi cam kết các thông tin trên là đúng sự thật
08/02/2026,phamvancuong217@gmail.com,Pham Van Cuong,2251164217,04/06/2005,Nam,1205000217,0231113220,phamvancuong217@sv.tlu.edu.vn,Ngôn ngữ học,Ngôn ngữ Trung,66NNT1,năm 1,3.93,Hà Nội,331,,https://drive.google.com/file/d/18XTVN-Ev46nRfooJOLRiW9YWkKBS4GeT/view?usp=drivesdk,Tôi cam kết các thông tin trên là đúng sự thật
08/02/2026,ngothilan218@gmail.com,Ngo Thi Lan,2251164218,06/08/2005,Nữ,1205000218,0315171098,ngothilan218@sv.tlu.edu.vn,Công nghệ thông tin,Khoa học máy tính,64CNTT1,năm 1,3.37,Hà Nội,267,Hộ nghèo cận nghèo,https://drive.google.com/file/d/1HHkQBs5kdjCL0NE4eiCH3W7EE6DlzQKA/view?usp=drivesdk,Tôi cam kết các thông tin trên là đúng sự thật
08/02/2026,tranvanbinh219@gmail.com,Tran Van Binh,2251164219,03/06/2004,Nam,1205000219,0150347450,tranvanbinh219@sv.tlu.edu.vn,Công nghệ thông tin,Mạng máy tính,64MMT1,năm 3,03.04,Nam Định,38,Vùng sâu vùng xa,https://drive.google.com/file/d/1DEZcFbP5ESa8yRBSwiIVMBBaq6siLGHN/view?usp=drivesdk,Tôi cam kết các thông tin trên là đúng sự thật
08/02/2026,hoangvanlong220@gmail.com,Hoang Van Long,2251164220,01/12/2003,Nam,1205000220,0481826103,hoangvanlong220@sv.tlu.edu.vn,Công nghệ thông tin,Trí tuệ nhân tạo,64AI1,năm 4,3.37,Nam Định,93,"Con thương binh, liệt sỹ",https://drive.google.com/file/d/1XdCoYS26JneELAqWkZ3e_qR_F_owYzFN/view?usp=drivesdk,Tôi cam kết các thông tin trên là đúng sự thật
08/02/2026,dangvankhanh221@gmail.com,Dang Van Khanh,2251164221,14/09/2003,Nam,1205000221,0493012978,dangvankhanh221@sv.tlu.edu.vn,Điện – Điện tử,Kỹ thuật điện,65D1,năm 1,2.87,Thanh Hóa,422,,https://drive.google.com/file/d/1gUxmnSVw9OE7ojq4K4y76Big0g5h3N2b/view?usp=drivesdk,Tôi cam kết các thông tin trên là đúng sự thật
08/02/2026,lethidieu222@gmail.com,Le Thi Dieu,2251164222,23/10/2006,Nữ,1205000222,0970534808,lethidieu222@sv.tlu.edu.vn,Công nghệ thông tin,Mạng máy tính,64MMT1,năm 1,3.31,Hà Nội,324,,https://drive.google.com/file/d/1R1BPSp2yKRIMgYh0zxilasr-OSPitcLQ/view?usp=drivesdk,Tôi cam kết các thông tin trên là đúng sự thật
08/02/2026,buithihanh223@gmail.com,Bui Thi Hanh,2251164223,25/10/2003,Nữ,1205000223,0310824420,buithihanh223@sv.tlu.edu.vn,Ngôn ngữ học,Ngôn ngữ Trung,66NNT1,năm 2,03.03,Nam Định,477,Sinh viên khuyết tật,https://drive.google.com/file/d/1ABr1NiDq3RkcVvwpsVfN3G4a_2FI8_g6/view?usp=drivesdk,Tôi cam kết các thông tin trên là đúng sự thật
08/02/2026,lethidieu224@gmail.com,Le Thi Dieu,2251164224,29/06/2004,Nữ,1205000224,0182550475,lethidieu224@sv.tlu.edu.vn,Công nghệ thông tin,Mạng máy tính,64MMT1,năm 2,3.66,Thanh Hóa,212,Vùng sâu vùng xa,https://drive.google.com/file/d/1glHysoXQlgWWVe05mZvhH8S65xycs0Ab/view?usp=drivesdk,Tôi cam kết các thông tin trên là đúng sự thật
08/02/2026,dothimai225@gmail.com,Do Thi Mai,2251164225,22/09/2006,Nữ,1205000225,0293455200,dothimai225@sv.tlu.edu.vn,Ngôn ngữ học,Ngôn ngữ Anh,66NNA1,năm 3,2.98,Hưng Yên,24,Vùng sâu vùng xa,https://drive.google.com/file/d/1fm58HTa8C-OIwLOOmOkLxk-XW9S_H0Hz/view?usp=drivesdk,Tôi cam kết các thông tin trên là đúng sự thật
08/02/2026,hoangvanlong226@gmail.com,Hoang Van Long,2251164226,05/11/2003,Nam,1205000226,0490803130,hoangvanlong226@sv.tlu.edu.vn,Xây dựng,Kỹ thuật xây dựng,65XDD1,năm 4,2.99,Nghệ An,141,Vùng sâu vùng xa,https://drive.google.com/file/d/19RWPiV_HlzXJS-tlDrkT6--UvctKycnz/view?usp=drivesdk,Tôi cam kết các thông tin trên là đúng sự thật
08/02/2026,tranvanbinh227@gmail.com,Tran Van Binh,2251164227,27/10/2003,Nam,1205000227,0047828493,tranvanbinh227@sv.tlu.edu.vn,Kinh tế,Kế toán,65KT1,năm 3,3.89,Hà Nội,193,,https://drive.google.com/file/d/1NGNw9caCFSbGYdWlukEaM28Tc_I5CPZa/view?usp=drivesdk,Tôi cam kết các thông tin trên là đúng sự thật
08/02/2026,tranvanbinh228@gmail.com,Tran Van Binh,2251164228,05/10/2004,Nam,1205000228,0994145563,tranvanbinh228@sv.tlu.edu.vn,Điện – Điện tử,Kỹ thuật điện,65D1,năm 1,3.21,Hưng Yên,154,Vùng sâu vùng xa,https://drive.google.com/file/d/1ASvck0bdWPhUJFTAgvS9GwgmEQTEnpgH/view?usp=drivesdk,Tôi cam kết các thông tin trên là đúng sự thật
08/02/2026,lethidieu229@gmail.com,Le Thi Dieu,2251164229,14/10/2006,Nữ,1205000229,0550449396,lethidieu229@sv.tlu.edu.vn,Xây dựng,Công trình thủy,65CTT1,năm 2,3.26,Hà Nội,268,Vùng sâu vùng xa,https://drive.google.com/file/d/1U4Lf1037FlIcpwh6HybBxbf4Abom71u8/view?usp=drivesdk,Tôi cam kết các thông tin trên là đúng sự thật
08/02/2026,vuthiphuong230@gmail.com,Vu Thi Phuong,2251164230,14/12/2003,Nữ,1205000230,0118925490,vuthiphuong230@sv.tlu.edu.vn,Điện – Điện tử,Kỹ thuật điện,65D1,năm 1,2.95,Nghệ An,400,Vùng sâu vùng xa,https://drive.google.com/file/d/1C4nE4T8bPv_xgWpkm2SzXnfGI_Npq8wo/view?usp=drivesdk,Tôi cam kết các thông tin trên là đúng sự thật
08/02/2026,buithihanh231@gmail.com,Bui Thi Hanh,2251164231,01/12/2003,Nữ,1205000231,0915470573,buithihanh231@sv.tlu.edu.vn,Công nghệ thông tin,Khoa học máy tính,64CNTT1,năm 3,3.51,Nam Định,241,,https://drive.google.com/file/d/1wxG8HqIO4721hVczRoo81YLkeddpELE8/view?usp=drivesdk,Tôi cam kết các thông tin trên là đúng sự thật
08/02/2026,ngothilan232@gmail.com,Ngo Thi Lan,2251164232,23/11/2006,Nữ,1205000232,0698780482,ngothilan232@sv.tlu.edu.vn,Công nghệ thông tin,Trí tuệ nhân tạo,64AI1,năm 3,3.68,Hưng Yên,355,Vùng sâu vùng xa,https://drive.google.com/file/d/1_u0992NoyaFTeW9a1C0lce5KYdwFAXbM/view?usp=drivesdk,Tôi cam kết các thông tin trên là đúng sự thật
08/02/2026,lethidieu233@gmail.com,Le Thi Dieu,2251164233,28/03/2003,Nữ,1205000233,0577241199,lethidieu233@sv.tlu.edu.vn,Kinh tế,Kế toán,65KT1,năm 1,3.97,Hà Nội,310,Vùng sâu vùng xa,https://drive.google.com/file/d/1iB85HX1m7HLIf1WAbVOpvDnO1e9NJ4NE/view?usp=drivesdk,Tôi cam kết các thông tin trên là đúng sự thật
08/02/2026,ngothilan234@gmail.com,Ngo Thi Lan,2251164234,17/08/2005,Nữ,1205000234,0894174139,ngothilan234@sv.tlu.edu.vn,Công nghệ thông tin,Khoa học máy tính,64CNTT1,năm 1,3.57,Gia Lai,578,,https://drive.google.com/file/d/1v-4nVSQizng_9tAsmRcVTW7TKFF7ElSW/view?usp=drivesdk,Tôi cam kết các thông tin trên là đúng sự thật
08/02/2026,nguyenvanan235@gmail.com,Nguyen Van An,2251164235,19/07/2005,Nam,1205000235,0643633697,nguyenvanan235@sv.tlu.edu.vn,Quản trị kinh doanh,Marketing,65MKT1,năm 2,3.28,Hà Nội,283,Vùng sâu vùng xa,https://drive.google.com/file/d/1q-cwzn5LIX18KeH6qqGddOA9oMueMf5n/view?usp=drivesdk,Tôi cam kết các thông tin trên là đúng sự thật
08/02/2026,dangvankhanh236@gmail.com,Dang Van Khanh,2251164236,24/08/2003,Nam,1205000236,0459171219,dangvankhanh236@sv.tlu.edu.vn,Kinh tế,Tài chính ngân hàng,65TCNH1,năm 2,2.64,Hưng Yên,460,Hộ nghèo cận nghèo,https://drive.google.com/file/d/1NklioOO6rw0Z5tOKHZdzII-xb9ovl73h/view?usp=drivesdk,Tôi cam kết các thông tin trên là đúng sự thật
08/02/2026,dangvankhanh237@gmail.com,Dang Van Khanh,2251164237,21/07/2006,Nam,1205000237,0290779398,dangvankhanh237@sv.tlu.edu.vn,Xây dựng,Kỹ thuật xây dựng,65XDD1,năm 1,3.85,Thanh Hóa,376,,https://drive.google.com/file/d/1bPeyfVrEOZXAMHLIe4Lqb6oXJNIZquGr/view?usp=drivesdk,Tôi cam kết các thông tin trên là đúng sự thật
08/02/2026,vuthiphuong238@gmail.com,Vu Thi Phuong,2251164238,19/05/2005,Nữ,1205000238,0046781847,vuthiphuong238@sv.tlu.edu.vn,Quản trị kinh doanh,Quản trị doanh nghiệp,65QTDN1,năm 3,03.09,Nam Định,317,,https://drive.google.com/file/d/13qFONoM2O9rfGB3GTN2rwEKRxz8J6WO7/view?usp=drivesdk,Tôi cam kết các thông tin trên là đúng sự thật
08/02/2026,phamvancuong239@gmail.com,Pham Van Cuong,2251164239,12/06/2006,Nam,1205000239,0017035718,phamvancuong239@sv.tlu.edu.vn,Môi trường,Kỹ thuật môi trường,65MT1,năm 1,3.28,Hưng Yên,353,Vùng sâu vùng xa,https://drive.google.com/file/d/1BeOUZbLb9z8yS0EjzH005nOGi65_ZhYg/view?usp=drivesdk,Tôi cam kết các thông tin trên là đúng sự thật
08/02/2026,lethidieu240@gmail.com,Le Thi Dieu,2251164240,12/02/2006,Nữ,1205000240,0073837192,lethidieu240@sv.tlu.edu.vn,Ngôn ngữ học,Ngôn ngữ Trung,66NNT1,năm 4,3.35,Nghệ An,438,Hộ nghèo cận nghèo,https://drive.google.com/file/d/1XaJGEAS-QW2Iqn9wSw9kQ3Tz64RZyC5B/view?usp=drivesdk,Tôi cam kết các thông tin trên là đúng sự thật
08/02/2026,nguyenvanan241@gmail.com,Nguyen Van An,2251164241,15/11/2005,Nam,1205000241,0214844356,nguyenvanan241@sv.tlu.edu.vn,Xây dựng,Kỹ thuật xây dựng,65XDD1,năm 4,3.60,Nghệ An,15,Vùng sâu vùng xa,https://drive.google.com/file/d/1D-KMAl1QWgKxN0GcaCH_gkBjgMgCQ41a/view?usp=drivesdk,Tôi cam kết các thông tin trên là đúng sự thật
08/02/2026,lethidieu242@gmail.com,Le Thi Dieu,2251164242,31/08/2006,Nữ,1205000242,0695891372,lethidieu242@sv.tlu.edu.vn,Kinh tế,Kinh tế xây dựng,65KTXD1,năm 1,2.88,Nghệ An,171,Sinh viên khuyết tật,https://drive.google.com/file/d/1UyCDUz8ZBj4pUJ8hZXVhelzTvMOGiOgQ/view?usp=drivesdk,Tôi cam kết các thông tin trên là đúng sự thật
08/02/2026,buithihanh243@gmail.com,Bui Thi Hanh,2251164243,04/04/2005,Nữ,1205000243,0577991565,buithihanh243@sv.tlu.edu.vn,Kinh tế,Kinh tế xây dựng,65KTXD1,năm 3,3.89,Nghệ An,164,Vùng sâu vùng xa,https://drive.google.com/file/d/1_NBR_6MFc0affTMOvQ05wNuYPsWd-2Nd/view?usp=drivesdk,Tôi cam kết các thông tin trên là đúng sự thật
08/02/2026,vuthiphuong244@gmail.com,Vu Thi Phuong,2251164244,30/09/2004,Nữ,1205000244,0833430638,vuthiphuong244@sv.tlu.edu.vn,Công nghệ thông tin,Khoa học máy tính,64CNTT1,năm 3,3.31,Hưng Yên,533,Sinh viên khuyết tật,https://drive.google.com/file/d/1P2VkuXBhk_HnubAuwCxPFGDqnurOvVIZ/view?usp=drivesdk,Tôi cam kết các thông tin trên là đúng sự thật
08/02/2026,phamvancuong245@gmail.com,Pham Van Cuong,2251164245,14/05/2003,Nam,1205000245,0624139453,phamvancuong245@sv.tlu.edu.vn,Công nghệ thông tin,Kỹ thuật phần mềm,64KTPM1,năm 2,3.25,Nghệ An,160,"Con thương binh, liệt sỹ",https://drive.google.com/file/d/12m3DGIcMgmqGxUy2pFlmGUSwR_ErGRsa/view?usp=drivesdk,Tôi cam kết các thông tin trên là đúng sự thật
08/02/2026,phamvancuong246@gmail.com,Pham Van Cuong,2251164246,11/10/2006,Nam,1205000246,0531497562,phamvancuong246@sv.tlu.edu.vn,Kinh tế,Kinh tế xây dựng,65KTXD1,năm 1,3.59,Thanh Hóa,253,Vùng sâu vùng xa,https://drive.google.com/file/d/1XSUWkBRIhfBxwvEImhxYeYSX6FTE52Ja/view?usp=drivesdk,Tôi cam kết các thông tin trên là đúng sự thật
08/02/2026,vuthiphuong247@gmail.com,Vu Thi Phuong,2251164247,26/03/2004,Nữ,1205000247,0183708079,vuthiphuong247@sv.tlu.edu.vn,Công nghệ thông tin,Kỹ thuật phần mềm,64KTPM1,năm 1,3.82,Hưng Yên,541,Vùng sâu vùng xa,https://drive.google.com/file/d/1W6xuRgOWp0gNDAwWG_EMxIw_d1_miZMI/view?usp=drivesdk,Tôi cam kết các thông tin trên là đúng sự thật
08/02/2026,lethidieu248@gmail.com,Le Thi Dieu,2251164248,19/06/2004,Nữ,1205000248,0715244854,lethidieu248@sv.tlu.edu.vn,Điện – Điện tử,Kỹ thuật điện,65D1,năm 4,3.63,Hà Nội,58,Vùng sâu vùng xa,https://drive.google.com/file/d/1PjHW4QTP4QGBA5YVbEYMBUuUoWGz4Qy6/view?usp=drivesdk,Tôi cam kết các thông tin trên là đúng sự thật
08/02/2026,dangvankhanh249@gmail.com,Dang Van Khanh,2251164249,26/04/2005,Nam,1205000249,0988732187,dangvankhanh249@sv.tlu.edu.vn,Kinh tế,Tài chính ngân hàng,65TCNH1,năm 4,3.10,Gia Lai,308,"Con thương binh, liệt sỹ",https://drive.google.com/file/d/1ez3uH3yd5GnMaGCPU8c6XyEY8-Lebxo8/view?usp=drivesdk,Tôi cam kết các thông tin trên là đúng sự thật
08/02/2026,dothimai250@gmail.com,Do Thi Mai,2251164250,18/12/2005,Nữ,1205000250,0804183591,dothimai250@sv.tlu.edu.vn,Quản trị kinh doanh,Marketing,65MKT1,năm 1,03.02,Nam Định,545,Vùng sâu vùng xa,https://drive.google.com/file/d/1jCH5E7fDpGEyph3sYo6OoCVh9vGYe6tA/view?usp=drivesdk,Tôi cam kết các thông tin trên là đúng sự thật
08/02/2026,dangvankhanh251@gmail.com,Dang Van Khanh,2251164251,11/02/2006,Nam,1205000251,0770239418,dangvankhanh251@sv.tlu.edu.vn,Môi trường,Kỹ thuật môi trường,65MT1,năm 4,3.30,Thanh Hóa,358,,https://drive.google.com/file/d/1B6TLWJkVYKU4qP9FDvL6nLGiZxOeyp4d/view?usp=drivesdk,Tôi cam kết các thông tin trên là đúng sự thật
08/02/2026,vuthiphuong252@gmail.com,Vu Thi Phuong,2251164252,21/04/2003,Nữ,1205000252,0404322354,vuthiphuong252@sv.tlu.edu.vn,Ngôn ngữ học,Ngôn ngữ Trung,66NNT1,năm 1,2.74,Hà Nội,510,,https://drive.google.com/file/d/1-w7ylHTzhZBiFjzUtu-G4Gkuc312a5o6/view?usp=drivesdk,Tôi cam kết các thông tin trên là đúng sự thật
08/02/2026,dangvankhanh253@gmail.com,Dang Van Khanh,2251164253,14/04/2003,Nam,1205000253,0023678515,dangvankhanh253@sv.tlu.edu.vn,Công nghệ thông tin,Mạng máy tính,64MMT1,năm 1,3.47,Thanh Hóa,325,Vùng sâu vùng xa,https://drive.google.com/file/d/1dOU377D4OF_50MyIZ-mgy8y9-L2z9_T9/view?usp=drivesdk,Tôi cam kết các thông tin trên là đúng sự thật
08/02/2026,lethidieu254@gmail.com,Le Thi Dieu,2251164254,31/03/2006,Nữ,1205000254,0910940792,lethidieu254@sv.tlu.edu.vn,Kinh tế,Kế toán,65KT1,năm 3,3.24,Nghệ An,404,Hộ nghèo cận nghèo,https://drive.google.com/file/d/1zCPQmkNweYjN0w_TTXbYzyNzU6jL3Fum/view?usp=drivesdk,Tôi cam kết các thông tin trên là đúng sự thật
08/02/2026,nguyenvanan255@gmail.com,Nguyen Van An,2251164255,27/03/2005,Nam,1205000255,0553583179,nguyenvanan255@sv.tlu.edu.vn,Quản trị kinh doanh,Marketing,65MKT1,năm 2,3.21,Gia Lai,274,Vùng sâu vùng xa,https://drive.google.com/file/d/1ATci0eDSJCAljDQxSbA2xXRGjWLOsPSC/view?usp=drivesdk,Tôi cam kết các thông tin trên là đúng sự thật
08/02/2026,lethidieu256@gmail.com,Le Thi Dieu,2251164256,14/10/2006,Nữ,1205000256,0378303012,lethidieu256@sv.tlu.edu.vn,Xây dựng,Công trình thủy,65CTT1,năm 1,3.72,Nam Định,104,Vùng sâu vùng xa,https://drive.google.com/file/d/1qjJ85wnzEa4x7BgpEOTtKG2wYsZug1r-/view?usp=drivesdk,Tôi cam kết các thông tin trên là đúng sự thật
08/02/2026,dangvankhanh257@gmail.com,Dang Van Khanh,2251164257,03/12/2004,Nam,1205000257,0754609447,dangvankhanh257@sv.tlu.edu.vn,Kinh tế,Kinh tế xây dựng,65KTXD1,năm 1,3.57,Gia Lai,444,Vùng sâu vùng xa,https://drive.google.com/file/d/1Ad9yMITXFQU2YZhD3JZolMqSF1nQIsXs/view?usp=drivesdk,Tôi cam kết các thông tin trên là đúng sự thật
08/02/2026,dangvankhanh258@gmail.com,Dang Van Khanh,2251164258,16/10/2004,Nam,1205000258,0188840065,dangvankhanh258@sv.tlu.edu.vn,Quản trị kinh doanh,Quản trị doanh nghiệp,65QTDN1,năm 4,03.03,Gia Lai,345,Hộ nghèo cận nghèo,https://drive.google.com/file/d/1LAR10Uf3qXXNHU1Fcflwu7KljKleEnYB/view?usp=drivesdk,Tôi cam kết các thông tin trên là đúng sự thật
08/02/2026,vuthiphuong259@gmail.com,Vu Thi Phuong,2251164259,24/11/2003,Nữ,1205000259,0980590800,vuthiphuong259@sv.tlu.edu.vn,Công nghệ thông tin,Kỹ thuật phần mềm,64KTPM1,năm 1,03.07,Lào Cai,519,,https://drive.google.com/file/d/1gAT03VCZgw_VYPGu1v1sysBI6N1f-5J9/view?usp=drivesdk,Tôi cam kết các thông tin trên là đúng sự thật
08/02/2026,hoangvanlong260@gmail.com,Hoang Van Long,2251164260,25/01/2004,Nam,1205000260,0187795771,hoangvanlong260@sv.tlu.edu.vn,Quản trị kinh doanh,Quản trị doanh nghiệp,65QTDN1,năm 3,2.58,Hà Nội,578,Hộ nghèo cận nghèo,https://drive.google.com/file/d/15z-GUTXn7yLZCmKWTQvmalRoY94Z42MY/view?usp=drivesdk,Tôi cam kết các thông tin trên là đúng sự thật
08/02/2026,phamvancuong261@gmail.com,Pham Van Cuong,2251164261,03/04/2004,Nam,1205000261,0353297877,phamvancuong261@sv.tlu.edu.vn,Công nghệ thông tin,Trí tuệ nhân tạo,64AI1,năm 2,3.14,Hưng Yên,142,,https://drive.google.com/file/d/134vqbAJ-NeEc8gS0U7m9they92d92xgh/view?usp=drivesdk,Tôi cam kết các thông tin trên là đúng sự thật
08/02/2026,dothimai262@gmail.com,Do Thi Mai,2251164262,02/09/2003,Nữ,1205000262,0774867213,dothimai262@sv.tlu.edu.vn,Ngôn ngữ học,Ngôn ngữ Anh,66NNA1,năm 2,3.90,Hà Nội,367,Vùng sâu vùng xa,https://drive.google.com/file/d/1_Jhbcj5WGiequtBgi_w1gd3fcG3YiSdC/view?usp=drivesdk,Tôi cam kết các thông tin trên là đúng sự thật
08/02/2026,nguyenvanan263@gmail.com,Nguyen Van An,2251164263,15/09/2004,Nam,1205000263,0513082393,nguyenvanan263@sv.tlu.edu.vn,Quản trị kinh doanh,Quản trị doanh nghiệp,65QTDN1,năm 1,2.69,Nghệ An,388,Vùng sâu vùng xa,https://drive.google.com/file/d/1B6gVxueeWWPxrKUhGUGWEhMNpNqOt9nk/view?usp=drivesdk,Tôi cam kết các thông tin trên là đúng sự thật
08/02/2026,buithihanh264@gmail.com,Bui Thi Hanh,2251164264,03/02/2005,Nữ,1205000264,0190145161,buithihanh264@sv.tlu.edu.vn,Xây dựng,Công trình thủy,65CTT1,năm 4,03.05,Thanh Hóa,70,,https://drive.google.com/file/d/1pUBF8foDyIJVxxFXb5kA7RXdHn8vVFnm/view?usp=drivesdk,Tôi cam kết các thông tin trên là đúng sự thật
08/02/2026,buithihanh265@gmail.com,Bui Thi Hanh,2251164265,25/04/2003,Nữ,1205000265,0265322012,buithihanh265@sv.tlu.edu.vn,Xây dựng,Công trình thủy,65CTT1,năm 2,3.44,Lào Cai,527,Lưu học sinh (Lào/Campuchia),https://drive.google.com/file/d/169m3zaUj127j19xTzjxZdbgrC2AJA4sM/view?usp=drivesdk,Tôi cam kết các thông tin trên là đúng sự thật
08/02/2026,nguyenvanan266@gmail.com,Nguyen Van An,2251164266,02/12/2003,Nam,1205000266,0637925498,nguyenvanan266@sv.tlu.edu.vn,Công nghệ thông tin,Khoa học máy tính,64CNTT1,năm 1,2.63,Thanh Hóa,433,Vùng sâu vùng xa,https://drive.google.com/file/d/1Bf_wNL5sc-hIMHERzPsun1cf-HWV2wfC/view?usp=drivesdk,Tôi cam kết các thông tin trên là đúng sự thật
08/02/2026,tranvanbinh267@gmail.com,Tran Van Binh,2251164267,10/08/2004,Nam,1205000267,0722301793,tranvanbinh267@sv.tlu.edu.vn,Kinh tế,Tài chính ngân hàng,65TCNH1,năm 2,3.25,Lào Cai,72,,https://drive.google.com/file/d/1Y6LUysRTw_hl_J34BSBhhgw0Tz4po-h6/view?usp=drivesdk,Tôi cam kết các thông tin trên là đúng sự thật
08/02/2026,ngothilan268@gmail.com,Ngo Thi Lan,2251164268,18/09/2004,Nữ,1205000268,0572105892,ngothilan268@sv.tlu.edu.vn,Công nghệ thông tin,Kỹ thuật phần mềm,64KTPM1,năm 2,3.71,Nghệ An,375,Vùng sâu vùng xa,https://drive.google.com/file/d/1R9NybwZZYRyjjrV0SPuPpDBMFJ-rREYl/view?usp=drivesdk,Tôi cam kết các thông tin trên là đúng sự thật
08/02/2026,nguyenvanan269@gmail.com,Nguyen Van An,2251164269,30/08/2003,Nam,1205000269,0474400851,nguyenvanan269@sv.tlu.edu.vn,Môi trường,Kỹ thuật môi trường,65MT1,năm 1,3.16,Hưng Yên,382,,https://drive.google.com/file/d/1iloOlkItmQafeMy00LOrduizhWdposv1/view?usp=drivesdk,Tôi cam kết các thông tin trên là đúng sự thật
08/02/2026,buithihanh270@gmail.com,Bui Thi Hanh,2251164270,10/05/2003,Nữ,1205000270,0180077983,buithihanh270@sv.tlu.edu.vn,Kinh tế,Kinh tế xây dựng,65KTXD1,năm 2,2.54,Thanh Hóa,146,Lưu học sinh (Lào/Campuchia),https://drive.google.com/file/d/12FveFpmxM7rwP6BQGeuuVU3uvANcISI3/view?usp=drivesdk,Tôi cam kết các thông tin trên là đúng sự thật
08/02/2026,hoangvanlong271@gmail.com,Hoang Van Long,2251164271,18/12/2005,Nam,1205000271,0817214076,hoangvanlong271@sv.tlu.edu.vn,Công nghệ thông tin,Trí tuệ nhân tạo,64AI1,năm 2,03.09,Nam Định,232,Vùng sâu vùng xa,https://drive.google.com/file/d/1YmgzZaLlhIRSPgUTiuJBCF5YS70V1S32/view?usp=drivesdk,Tôi cam kết các thông tin trên là đúng sự thật
08/02/2026,ngothilan272@gmail.com,Ngo Thi Lan,2251164272,13/10/2003,Nữ,1205000272,0163502885,ngothilan272@sv.tlu.edu.vn,Xây dựng,Công trình thủy,65CTT1,năm 4,3.58,Hà Nội,94,,https://drive.google.com/file/d/1Lm2onqR74I8E0G9CCyrmHQS-JbOkifcw/view?usp=drivesdk,Tôi cam kết các thông tin trên là đúng sự thật
08/02/2026,lethidieu273@gmail.com,Le Thi Dieu,2251164273,10/08/2004,Nữ,1205000273,0529767582,lethidieu273@sv.tlu.edu.vn,Ngôn ngữ học,Ngôn ngữ Anh,66NNA1,năm 2,2.81,Lào Cai,349,Vùng sâu vùng xa,https://drive.google.com/file/d/1h616QCpoIiyj5t35KnBNL7HJYY9B3COJ/view?usp=drivesdk,Tôi cam kết các thông tin trên là đúng sự thật
08/02/2026,ngothilan274@gmail.com,Ngo Thi Lan,2251164274,26/01/2004,Nữ,1205000274,0870205879,ngothilan274@sv.tlu.edu.vn,Cơ khí,Cơ khí chế tạo,65CK1,năm 3,3.21,Hưng Yên,230,Lưu học sinh (Lào/Campuchia),https://drive.google.com/file/d/1ClYC74Q26JCN5sil77U5j54MAJJif1uq/view?usp=drivesdk,Tôi cam kết các thông tin trên là đúng sự thật
08/02/2026,buithihanh275@gmail.com,Bui Thi Hanh,2251164275,20/05/2004,Nữ,1205000275,0579783971,buithihanh275@sv.tlu.edu.vn,Xây dựng,Công trình thủy,65CTT1,năm 2,2.51,Hưng Yên,269,Lưu học sinh (Lào/Campuchia),https://drive.google.com/file/d/1akj0t7quK3_qsiDfS05N5wcAqnmP-M2g/view?usp=drivesdk,Tôi cam kết các thông tin trên là đúng sự thật
08/02/2026,dangvankhanh276@gmail.com,Dang Van Khanh,2251164276,10/05/2004,Nam,1205000276,0066652126,dangvankhanh276@sv.tlu.edu.vn,Kinh tế,Kinh tế xây dựng,65KTXD1,năm 1,3.93,Nam Định,330,Vùng sâu vùng xa,https://drive.google.com/file/d/1XQiDx_87AYYelaGRft7cTrQK6t7t89VN/view?usp=drivesdk,Tôi cam kết các thông tin trên là đúng sự thật
08/02/2026,vuthiphuong277@gmail.com,Vu Thi Phuong,2251164277,17/03/2004,Nữ,1205000277,0094608318,vuthiphuong277@sv.tlu.edu.vn,Kinh tế,Tài chính ngân hàng,65TCNH1,năm 1,3.89,Hưng Yên,531,Vùng sâu vùng xa,https://drive.google.com/file/d/1_6HCyYRxpSZ5wGX1mtQ9MRXuIi66xAvC/view?usp=drivesdk,Tôi cam kết các thông tin trên là đúng sự thật
08/02/2026,tranvanbinh278@gmail.com,Tran Van Binh,2251164278,20/08/2003,Nam,1205000278,0161660187,tranvanbinh278@sv.tlu.edu.vn,Môi trường,Kỹ thuật môi trường,65MT1,năm 3,2.86,Nghệ An,117,Vùng sâu vùng xa,https://drive.google.com/file/d/1Q9DZjJfKT00lUjMhNXyBCioX9DF8tmJq/view?usp=drivesdk,Tôi cam kết các thông tin trên là đúng sự thật
08/02/2026,buithihanh279@gmail.com,Bui Thi Hanh,2251164279,04/07/2006,Nữ,1205000279,0996910791,buithihanh279@sv.tlu.edu.vn,Cơ khí,Cơ khí chế tạo,65CK1,năm 1,3.16,Gia Lai,465,Vùng sâu vùng xa,https://drive.google.com/file/d/1CiFln0Wrj_E3JGCRMMqaVP6lWZ6Q5gcv/view?usp=drivesdk,Tôi cam kết các thông tin trên là đúng sự thật
08/02/2026,dangvankhanh280@gmail.com,Dang Van Khanh,2251164280,01/08/2004,Nam,1205000280,0767252146,dangvankhanh280@sv.tlu.edu.vn,Ngôn ngữ học,Ngôn ngữ Trung,66NNT1,năm 3,3.35,Hưng Yên,388,,https://drive.google.com/file/d/1ZJeMAOgKrLn9ldAfv0ifphiDOkMsTxQ8/view?usp=drivesdk,Tôi cam kết các thông tin trên là đúng sự thật
08/02/2026,hoangvanlong281@gmail.com,Hoang Van Long,2251164281,20/06/2004,Nam,1205000281,0555037667,hoangvanlong281@sv.tlu.edu.vn,Xây dựng,Công trình thủy,65CTT1,năm 1,3.30,Hà Nội,351,,https://drive.google.com/file/d/1e-6GBv0PmYBc5cZAWXYHdPpgIdCcEH_p/view?usp=drivesdk,Tôi cam kết các thông tin trên là đúng sự thật
08/02/2026,ngothilan282@gmail.com,Ngo Thi Lan,2251164282,02/04/2003,Nữ,1205000282,0864994547,ngothilan282@sv.tlu.edu.vn,Môi trường,Kỹ thuật môi trường,65MT1,năm 1,2.61,Thanh Hóa,182,Vùng sâu vùng xa,https://drive.google.com/file/d/11AADXfcOFrAcADQxh3hhaeY7QY40831T/view?usp=drivesdk,Tôi cam kết các thông tin trên là đúng sự thật
08/02/2026,tranvanbinh283@gmail.com,Tran Van Binh,2251164283,14/09/2005,Nam,1205000283,0364906720,tranvanbinh283@sv.tlu.edu.vn,Xây dựng,Công trình thủy,65CTT1,năm 3,03.05,Hà Nội,356,,https://drive.google.com/file/d/1yLzKEXa-9Li8r7CXbNArBzUJLPjGdr9I/view?usp=drivesdk,Tôi cam kết các thông tin trên là đúng sự thật
08/02/2026,lethidieu284@gmail.com,Le Thi Dieu,2251164284,04/05/2006,Nữ,1205000284,0383661711,lethidieu284@sv.tlu.edu.vn,Công nghệ thông tin,Trí tuệ nhân tạo,64AI1,năm 2,2.94,Nghệ An,294,Vùng sâu vùng xa,https://drive.google.com/file/d/1co4IVhElwdLgieCg479mIZjYyv2VhEsh/view?usp=drivesdk,Tôi cam kết các thông tin trên là đúng sự thật
08/02/2026,buithihanh285@gmail.com,Bui Thi Hanh,2251164285,13/06/2003,Nữ,1205000285,0770622802,buithihanh285@sv.tlu.edu.vn,Môi trường,Kỹ thuật môi trường,65MT1,năm 4,3.17,Thanh Hóa,549,"Con thương binh, liệt sỹ",https://drive.google.com/file/d/1h48pG2LuUeiOieRStaLppGi7lFamcFpz/view?usp=drivesdk,Tôi cam kết các thông tin trên là đúng sự thật
08/02/2026,phamvancuong286@gmail.com,Pham Van Cuong,2251164286,16/04/2003,Nam,1205000286,0452234426,phamvancuong286@sv.tlu.edu.vn,Môi trường,Kỹ thuật môi trường,65MT1,năm 1,2.91,Hà Nội,108,Vùng sâu vùng xa,https://drive.google.com/file/d/1hNYB580gjswKfz9NbrdM66z3hvNuKt0D/view?usp=drivesdk,Tôi cam kết các thông tin trên là đúng sự thật
08/02/2026,tranvanbinh287@gmail.com,Tran Van Binh,2251164287,26/08/2006,Nam,1205000287,0891122100,tranvanbinh287@sv.tlu.edu.vn,Ngôn ngữ học,Ngôn ngữ Anh,66NNA1,năm 1,3.81,Hà Nội,453,Vùng sâu vùng xa,https://drive.google.com/file/d/168onRnaWT5Jpu4rPo4_2xSVAlHrDpKeE/view?usp=drivesdk,Tôi cam kết các thông tin trên là đúng sự thật
08/02/2026,dothimai288@gmail.com,Do Thi Mai,2251164288,08/09/2006,Nữ,1205000288,0139087437,dothimai288@sv.tlu.edu.vn,Ngôn ngữ học,Ngôn ngữ Anh,66NNA1,năm 1,3.21,Hà Nội,390,,https://drive.google.com/file/d/1ejglIJhS9-ooXgUWYGTHz7MHTQ48kTC8/view?usp=drivesdk,Tôi cam kết các thông tin trên là đúng sự thật
08/02/2026,ngothilan289@gmail.com,Ngo Thi Lan,2251164289,03/02/2003,Nữ,1205000289,0025773900,ngothilan289@sv.tlu.edu.vn,Xây dựng,Kỹ thuật xây dựng,65XDD1,năm 1,2.97,Hà Nội,348,Vùng sâu vùng xa,https://drive.google.com/file/d/1xBSzlqLeV6h9K7CKTp7WNbwAIjC0vkyp/view?usp=drivesdk,Tôi cam kết các thông tin trên là đúng sự thật
08/02/2026,hoangvanlong290@gmail.com,Hoang Van Long,2251164290,06/02/2003,Nam,1205000290,0847832293,hoangvanlong290@sv.tlu.edu.vn,Quản trị kinh doanh,Marketing,65MKT1,năm 2,2.92,Gia Lai,74,Vùng sâu vùng xa,https://drive.google.com/file/d/1IV6BAJL_ZSVvV4lIThPtn2DN5uBwiwYV/view?usp=drivesdk,Tôi cam kết các thông tin trên là đúng sự thật
08/02/2026,lethidieu291@gmail.com,Le Thi Dieu,2251164291,25/06/2006,Nữ,1205000291,0368717340,lethidieu291@sv.tlu.edu.vn,Môi trường,Kỹ thuật môi trường,65MT1,năm 1,2.82,Nghệ An,556,,https://drive.google.com/file/d/1HPy9O4SO8_rD0a1Hn5NLQoiS3VqGyQkt/view?usp=drivesdk,Tôi cam kết các thông tin trên là đúng sự thật
08/02/2026,nguyenvanan292@gmail.com,Nguyen Van An,2251164292,08/05/2005,Nam,1205000292,0195802312,nguyenvanan292@sv.tlu.edu.vn,Ngôn ngữ học,Ngôn ngữ Anh,66NNA1,năm 1,03.09,Nam Định,190,Vùng sâu vùng xa,https://drive.google.com/file/d/15d14GeVhfK8vuydXbOxgtYuZrL541L6E/view?usp=drivesdk,Tôi cam kết các thông tin trên là đúng sự thật
08/02/2026,ngothilan293@gmail.com,Ngo Thi Lan,2251164293,17/01/2004,Nữ,1205000293,0658932059,ngothilan293@sv.tlu.edu.vn,Điện – Điện tử,Kỹ thuật điện,65D1,năm 1,3.36,Gia Lai,594,,https://drive.google.com/file/d/1XIMP3Oc3xVwv1hxeTxLmPOWfwNrthH88/view?usp=drivesdk,Tôi cam kết các thông tin trên là đúng sự thật
08/02/2026,dangvankhanh294@gmail.com,Dang Van Khanh,2251164294,18/05/2003,Nam,1205000294,0616652317,dangvankhanh294@sv.tlu.edu.vn,Xây dựng,Kỹ thuật xây dựng,65XDD1,năm 1,3.79,Nghệ An,117,Vùng sâu vùng xa,https://drive.google.com/file/d/1vTnXViy0tif-wB587KbLi3x5JIS1jiUD/view?usp=drivesdk,Tôi cam kết các thông tin trên là đúng sự thật
08/02/2026,dothimai295@gmail.com,Do Thi Mai,2251164295,30/06/2006,Nữ,1205000295,0872988102,dothimai295@sv.tlu.edu.vn,Kinh tế,Kế toán,65KT1,năm 1,2.72,Lào Cai,101,,https://drive.google.com/file/d/1JE03mBvE2iRpzAcwDVE9gALgVL7NVJfS/view?usp=drivesdk,Tôi cam kết các thông tin trên là đúng sự thật
08/02/2026,buithihanh296@gmail.com,Bui Thi Hanh,2251164296,22/01/2004,Nữ,1205000296,0413265491,buithihanh296@sv.tlu.edu.vn,Kinh tế,Kinh tế xây dựng,65KTXD1,năm 3,03.04,Thanh Hóa,291,Sinh viên khuyết tật,https://drive.google.com/file/d/1GmpCHAUdSUBvqPbwzY238j6GbpkiDMqB/view?usp=drivesdk,Tôi cam kết các thông tin trên là đúng sự thật
08/02/2026,hoangvanlong297@gmail.com,Hoang Van Long,2251164297,13/05/2005,Nam,1205000297,0836480581,hoangvanlong297@sv.tlu.edu.vn,Quản trị kinh doanh,Quản trị doanh nghiệp,65QTDN1,năm 4,2.26,Nghệ An,154,Hộ nghèo cận nghèo,https://drive.google.com/file/d/1URcW3Dl7AKzZPgWgW7U-KWAnOX8RFfqR/view?usp=drivesdk,Tôi cam kết các thông tin trên là đúng sự thật
08/02/2026,dothimai298@gmail.com,Do Thi Mai,2251164298,23/03/2006,Nữ,1205000298,0719505121,dothimai298@sv.tlu.edu.vn,Quản trị kinh doanh,Quản trị doanh nghiệp,65QTDN1,năm 1,2.99,Hưng Yên,526,Vùng sâu vùng xa,https://drive.google.com/file/d/1Juo-z-aCkuvzLW2UYyrwfXrIJQ_lGPHZ/view?usp=drivesdk,Tôi cam kết các thông tin trên là đúng sự thật
08/02/2026,ngothilan299@gmail.com,Ngo Thi Lan,2251164299,09/03/2003,Nữ,1205000299,0224036897,ngothilan299@sv.tlu.edu.vn,Ngôn ngữ học,Ngôn ngữ Anh,66NNA1,năm 1,3.42,Hưng Yên,357,Vùng sâu vùng xa,https://drive.google.com/file/d/1GWyv9cpGhHig8tvNkCU6h6ekpHbKce2Y/view?usp=drivesdk,Tôi cam kết các thông tin trên là đúng sự thật
08/02/2026,dothimai300@gmail.com,Do Thi Mai,2251164300,21/06/2003,Nữ,1205000300,0063208580,dothimai300@sv.tlu.edu.vn,Công nghệ thông tin,Kỹ thuật phần mềm,64KTPM1,năm 3,3.22,Hà Nội,168,Vùng sâu vùng xa,https://drive.google.com/file/d/1DwIhqw0qweMpiT0eVJoDNhGRBqlCFfUC/view?usp=drivesdk,Tôi cam kết các thông tin trên là đúng sự thật
08/02/2026,vuthiphuong301@gmail.com,Vu Thi Phuong,2251164301,06/11/2006,Nữ,1205000301,0013579871,vuthiphuong301@sv.tlu.edu.vn,Cơ khí,Cơ khí chế tạo,65CK1,năm 1,3.19,Lào Cai,508,,https://drive.google.com/file/d/1WGOSqR6m3Ul3rzstTjS979Htxs01WWRL/view?usp=drivesdk,Tôi cam kết các thông tin trên là đúng sự thật
08/02/2026,dangvankhanh302@gmail.com,Dang Van Khanh,2251164302,24/01/2003,Nam,1205000302,0481780878,dangvankhanh302@sv.tlu.edu.vn,Công nghệ thông tin,Mạng máy tính,64MMT1,năm 2,2.87,Thanh Hóa,54,Lưu học sinh (Lào/Campuchia),https://drive.google.com/file/d/1lTXP36gLVNPAdEQ7VWLWcJtZ8A-r0WIG/view?usp=drivesdk,Tôi cam kết các thông tin trên là đúng sự thật
08/02/2026,hoangvanlong303@gmail.com,Hoang Van Long,2251164303,09/01/2006,Nam,1205000303,0885909949,hoangvanlong303@sv.tlu.edu.vn,Kinh tế,Kinh tế xây dựng,65KTXD1,năm 4,2.91,Hưng Yên,412,Sinh viên khuyết tật,https://drive.google.com/file/d/1awbjC_vGO5acqwxanPEUneakpmQnq_U_/view?usp=drivesdk,Tôi cam kết các thông tin trên là đúng sự thật
08/02/2026,dangvankhanh304@gmail.com,Dang Van Khanh,2251164304,29/06/2004,Nam,1205000304,0523542563,dangvankhanh304@sv.tlu.edu.vn,Ngôn ngữ học,Ngôn ngữ Trung,66NNT1,năm 1,02.07,Nghệ An,264,"Con thương binh, liệt sỹ",https://drive.google.com/file/d/132NUbLFbAcdmRtmpGZ4VGA7vcnG7BHU5/view?usp=drivesdk,Tôi cam kết các thông tin trên là đúng sự thật
08/02/2026,hoangvanlong305@gmail.com,Hoang Van Long,2251164305,29/10/2005,Nam,1205000305,0475303919,hoangvanlong305@sv.tlu.edu.vn,Quản trị kinh doanh,Quản trị doanh nghiệp,65QTDN1,năm 4,3.95,Lào Cai,87,,https://drive.google.com/file/d/1i3Ty6-el76MG8y4ubrwF_dLd8vKzRO4u/view?usp=drivesdk,Tôi cam kết các thông tin trên là đúng sự thật
08/02/2026,hoangvanlong306@gmail.com,Hoang Van Long,2251164306,25/07/2004,Nam,1205000306,0154484306,hoangvanlong306@sv.tlu.edu.vn,Môi trường,Kỹ thuật môi trường,65MT1,năm 4,2.52,Nam Định,161,"Con thương binh, liệt sỹ",https://drive.google.com/file/d/13aXOpZeeqs1TYmx-pTudwJvqq3JIRbBr/view?usp=drivesdk,Tôi cam kết các thông tin trên là đúng sự thật
08/02/2026,lethidieu307@gmail.com,Le Thi Dieu,2251164307,31/01/2006,Nữ,1205000307,0515829009,lethidieu307@sv.tlu.edu.vn,Công nghệ thông tin,Hệ thống thông tin,64HTTT2,năm 2,3.29,Gia Lai,216,Vùng sâu vùng xa,https://drive.google.com/file/d/1c4Tj5JNhuG30RLs9ggq6XV5oVGeK1tL3/view?usp=drivesdk,Tôi cam kết các thông tin trên là đúng sự thật
08/02/2026,lethidieu308@gmail.com,Le Thi Dieu,2251164308,27/07/2005,Nữ,1205000308,0322783963,lethidieu308@sv.tlu.edu.vn,Công nghệ thông tin,Trí tuệ nhân tạo,64AI1,năm 2,3.89,Lào Cai,65,Vùng sâu vùng xa,https://drive.google.com/file/d/1Frj59qurdlrCNTxAkWglXXC1cM780ECn/view?usp=drivesdk,Tôi cam kết các thông tin trên là đúng sự thật
08/02/2026,buithihanh309@gmail.com,Bui Thi Hanh,2251164309,15/08/2003,Nữ,1205000309,0096213343,buithihanh309@sv.tlu.edu.vn,Xây dựng,Kỹ thuật xây dựng,65XDD1,năm 3,3.28,Hà Nội,196,,https://drive.google.com/file/d/1gYzlYwcqfI9I01LjZyf6g-vIqiLjixeg/view?usp=drivesdk,Tôi cam kết các thông tin trên là đúng sự thật
08/02/2026,ngothilan310@gmail.com,Ngo Thi Lan,2251164310,25/09/2005,Nữ,1205000310,0116021050,ngothilan310@sv.tlu.edu.vn,Kinh tế,Kế toán,65KT1,năm 1,3.41,Hà Nội,398,Vùng sâu vùng xa,https://drive.google.com/file/d/1EixouecbmqPAnktqAWanyHrZ_WuB_IN4/view?usp=drivesdk,Tôi cam kết các thông tin trên là đúng sự thật
08/02/2026,lethidieu311@gmail.com,Le Thi Dieu,2251164311,24/02/2003,Nữ,1205000311,0093229586,lethidieu311@sv.tlu.edu.vn,Quản trị kinh doanh,Marketing,65MKT1,năm 3,2.29,Thanh Hóa,459,"Con thương binh, liệt sỹ",https://drive.google.com/file/d/1ojYd7YBldaCb_8SvdvuTTL2VOt7JJCBK/view?usp=drivesdk,Tôi cam kết các thông tin trên là đúng sự thật
08/02/2026,nguyenvanan312@gmail.com,Nguyen Van An,2251164312,26/12/2006,Nam,1205000312,0866925629,nguyenvanan312@sv.tlu.edu.vn,Ngôn ngữ học,Ngôn ngữ Trung,66NNT1,năm 1,03.07,Thanh Hóa,561,Vùng sâu vùng xa,https://drive.google.com/file/d/1j8q6Tpl_Lx8j-fELu_Bfc0IB6GuXI0Wk/view?usp=drivesdk,Tôi cam kết các thông tin trên là đúng sự thật
08/02/2026,ngothilan313@gmail.com,Ngo Thi Lan,2251164313,02/11/2005,Nữ,1205000313,0573117051,ngothilan313@sv.tlu.edu.vn,Công nghệ thông tin,Trí tuệ nhân tạo,64AI1,năm 4,3.92,Gia Lai,144,Vùng sâu vùng xa,https://drive.google.com/file/d/1Tr5gmTNjD2JLx_vJOqiNfqJRvmto4C8J/view?usp=drivesdk,Tôi cam kết các thông tin trên là đúng sự thật
08/02/2026,dangvankhanh314@gmail.com,Dang Van Khanh,2251164314,30/05/2006,Nam,1205000314,0218766844,dangvankhanh314@sv.tlu.edu.vn,Kinh tế,Kinh tế xây dựng,65KTXD1,năm 4,3.12,Lào Cai,380,Vùng sâu vùng xa,https://drive.google.com/file/d/1po9G8niwa4v1ujxjd9W8HUj1XmFRiNCk/view?usp=drivesdk,Tôi cam kết các thông tin trên là đúng sự thật
08/02/2026,lethidieu315@gmail.com,Le Thi Dieu,2251164315,28/03/2006,Nữ,1205000315,0079603192,lethidieu315@sv.tlu.edu.vn,Công nghệ thông tin,Kỹ thuật phần mềm,64KTPM1,năm 1,3.41,Hà Nội,421,,https://drive.google.com/file/d/1C6ZXWxr7kzAHO68c6sJnWd_u_g4K3BGU/view?usp=drivesdk,Tôi cam kết các thông tin trên là đúng sự thật
08/02/2026,phamvancuong316@gmail.com,Pham Van Cuong,2251164316,03/01/2006,Nam,1205000316,0364302517,phamvancuong316@sv.tlu.edu.vn,Kinh tế,Kế toán,65KT1,năm 1,3.50,Nghệ An,117,Vùng sâu vùng xa,https://drive.google.com/file/d/1jtSK6M5ouMQcG1bkx9tDBpLysy0vcAsq/view?usp=drivesdk,Tôi cam kết các thông tin trên là đúng sự thật
08/02/2026,phamvancuong317@gmail.com,Pham Van Cuong,2251164317,11/06/2006,Nam,1205000317,0585869999,phamvancuong317@sv.tlu.edu.vn,Kinh tế,Tài chính ngân hàng,65TCNH1,năm 1,3.18,Nam Định,236,,https://drive.google.com/file/d/1pxVw6MPXPiIbJEd8mjONp-e1QDLLWswX/view?usp=drivesdk,Tôi cam kết các thông tin trên là đúng sự thật
08/02/2026,nguyenvanan318@gmail.com,Nguyen Van An,2251164318,12/10/2006,Nam,1205000318,0735327522,nguyenvanan318@sv.tlu.edu.vn,Kinh tế,Kinh tế xây dựng,65KTXD1,năm 4,2.68,Lào Cai,524,Lưu học sinh (Lào/Campuchia),https://drive.google.com/file/d/1IVrS19MApr5eJ-4jKNJZNj-UZj5xyFIu/view?usp=drivesdk,Tôi cam kết các thông tin trên là đúng sự thật
08/02/2026,nguyenvanan319@gmail.com,Nguyen Van An,2251164319,06/07/2005,Nam,1205000319,0884218189,nguyenvanan319@sv.tlu.edu.vn,Kinh tế,Tài chính ngân hàng,65TCNH1,năm 2,2.80,Nghệ An,121,Vùng sâu vùng xa,https://drive.google.com/file/d/12WUann5bK6OTuiXSgz2WvRsMC9oOiqHl/view?usp=drivesdk,Tôi cam kết các thông tin trên là đúng sự thật
08/02/2026,ngothilan320@gmail.com,Ngo Thi Lan,2251164320,07/12/2003,Nữ,1205000320,0124934215,ngothilan320@sv.tlu.edu.vn,Kinh tế,Kế toán,65KT1,năm 1,2.75,Lào Cai,346,Vùng sâu vùng xa,https://drive.google.com/file/d/1G7L4oO2BeBWv8s2HanqklbqYfQ8PubQE/view?usp=drivesdk,Tôi cam kết các thông tin trên là đúng sự thật
08/02/2026,lethidieu321@gmail.com,Le Thi Dieu,2251164321,21/07/2004,Nữ,1205000321,0941740262,lethidieu321@sv.tlu.edu.vn,Công nghệ thông tin,Hệ thống thông tin,64HTTT2,năm 1,03.09,Hà Nội,473,Vùng sâu vùng xa,https://drive.google.com/file/d/1Cp2vRrBMmYqzlSvw2eazCcpdYGP0GUE5/view?usp=drivesdk,Tôi cam kết các thông tin trên là đúng sự thật
08/02/2026,tranvanbinh322@gmail.com,Tran Van Binh,2251164322,19/12/2005,Nam,1205000322,0850521452,tranvanbinh322@sv.tlu.edu.vn,Công nghệ thông tin,Mạng máy tính,64MMT1,năm 3,2.86,Lào Cai,143,,https://drive.google.com/file/d/1RJYJEblNkUlZUxgR45b3rL5ZxLI-U-sc/view?usp=drivesdk,Tôi cam kết các thông tin trên là đúng sự thật
08/02/2026,hoangvanlong323@gmail.com,Hoang Van Long,2251164323,11/06/2005,Nam,1205000323,0661032560,hoangvanlong323@sv.tlu.edu.vn,Môi trường,Kỹ thuật môi trường,65MT1,năm 1,2.92,Lào Cai,574,,https://drive.google.com/file/d/1IaYHs9jwI5NRB-GOWc4yLa9iDsQsnDZA/view?usp=drivesdk,Tôi cam kết các thông tin trên là đúng sự thật
08/02/2026,tranvanbinh324@gmail.com,Tran Van Binh,2251164324,21/07/2004,Nam,1205000324,0589953667,tranvanbinh324@sv.tlu.edu.vn,Công nghệ thông tin,Khoa học máy tính,64CNTT1,năm 4,2.90,Gia Lai,141,"Con thương binh, liệt sỹ",https://drive.google.com/file/d/107rERsjyrVTUP-Xry7hg_D0lzgEUm7QF/view?usp=drivesdk,Tôi cam kết các thông tin trên là đúng sự thật
08/02/2026,tranvanbinh325@gmail.com,Tran Van Binh,2251164325,04/08/2004,Nam,1205000325,0522923532,tranvanbinh325@sv.tlu.edu.vn,Môi trường,Kỹ thuật môi trường,65MT1,năm 1,2.81,Nghệ An,228,Vùng sâu vùng xa,https://drive.google.com/file/d/1gxpTtG1aLxx_i2GIiju1pqzyhHrv8rO6/view?usp=drivesdk,Tôi cam kết các thông tin trên là đúng sự thật
08/02/2026,phamvancuong326@gmail.com,Pham Van Cuong,2251164326,26/02/2004,Nam,1205000326,0910247107,phamvancuong326@sv.tlu.edu.vn,Ngôn ngữ học,Ngôn ngữ Anh,66NNA1,năm 1,3.81,Hưng Yên,598,,https://drive.google.com/file/d/1dLcJXEZ2p_aUDU2aljIyL2Zok25nfu54/view?usp=drivesdk,Tôi cam kết các thông tin trên là đúng sự thật
08/02/2026,ngothilan327@gmail.com,Ngo Thi Lan,2251164327,29/09/2004,Nữ,1205000327,0128651993,ngothilan327@sv.tlu.edu.vn,Xây dựng,Kỹ thuật xây dựng,65XDD1,năm 4,2.33,Thanh Hóa,322,Sinh viên khuyết tật,https://drive.google.com/file/d/1Ox1lp2etWvAuRQQfBdSWrGP25mH2xJ6X/view?usp=drivesdk,Tôi cam kết các thông tin trên là đúng sự thật
08/02/2026,buithihanh328@gmail.com,Bui Thi Hanh,2251164328,19/12/2005,Nữ,1205000328,0107377171,buithihanh328@sv.tlu.edu.vn,Ngôn ngữ học,Ngôn ngữ Anh,66NNA1,năm 4,3.65,Nam Định,326,,https://drive.google.com/file/d/1iZVe5Fnr4I2rBJWXCSpOTQzc5gjI1HPv/view?usp=drivesdk,Tôi cam kết các thông tin trên là đúng sự thật
08/02/2026,buithihanh329@gmail.com,Bui Thi Hanh,2251164329,05/02/2005,Nữ,1205000329,0679106655,buithihanh329@sv.tlu.edu.vn,Điện – Điện tử,Kỹ thuật điện,65D1,năm 1,3.16,Lào Cai,405,Vùng sâu vùng xa,https://drive.google.com/file/d/1mSTNSGFtgv1Sz7lSaGfT6id5RWZKF6If/view?usp=drivesdk,Tôi cam kết các thông tin trên là đúng sự thật
08/02/2026,tranvanbinh330@gmail.com,Tran Van Binh,2251164330,05/07/2004,Nam,1205000330,0192641231,tranvanbinh330@sv.tlu.edu.vn,Xây dựng,Công trình thủy,65CTT1,năm 3,2.26,Hà Nội,373,Hộ nghèo cận nghèo,https://drive.google.com/file/d/1UsQ81ykQRd24kIvUdFL7NwP3tYj4SyIN/view?usp=drivesdk,Tôi cam kết các thông tin trên là đúng sự thật
08/02/2026,dothimai331@gmail.com,Do Thi Mai,2251164331,02/01/2004,Nữ,1205000331,0369300819,dothimai331@sv.tlu.edu.vn,Điện – Điện tử,Kỹ thuật điện,65D1,năm 4,2.62,Lào Cai,314,Lưu học sinh (Lào/Campuchia),https://drive.google.com/file/d/1ZIYr_J448Uc9B4PHpL7kKq4ZUy0lRb0v/view?usp=drivesdk,Tôi cam kết các thông tin trên là đúng sự thật
08/02/2026,nguyenvanan332@gmail.com,Nguyen Van An,2251164332,25/08/2004,Nam,1205000332,0381634248,nguyenvanan332@sv.tlu.edu.vn,Điện – Điện tử,Kỹ thuật điện,65D1,năm 3,3.10,Nam Định,317,,https://drive.google.com/file/d/1qhRcRofdZcARZJPetBcCjkYIIJsCLXoW/view?usp=drivesdk,Tôi cam kết các thông tin trên là đúng sự thật
08/02/2026,buithihanh333@gmail.com,Bui Thi Hanh,2251164333,25/01/2003,Nữ,1205000333,0068836794,buithihanh333@sv.tlu.edu.vn,Cơ khí,Cơ khí chế tạo,65CK1,năm 3,3.71,Hưng Yên,182,Vùng sâu vùng xa,https://drive.google.com/file/d/1M0Bu3HVSazrQ6oVpMHTynZ2BOx6aQrrB/view?usp=drivesdk,Tôi cam kết các thông tin trên là đúng sự thật
08/02/2026,dothimai334@gmail.com,Do Thi Mai,2251164334,30/01/2006,Nữ,1205000334,0356127347,dothimai334@sv.tlu.edu.vn,Kinh tế,Kinh tế xây dựng,65KTXD1,năm 1,2.64,Gia Lai,463,Vùng sâu vùng xa,https://drive.google.com/file/d/1XHMQFIelW41SQOcIWMyGFNG2Pj5N-9t8/view?usp=drivesdk,Tôi cam kết các thông tin trên là đúng sự thật
08/02/2026,hoangvanlong335@gmail.com,Hoang Van Long,2251164335,19/01/2004,Nam,1205000335,0947744939,hoangvanlong335@sv.tlu.edu.vn,Môi trường,Kỹ thuật môi trường,65MT1,năm 4,3.14,Nghệ An,8,Vùng sâu vùng xa,https://drive.google.com/file/d/1kZq5SWMIf8kBZ3OKundvO6lKuFBcA8t0/view?usp=drivesdk,Tôi cam kết các thông tin trên là đúng sự thật
08/02/2026,nguyenvanan336@gmail.com,Nguyen Van An,2251164336,08/09/2005,Nam,1205000336,0668953699,nguyenvanan336@sv.tlu.edu.vn,Quản trị kinh doanh,Marketing,65MKT1,năm 3,3.40,Lào Cai,213,,https://drive.google.com/file/d/1DMGVdYDuPDA9nF7mUzAJCO-DQhzpPQDd/view?usp=drivesdk,Tôi cam kết các thông tin trên là đúng sự thật
08/02/2026,hoangvanlong337@gmail.com,Hoang Van Long,2251164337,10/01/2003,Nam,1205000337,0480051089,hoangvanlong337@sv.tlu.edu.vn,Kinh tế,Tài chính ngân hàng,65TCNH1,năm 1,2.95,Thanh Hóa,255,Vùng sâu vùng xa,https://drive.google.com/file/d/129MYq6GC4hw8xx_ZnViExfEur0X4tgzv/view?usp=drivesdk,Tôi cam kết các thông tin trên là đúng sự thật
08/02/2026,phamvancuong338@gmail.com,Pham Van Cuong,2251164338,13/10/2003,Nam,1205000338,0413371449,phamvancuong338@sv.tlu.edu.vn,Xây dựng,Kỹ thuật xây dựng,65XDD1,năm 1,3.86,Hưng Yên,214,,https://drive.google.com/file/d/1nvGDGLBQVMsvxEtaYXToavuekN8fWqPM/view?usp=drivesdk,Tôi cam kết các thông tin trên là đúng sự thật
08/02/2026,dangvankhanh339@gmail.com,Dang Van Khanh,2251164339,16/07/2006,Nam,1205000339,0708857605,dangvankhanh339@sv.tlu.edu.vn,Kinh tế,Tài chính ngân hàng,65TCNH1,năm 3,3.62,Hà Nội,391,Vùng sâu vùng xa,https://drive.google.com/file/d/1fAVMn505GmsDqOt7D4FrxrVtM9lTZESF/view?usp=drivesdk,Tôi cam kết các thông tin trên là đúng sự thật
08/02/2026,vuthiphuong340@gmail.com,Vu Thi Phuong,2251164340,26/05/2006,Nữ,1205000340,0330841518,vuthiphuong340@sv.tlu.edu.vn,Ngôn ngữ học,Ngôn ngữ Trung,66NNT1,năm 1,3.62,Hà Nội,539,Vùng sâu vùng xa,https://drive.google.com/file/d/1NrPF6SF0dJvMlD8OMgVUhK0VsSDnuSfQ/view?usp=drivesdk,Tôi cam kết các thông tin trên là đúng sự thật
08/02/2026,dothimai341@gmail.com,Do Thi Mai,2251164341,04/07/2004,Nữ,1205000341,0049990466,dothimai341@sv.tlu.edu.vn,Môi trường,Kỹ thuật môi trường,65MT1,năm 1,2.78,Hà Nội,599,Vùng sâu vùng xa,https://drive.google.com/file/d/1UvK83ci23l45Ax0Mz5_1lr_Khg_i6hfL/view?usp=drivesdk,Tôi cam kết các thông tin trên là đúng sự thật
08/02/2026,ngothilan342@gmail.com,Ngo Thi Lan,2251164342,18/03/2005,Nữ,1205000342,0970088464,ngothilan342@sv.tlu.edu.vn,Điện – Điện tử,Kỹ thuật điện,65D1,năm 1,3.20,Lào Cai,387,Vùng sâu vùng xa,https://drive.google.com/file/d/174IK_FyF1Fe4fviChVnHeGHRmhUTx1re/view?usp=drivesdk,Tôi cam kết các thông tin trên là đúng sự thật
08/02/2026,phamvancuong343@gmail.com,Pham Van Cuong,2251164343,08/09/2003,Nam,1205000343,0780982716,phamvancuong343@sv.tlu.edu.vn,Kinh tế,Tài chính ngân hàng,65TCNH1,năm 2,2.28,Hà Nội,368,Lưu học sinh (Lào/Campuchia),https://drive.google.com/file/d/1Ef6EtdJsdoni-A8diGqj1nPMK55Kuq_7/view?usp=drivesdk,Tôi cam kết các thông tin trên là đúng sự thật
08/02/2026,ngothilan344@gmail.com,Ngo Thi Lan,2251164344,04/03/2005,Nữ,1205000344,0383665299,ngothilan344@sv.tlu.edu.vn,Ngôn ngữ học,Ngôn ngữ Trung,66NNT1,năm 2,03.09,Lào Cai,186,,https://drive.google.com/file/d/1Tt2Gir5gMvH-Yw0vIzq1zT1gXv_q8o5w/view?usp=drivesdk,Tôi cam kết các thông tin trên là đúng sự thật
08/02/2026,lethidieu345@gmail.com,Le Thi Dieu,2251164345,18/12/2006,Nữ,1205000345,0763972990,lethidieu345@sv.tlu.edu.vn,Xây dựng,Kỹ thuật xây dựng,65XDD1,năm 1,3.41,Gia Lai,444,,https://drive.google.com/file/d/1yOpIw2jyRFe4vOqGPliJ3APCx8rkogEm/view?usp=drivesdk,Tôi cam kết các thông tin trên là đúng sự thật
08/02/2026,hoangvanlong346@gmail.com,Hoang Van Long,2251164346,09/08/2003,Nam,1205000346,0115857409,hoangvanlong346@sv.tlu.edu.vn,Môi trường,Kỹ thuật môi trường,65MT1,năm 1,3.55,Hà Nội,454,Vùng sâu vùng xa,https://drive.google.com/file/d/1UH5O2kOJWWydqEN1Y7CXnejXD_C-B3CP/view?usp=drivesdk,Tôi cam kết các thông tin trên là đúng sự thật
08/02/2026,buithihanh347@gmail.com,Bui Thi Hanh,2251164347,04/01/2003,Nữ,1205000347,0343446611,buithihanh347@sv.tlu.edu.vn,Quản trị kinh doanh,Quản trị doanh nghiệp,65QTDN1,năm 1,2.85,Lào Cai,391,Vùng sâu vùng xa,https://drive.google.com/file/d/1WhUSkurNwbrI7bw2Lvd56pJariud7wjC/view?usp=drivesdk,Tôi cam kết các thông tin trên là đúng sự thật
08/02/2026,tranvanbinh348@gmail.com,Tran Van Binh,2251164348,12/12/2003,Nam,1205000348,0330600939,tranvanbinh348@sv.tlu.edu.vn,Quản trị kinh doanh,Marketing,65MKT1,năm 1,3.30,Nam Định,315,,https://drive.google.com/file/d/1n8m8In521TiK0V5j-gJI9KcRAvSPwwtO/view?usp=drivesdk,Tôi cam kết các thông tin trên là đúng sự thật
08/02/2026,ngothilan349@gmail.com,Ngo Thi Lan,2251164349,18/02/2006,Nữ,1205000349,0259352618,ngothilan349@sv.tlu.edu.vn,Ngôn ngữ học,Ngôn ngữ Trung,66NNT1,năm 2,3.70,Thanh Hóa,236,,https://drive.google.com/file/d/1NJyyBYaYaZtA9Rvs7nB11eVmnyYi0tFQ/view?usp=drivesdk,Tôi cam kết các thông tin trên là đúng sự thật
08/02/2026,buithihanh350@gmail.com,Bui Thi Hanh,2251164350,24/05/2004,Nữ,1205000350,0665629258,buithihanh350@sv.tlu.edu.vn,Cơ khí,Cơ khí chế tạo,65CK1,năm 3,2.75,Nam Định,103,Sinh viên khuyết tật,https://drive.google.com/file/d/1sdIFuW3wbIUVyov38SPRXL2fcZnhlaRv/view?usp=drivesdk,Tôi cam kết các thông tin trên là đúng sự thật
08/02/2026,buithihanh351@gmail.com,Bui Thi Hanh,2251164351,23/09/2003,Nữ,1205000351,0409924719,buithihanh351@sv.tlu.edu.vn,Môi trường,Kỹ thuật môi trường,65MT1,năm 1,3.61,Nghệ An,568,,https://drive.google.com/file/d/1i8j_2qsk9Xz-XuDjDxENicwcccSrqzDG/view?usp=drivesdk,Tôi cam kết các thông tin trên là đúng sự thật
08/02/2026,dangvankhanh352@gmail.com,Dang Van Khanh,2251164352,20/11/2004,Nam,1205000352,0842748078,dangvankhanh352@sv.tlu.edu.vn,Quản trị kinh doanh,Marketing,65MKT1,năm 1,03.02,Hưng Yên,303,Vùng sâu vùng xa,https://drive.google.com/file/d/159mETEMKZUDeyGlrJwV3IFv3xDnVKTSB/view?usp=drivesdk,Tôi cam kết các thông tin trên là đúng sự thật
08/02/2026,hoangvanlong353@gmail.com,Hoang Van Long,2251164353,27/01/2005,Nam,1205000353,0958133531,hoangvanlong353@sv.tlu.edu.vn,Công nghệ thông tin,Trí tuệ nhân tạo,64AI1,năm 4,2.74,Hưng Yên,107,Sinh viên khuyết tật,https://drive.google.com/file/d/1onj76KzHSrSG74F8gfKEqNu0DVUChlKn/view?usp=drivesdk,Tôi cam kết các thông tin trên là đúng sự thật
08/02/2026,tranvanbinh354@gmail.com,Tran Van Binh,2251164354,25/03/2005,Nam,1205000354,0681154257,tranvanbinh354@sv.tlu.edu.vn,Điện – Điện tử,Kỹ thuật điện,65D1,năm 2,03.04,Hà Nội,334,Vùng sâu vùng xa,https://drive.google.com/file/d/1fSWXZolMeZ3hR-jXn4jJ3jIWn_1cs9FU/view?usp=drivesdk,Tôi cam kết các thông tin trên là đúng sự thật
08/02/2026,dangvankhanh355@gmail.com,Dang Van Khanh,2251164355,25/07/2003,Nam,1205000355,0182465209,dangvankhanh355@sv.tlu.edu.vn,Môi trường,Kỹ thuật môi trường,65MT1,năm 1,3.19,Gia Lai,230,Vùng sâu vùng xa,https://drive.google.com/file/d/1pH0PnZokjAGOJ5x6xVjDAQEHI_Mozt4V/view?usp=drivesdk,Tôi cam kết các thông tin trên là đúng sự thật
08/02/2026,tranvanbinh356@gmail.com,Tran Van Binh,2251164356,01/01/2004,Nam,1205000356,0698413832,tranvanbinh356@sv.tlu.edu.vn,Quản trị kinh doanh,Quản trị doanh nghiệp,65QTDN1,năm 2,3.31,Gia Lai,394,Vùng sâu vùng xa,https://drive.google.com/file/d/1aS_JUZ5STbclpaUQ9ycWPM_VyaQCzd8C/view?usp=drivesdk,Tôi cam kết các thông tin trên là đúng sự thật
08/02/2026,tranvanbinh357@gmail.com,Tran Van Binh,2251164357,11/12/2004,Nam,1205000357,0872103834,tranvanbinh357@sv.tlu.edu.vn,Kinh tế,Kinh tế xây dựng,65KTXD1,năm 2,3.68,Nghệ An,278,,https://drive.google.com/file/d/1BF-uzk_8Tm9vTkTnWNSFM14qAO2B3yjP/view?usp=drivesdk,Tôi cam kết các thông tin trên là đúng sự thật
08/02/2026,lethidieu358@gmail.com,Le Thi Dieu,2251164358,26/06/2006,Nữ,1205000358,0714039686,lethidieu358@sv.tlu.edu.vn,Công nghệ thông tin,Trí tuệ nhân tạo,64AI1,năm 1,3.58,Nghệ An,336,Vùng sâu vùng xa,https://drive.google.com/file/d/1ImhU7D7BHcLWHDA4ujzA08Wo-8HSFjqH/view?usp=drivesdk,Tôi cam kết các thông tin trên là đúng sự thật
08/02/2026,lethidieu359@gmail.com,Le Thi Dieu,2251164359,19/05/2006,Nữ,1205000359,0663586092,lethidieu359@sv.tlu.edu.vn,Quản trị kinh doanh,Quản trị doanh nghiệp,65QTDN1,năm 2,3.37,Nam Định,269,,https://drive.google.com/file/d/1a-_cwZ3wYE-M6EzQtUd-L1r2BVriEGjr/view?usp=drivesdk,Tôi cam kết các thông tin trên là đúng sự thật
08/02/2026,dothimai360@gmail.com,Do Thi Mai,2251164360,24/04/2006,Nữ,1205000360,0769015840,dothimai360@sv.tlu.edu.vn,Công nghệ thông tin,Trí tuệ nhân tạo,64AI1,năm 1,3.94,Hưng Yên,250,Vùng sâu vùng xa,https://drive.google.com/file/d/1JljBGHliSN-euF31DSR7CWj1TWU36omp/view?usp=drivesdk,Tôi cam kết các thông tin trên là đúng sự thật
08/02/2026,dothimai361@gmail.com,Do Thi Mai,2251164361,01/07/2005,Nữ,1205000361,0426479548,dothimai361@sv.tlu.edu.vn,Ngôn ngữ học,Ngôn ngữ Anh,66NNA1,năm 1,3.69,Hưng Yên,585,Vùng sâu vùng xa,https://drive.google.com/file/d/1faR6V5l9xFn1BfzVjFZNokQARlfLY5MC/view?usp=drivesdk,Tôi cam kết các thông tin trên là đúng sự thật
08/02/2026,lethidieu362@gmail.com,Le Thi Dieu,2251164362,29/08/2003,Nữ,1205000362,0385876586,lethidieu362@sv.tlu.edu.vn,Ngôn ngữ học,Ngôn ngữ Trung,66NNT1,năm 3,3.50,Thanh Hóa,562,"Con thương binh, liệt sỹ",https://drive.google.com/file/d/1RfeMWWmZqusgjukcUg79BjZa7JKff37B/view?usp=drivesdk,Tôi cam kết các thông tin trên là đúng sự thật
08/02/2026,lethidieu363@gmail.com,Le Thi Dieu,2251164363,25/05/2003,Nữ,1205000363,0558896542,lethidieu363@sv.tlu.edu.vn,Công nghệ thông tin,Mạng máy tính,64MMT1,năm 2,3.35,Nam Định,308,Hộ nghèo cận nghèo,https://drive.google.com/file/d/121EkJpjjmBnEwCO17CqQ5ClL_9JYDPU0/view?usp=drivesdk,Tôi cam kết các thông tin trên là đúng sự thật
08/02/2026,vuthiphuong364@gmail.com,Vu Thi Phuong,2251164364,05/02/2003,Nữ,1205000364,0655232063,vuthiphuong364@sv.tlu.edu.vn,Quản trị kinh doanh,Marketing,65MKT1,năm 1,3.54,Gia Lai,333,,https://drive.google.com/file/d/1zM_pnzYQfQm4Nr8VHlAgCKWcXrbcUoiH/view?usp=drivesdk,Tôi cam kết các thông tin trên là đúng sự thật
08/02/2026,hoangvanlong365@gmail.com,Hoang Van Long,2251164365,09/04/2004,Nam,1205000365,0864785710,hoangvanlong365@sv.tlu.edu.vn,Điện – Điện tử,Kỹ thuật điện,65D1,năm 1,3.38,Gia Lai,208,Vùng sâu vùng xa,https://drive.google.com/file/d/1vY6TmEmSi7WErw5bcSonVzaEHZLQtlgO/view?usp=drivesdk,Tôi cam kết các thông tin trên là đúng sự thật
08/02/2026,ngothilan366@gmail.com,Ngo Thi Lan,2251164366,27/02/2004,Nữ,1205000366,0108875544,ngothilan366@sv.tlu.edu.vn,Công nghệ thông tin,Trí tuệ nhân tạo,64AI1,năm 4,03.08,Hà Nội,232,Vùng sâu vùng xa,https://drive.google.com/file/d/1pRLk3ICG6-4tlZ55gulkA0r-Dn5dY9oA/view?usp=drivesdk,Tôi cam kết các thông tin trên là đúng sự thật
08/02/2026,dangvankhanh367@gmail.com,Dang Van Khanh,2251164367,27/08/2003,Nam,1205000367,0287964599,dangvankhanh367@sv.tlu.edu.vn,Ngôn ngữ học,Ngôn ngữ Trung,66NNT1,năm 1,3.83,Gia Lai,135,,https://drive.google.com/file/d/1qrZfCBO2IbS6JBsP_asNDqnVSH00epzq/view?usp=drivesdk,Tôi cam kết các thông tin trên là đúng sự thật
08/02/2026,nguyenvanan368@gmail.com,Nguyen Van An,2251164368,23/04/2003,Nam,1205000368,0621922072,nguyenvanan368@sv.tlu.edu.vn,Quản trị kinh doanh,Quản trị doanh nghiệp,65QTDN1,năm 1,2.63,Thanh Hóa,251,,https://drive.google.com/file/d/153ciuN4xn-HFLId569CeZ91rqoYLRYXB/view?usp=drivesdk,Tôi cam kết các thông tin trên là đúng sự thật
08/02/2026,dangvankhanh369@gmail.com,Dang Van Khanh,2251164369,07/05/2005,Nam,1205000369,0223075740,dangvankhanh369@sv.tlu.edu.vn,Ngôn ngữ học,Ngôn ngữ Trung,66NNT1,năm 1,2.95,Gia Lai,397,Vùng sâu vùng xa,https://drive.google.com/file/d/1Y7F3RNMLkNpnl31gFsS0gdzkS_aHQDsv/view?usp=drivesdk,Tôi cam kết các thông tin trên là đúng sự thật
08/02/2026,hoangvanlong370@gmail.com,Hoang Van Long,2251164370,03/06/2004,Nam,1205000370,0718533617,hoangvanlong370@sv.tlu.edu.vn,Điện – Điện tử,Kỹ thuật điện,65D1,năm 1,3.16,Hà Nội,513,Vùng sâu vùng xa,https://drive.google.com/file/d/1HA6HkaQGgLsUUG4VPugGHo__58tj7kGo/view?usp=drivesdk,Tôi cam kết các thông tin trên là đúng sự thật
08/02/2026,lethidieu371@gmail.com,Le Thi Dieu,2251164371,25/08/2003,Nữ,1205000371,0666542742,lethidieu371@sv.tlu.edu.vn,Kinh tế,Tài chính ngân hàng,65TCNH1,năm 1,3.33,Hưng Yên,102,Vùng sâu vùng xa,https://drive.google.com/file/d/1eyYZzBAePeSj8_4JD5a60zif22FVmejv/view?usp=drivesdk,Tôi cam kết các thông tin trên là đúng sự thật
08/02/2026,ngothilan372@gmail.com,Ngo Thi Lan,2251164372,03/11/2006,Nữ,1205000372,0798600362,ngothilan372@sv.tlu.edu.vn,Xây dựng,Công trình thủy,65CTT1,năm 4,3.82,Hà Nội,119,Vùng sâu vùng xa,https://drive.google.com/file/d/1TB0HOlpg0g2uk_zHV7a12VR9BhbJ9qq1/view?usp=drivesdk,Tôi cam kết các thông tin trên là đúng sự thật
08/02/2026,hoangvanlong373@gmail.com,Hoang Van Long,2251164373,05/02/2005,Nam,1205000373,0130239373,hoangvanlong373@sv.tlu.edu.vn,Kinh tế,Kinh tế xây dựng,65KTXD1,năm 3,3.33,Nam Định,565,Lưu học sinh (Lào/Campuchia),https://drive.google.com/file/d/1S37mm5RUnIJCMu2uibkIW-j0qxvdIRZO/view?usp=drivesdk,Tôi cam kết các thông tin trên là đúng sự thật
08/02/2026,hoangvanlong374@gmail.com,Hoang Van Long,2251164374,25/02/2003,Nam,1205000374,0228203805,hoangvanlong374@sv.tlu.edu.vn,Điện – Điện tử,Kỹ thuật điện,65D1,năm 3,2.19,Thanh Hóa,124,Lưu học sinh (Lào/Campuchia),https://drive.google.com/file/d/1cFQ98gb60ljq8e9TTTOg0ojCRAPE3aME/view?usp=drivesdk,Tôi cam kết các thông tin trên là đúng sự thật
08/02/2026,lethidieu375@gmail.com,Le Thi Dieu,2251164375,21/11/2006,Nữ,1205000375,0527336009,lethidieu375@sv.tlu.edu.vn,Công nghệ thông tin,Trí tuệ nhân tạo,64AI1,năm 1,3.81,Gia Lai,266,,https://drive.google.com/file/d/1evJbAIyOAwIQqRbuUCfivFeezCX5LokB/view?usp=drivesdk,Tôi cam kết các thông tin trên là đúng sự thật
08/02/2026,hoangvanlong376@gmail.com,Hoang Van Long,2251164376,04/05/2006,Nam,1205000376,0568020785,hoangvanlong376@sv.tlu.edu.vn,Kinh tế,Tài chính ngân hàng,65TCNH1,năm 1,3.91,Gia Lai,490,Vùng sâu vùng xa,https://drive.google.com/file/d/1mx8eoaBdggchF1L2OrNX9vkPrFddGlO-/view?usp=drivesdk,Tôi cam kết các thông tin trên là đúng sự thật
08/02/2026,vuthiphuong377@gmail.com,Vu Thi Phuong,2251164377,13/09/2004,Nữ,1205000377,0207189039,vuthiphuong377@sv.tlu.edu.vn,Kinh tế,Kế toán,65KT1,năm 1,2.69,Hà Nội,453,Vùng sâu vùng xa,https://drive.google.com/file/d/1hKD-M-e5WPUQij-i7oeD7DhEJDdgrmu3/view?usp=drivesdk,Tôi cam kết các thông tin trên là đúng sự thật
08/02/2026,hoangvanlong378@gmail.com,Hoang Van Long,2251164378,02/04/2006,Nam,1205000378,0696104694,hoangvanlong378@sv.tlu.edu.vn,Quản trị kinh doanh,Marketing,65MKT1,năm 2,2.26,Hà Nội,170,Sinh viên khuyết tật,https://drive.google.com/file/d/1AKjP5L1Uc5XFRjDDRV1NE4hUxdXROMoW/view?usp=drivesdk,Tôi cam kết các thông tin trên là đúng sự thật
08/02/2026,phamvancuong379@gmail.com,Pham Van Cuong,2251164379,10/05/2003,Nam,1205000379,0491156520,phamvancuong379@sv.tlu.edu.vn,Công nghệ thông tin,Kỹ thuật phần mềm,64KTPM1,năm 1,3.21,Gia Lai,337,Vùng sâu vùng xa,https://drive.google.com/file/d/13QEDoNRyNHu5DCpysx_sObRCUdwkAP-Y/view?usp=drivesdk,Tôi cam kết các thông tin trên là đúng sự thật
08/02/2026,dangvankhanh380@gmail.com,Dang Van Khanh,2251164380,11/10/2006,Nam,1205000380,0758114227,dangvankhanh380@sv.tlu.edu.vn,Kinh tế,Kinh tế xây dựng,65KTXD1,năm 2,3.67,Gia Lai,177,Vùng sâu vùng xa,https://drive.google.com/file/d/17rNn3XnXRPJIev-TpWVPvtZ5sGteCiYb/view?usp=drivesdk,Tôi cam kết các thông tin trên là đúng sự thật
08/02/2026,nguyenvanan381@gmail.com,Nguyen Van An,2251164381,11/08/2003,Nam,1205000381,0487709421,nguyenvanan381@sv.tlu.edu.vn,Công nghệ thông tin,Mạng máy tính,64MMT1,năm 1,3.15,Hưng Yên,139,Vùng sâu vùng xa,https://drive.google.com/file/d/1x92x-BNHk8MSeBW_IDsfYT0oOoPYDZkz/view?usp=drivesdk,Tôi cam kết các thông tin trên là đúng sự thật
08/02/2026,ngothilan382@gmail.com,Ngo Thi Lan,2251164382,20/03/2004,Nữ,1205000382,0904717812,ngothilan382@sv.tlu.edu.vn,Ngôn ngữ học,Ngôn ngữ Anh,66NNA1,năm 1,3.67,Gia Lai,407,Vùng sâu vùng xa,https://drive.google.com/file/d/1yJZU4U_F8FzEztofD4DsKQDi3T0QbEzM/view?usp=drivesdk,Tôi cam kết các thông tin trên là đúng sự thật
08/02/2026,dangvankhanh383@gmail.com,Dang Van Khanh,2251164383,28/02/2003,Nam,1205000383,0849584300,dangvankhanh383@sv.tlu.edu.vn,Công nghệ thông tin,Hệ thống thông tin,64HTTT2,năm 1,03.04,Hưng Yên,287,Vùng sâu vùng xa,https://drive.google.com/file/d/1suq67cbwG2ZU76epB66JpPHhIuaxVYdn/view?usp=drivesdk,Tôi cam kết các thông tin trên là đúng sự thật
08/02/2026,lethidieu384@gmail.com,Le Thi Dieu,2251164384,08/08/2003,Nữ,1205000384,0312653504,lethidieu384@sv.tlu.edu.vn,Ngôn ngữ học,Ngôn ngữ Anh,66NNA1,năm 4,3.96,Gia Lai,86,Vùng sâu vùng xa,https://drive.google.com/file/d/1k6IKXcWZW2gvtXA5W6spkAtkmdiPtDk3/view?usp=drivesdk,Tôi cam kết các thông tin trên là đúng sự thật
08/02/2026,hoangvanlong385@gmail.com,Hoang Van Long,2251164385,09/01/2005,Nam,1205000385,0114858498,hoangvanlong385@sv.tlu.edu.vn,Môi trường,Kỹ thuật môi trường,65MT1,năm 4,3.79,Hà Nội,384,,https://drive.google.com/file/d/1WI3S96LEFUucTY59pHr0HJQbCcAIhvep/view?usp=drivesdk,Tôi cam kết các thông tin trên là đúng sự thật
08/02/2026,phamvancuong386@gmail.com,Pham Van Cuong,2251164386,09/02/2003,Nam,1205000386,0624864669,phamvancuong386@sv.tlu.edu.vn,Quản trị kinh doanh,Marketing,65MKT1,năm 4,3.39,Nam Định,135,,https://drive.google.com/file/d/10u1iJNLSdsPyg5zrD7X0uCQMvz8NtQWG/view?usp=drivesdk,Tôi cam kết các thông tin trên là đúng sự thật
08/02/2026,buithihanh387@gmail.com,Bui Thi Hanh,2251164387,22/03/2004,Nữ,1205000387,0216195682,buithihanh387@sv.tlu.edu.vn,Cơ khí,Cơ khí chế tạo,65CK1,năm 3,3.32,Nam Định,183,Vùng sâu vùng xa,https://drive.google.com/file/d/1AuDauq-Pdu-Lr4LaHdNFZcUfcGV90GQA/view?usp=drivesdk,Tôi cam kết các thông tin trên là đúng sự thật
08/02/2026,ngothilan388@gmail.com,Ngo Thi Lan,2251164388,17/07/2003,Nữ,1205000388,0189432338,ngothilan388@sv.tlu.edu.vn,Quản trị kinh doanh,Quản trị doanh nghiệp,65QTDN1,năm 1,3.93,Nam Định,120,Vùng sâu vùng xa,https://drive.google.com/file/d/1hIMsOgnkFbjVRsq6Z96EfDM6bcAKE-nf/view?usp=drivesdk,Tôi cam kết các thông tin trên là đúng sự thật
08/02/2026,tranvanbinh389@gmail.com,Tran Van Binh,2251164389,10/02/2004,Nam,1205000389,0944147429,tranvanbinh389@sv.tlu.edu.vn,Kinh tế,Kinh tế xây dựng,65KTXD1,năm 3,3.97,Gia Lai,155,Vùng sâu vùng xa,https://drive.google.com/file/d/1c_djuFtmLi7JxrG0qR5BENu_Yrfsmjnt/view?usp=drivesdk,Tôi cam kết các thông tin trên là đúng sự thật
08/02/2026,dothimai390@gmail.com,Do Thi Mai,2251164390,06/08/2005,Nữ,1205000390,0753776780,dothimai390@sv.tlu.edu.vn,Quản trị kinh doanh,Quản trị doanh nghiệp,65QTDN1,năm 1,2.98,Hà Nội,452,,https://drive.google.com/file/d/1wniSq6dQfjyMNheSYqCjhjaDibenv2zb/view?usp=drivesdk,Tôi cam kết các thông tin trên là đúng sự thật
08/02/2026,lethidieu391@gmail.com,Le Thi Dieu,2251164391,26/04/2006,Nữ,1205000391,0272231813,lethidieu391@sv.tlu.edu.vn,Xây dựng,Công trình thủy,65CTT1,năm 3,3.42,Hưng Yên,303,,https://drive.google.com/file/d/1XjR0Mcq6faLwCs6ysihb4DiTZPqRL8wQ/view?usp=drivesdk,Tôi cam kết các thông tin trên là đúng sự thật
08/02/2026,dothimai392@gmail.com,Do Thi Mai,2251164392,05/08/2003,Nữ,1205000392,0701542683,dothimai392@sv.tlu.edu.vn,Công nghệ thông tin,Khoa học máy tính,64CNTT1,năm 4,2.39,Thanh Hóa,275,Sinh viên khuyết tật,https://drive.google.com/file/d/1Gn21DuKifAwZWvJmZm4XiFz5-FEkgo_x/view?usp=drivesdk,Tôi cam kết các thông tin trên là đúng sự thật
08/02/2026,buithihanh393@gmail.com,Bui Thi Hanh,2251164393,25/01/2006,Nữ,1205000393,0911943284,buithihanh393@sv.tlu.edu.vn,Công nghệ thông tin,Mạng máy tính,64MMT1,năm 4,03.01,Thanh Hóa,146,Vùng sâu vùng xa,https://drive.google.com/file/d/1RYtF9O8BEAxT5ZipfAHjyF80t1w7Du_L/view?usp=drivesdk,Tôi cam kết các thông tin trên là đúng sự thật
08/02/2026,tranvanbinh394@gmail.com,Tran Van Binh,2251164394,11/03/2003,Nam,1205000394,0955427847,tranvanbinh394@sv.tlu.edu.vn,Xây dựng,Công trình thủy,65CTT1,năm 2,3.82,Gia Lai,205,Vùng sâu vùng xa,https://drive.google.com/file/d/1H-8yjVHIeRlM-BzbsOa9J71DWKfqn3L2/view?usp=drivesdk,Tôi cam kết các thông tin trên là đúng sự thật
08/02/2026,buithihanh395@gmail.com,Bui Thi Hanh,2251164395,02/09/2003,Nữ,1205000395,0338724298,buithihanh395@sv.tlu.edu.vn,Điện – Điện tử,Kỹ thuật điện,65D1,năm 1,3.59,Hưng Yên,203,Vùng sâu vùng xa,https://drive.google.com/file/d/1GWqD-MRYWSDC70fadjxB49xGg8rabviq/view?usp=drivesdk,Tôi cam kết các thông tin trên là đúng sự thật
08/02/2026,tranvanbinh396@gmail.com,Tran Van Binh,2251164396,24/06/2005,Nam,1205000396,0259888560,tranvanbinh396@sv.tlu.edu.vn,Ngôn ngữ học,Ngôn ngữ Trung,66NNT1,năm 4,3.80,Gia Lai,151,Vùng sâu vùng xa,https://drive.google.com/file/d/1ViBxBoBe0tLBSVXsw0WG2Ygk68U0bf67/view?usp=drivesdk,Tôi cam kết các thông tin trên là đúng sự thật
08/02/2026,lethidieu397@gmail.com,Le Thi Dieu,2251164397,26/05/2005,Nữ,1205000397,0185949029,lethidieu397@sv.tlu.edu.vn,Môi trường,Kỹ thuật môi trường,65MT1,năm 1,3.95,Thanh Hóa,399,,https://drive.google.com/file/d/15FEOcVNovlrxX6XPiFZnIop6HW2Uq4zP/view?usp=drivesdk,Tôi cam kết các thông tin trên là đúng sự thật
08/02/2026,dothimai398@gmail.com,Do Thi Mai,2251164398,17/12/2005,Nữ,1205000398,0560455682,dothimai398@sv.tlu.edu.vn,Cơ khí,Cơ khí chế tạo,65CK1,năm 1,3.71,Thanh Hóa,288,Vùng sâu vùng xa,https://drive.google.com/file/d/13MNZf19qCx0WIvvKGbrUGSiqE4FsvX0p/view?usp=drivesdk,Tôi cam kết các thông tin trên là đúng sự thật
08/02/2026,buithihanh399@gmail.com,Bui Thi Hanh,2251164399,14/08/2006,Nữ,1205000399,0113819066,buithihanh399@sv.tlu.edu.vn,Quản trị kinh doanh,Quản trị doanh nghiệp,65QTDN1,năm 3,3.35,Gia Lai,72,,https://drive.google.com/file/d/1gTr6rGALVxSDl_mTQ88iI79FcM8-h0qC/view?usp=drivesdk,Tôi cam kết các thông tin trên là đúng sự thật
08/02/2026,hoangvanlong400@gmail.com,Hoang Van Long,2251164400,24/04/2005,Nam,1205000400,0265629648,hoangvanlong400@sv.tlu.edu.vn,Kinh tế,Tài chính ngân hàng,65TCNH1,năm 4,03.04,Thanh Hóa,243,Vùng sâu vùng xa,https://drive.google.com/file/d/1mgj_J7dkjlhXwkBeNYOgsAt-5aaDGAWm/view?usp=drivesdk,Tôi cam kết các thông tin trên là đúng sự thật
08/02/2026,buithihanh401@gmail.com,Bui Thi Hanh,2251164401,30/05/2006,Nữ,1205000401,0794477197,buithihanh401@sv.tlu.edu.vn,Công nghệ thông tin,Trí tuệ nhân tạo,64AI1,năm 1,3.95,Nghệ An,344,Vùng sâu vùng xa,https://drive.google.com/file/d/1qcMS5z_26ff4O7xg4YJQpcSYuAQ7GEvn/view?usp=drivesdk,Tôi cam kết các thông tin trên là đúng sự thật
08/02/2026,ngothilan402@gmail.com,Ngo Thi Lan,2251164402,22/04/2003,Nữ,1205000402,0212084307,ngothilan402@sv.tlu.edu.vn,Quản trị kinh doanh,Marketing,65MKT1,năm 2,3.00,Nghệ An,109,Vùng sâu vùng xa,https://drive.google.com/file/d/1QUPRwKcnVhK79Lxwzy-VgTJwlvWrxdFD/view?usp=drivesdk,Tôi cam kết các thông tin trên là đúng sự thật
08/02/2026,vuthiphuong403@gmail.com,Vu Thi Phuong,2251164403,16/03/2005,Nữ,1205000403,0718828683,vuthiphuong403@sv.tlu.edu.vn,Môi trường,Kỹ thuật môi trường,65MT1,năm 3,2.57,Hưng Yên,80,Hộ nghèo cận nghèo,https://drive.google.com/file/d/17uhPKG7DbcjRsAtVdthyRvBaFt48uT3Y/view?usp=drivesdk,Tôi cam kết các thông tin trên là đúng sự thật
08/02/2026,nguyenvanan404@gmail.com,Nguyen Van An,2251164404,13/06/2006,Nam,1205000404,0656863654,nguyenvanan404@sv.tlu.edu.vn,Công nghệ thông tin,Hệ thống thông tin,64HTTT2,năm 1,3.80,Nam Định,463,Vùng sâu vùng xa,https://drive.google.com/file/d/1XNHTr2nuRX0qdm99RHJiN0paurXGFXDD/view?usp=drivesdk,Tôi cam kết các thông tin trên là đúng sự thật
08/02/2026,dothimai405@gmail.com,Do Thi Mai,2251164405,01/06/2005,Nữ,1205000405,0510708612,dothimai405@sv.tlu.edu.vn,Xây dựng,Kỹ thuật xây dựng,65XDD1,năm 1,3.75,Thanh Hóa,257,,https://drive.google.com/file/d/1jAyITnd7GnIZD05CJ3IvR46fkrsK6W48/view?usp=drivesdk,Tôi cam kết các thông tin trên là đúng sự thật
08/02/2026,tranvanbinh406@gmail.com,Tran Van Binh,2251164406,06/01/2006,Nam,1205000406,0662513112,tranvanbinh406@sv.tlu.edu.vn,Công nghệ thông tin,Hệ thống thông tin,64HTTT2,năm 4,2.96,Nam Định,52,Vùng sâu vùng xa,https://drive.google.com/file/d/1Teg63hed12hrw4FcbTvV6b52t0N614qx/view?usp=drivesdk,Tôi cam kết các thông tin trên là đúng sự thật
08/02/2026,ngothilan407@gmail.com,Ngo Thi Lan,2251164407,15/09/2004,Nữ,1205000407,0975988083,ngothilan407@sv.tlu.edu.vn,Công nghệ thông tin,Trí tuệ nhân tạo,64AI1,năm 1,3.38,Nam Định,112,Vùng sâu vùng xa,https://drive.google.com/file/d/1r0EgW_sopD_NiZInHDsdv-XhydeG52bE/view?usp=drivesdk,Tôi cam kết các thông tin trên là đúng sự thật
08/02/2026,vuthiphuong408@gmail.com,Vu Thi Phuong,2251164408,12/01/2006,Nữ,1205000408,0816785722,vuthiphuong408@sv.tlu.edu.vn,Quản trị kinh doanh,Marketing,65MKT1,năm 1,3.27,Lào Cai,133,Vùng sâu vùng xa,https://drive.google.com/file/d/13W-sLFE_H4kxIXiG8sOWqHDI48Os-EN3/view?usp=drivesdk,Tôi cam kết các thông tin trên là đúng sự thật
08/02/2026,phamvancuong409@gmail.com,Pham Van Cuong,2251164409,14/10/2006,Nam,1205000409,0032317807,phamvancuong409@sv.tlu.edu.vn,Kinh tế,Kinh tế xây dựng,65KTXD1,năm 1,3.19,Lào Cai,588,Vùng sâu vùng xa,https://drive.google.com/file/d/1QMOlsmTVQXo6fqcKMcsyOOMKOOouy2d6/view?usp=drivesdk,Tôi cam kết các thông tin trên là đúng sự thật
08/02/2026,hoangvanlong410@gmail.com,Hoang Van Long,2251164410,02/11/2003,Nam,1205000410,0078924928,hoangvanlong410@sv.tlu.edu.vn,Kinh tế,Kinh tế xây dựng,65KTXD1,năm 1,2.72,Lào Cai,232,Sinh viên khuyết tật,https://drive.google.com/file/d/1W0Gm5Ne9HL0EC0LhoRZteV9ZTmuyWN02/view?usp=drivesdk,Tôi cam kết các thông tin trên là đúng sự thật
08/02/2026,dothimai411@gmail.com,Do Thi Mai,2251164411,03/11/2006,Nữ,1205000411,0592788235,dothimai411@sv.tlu.edu.vn,Cơ khí,Cơ khí chế tạo,65CK1,năm 1,3.36,Thanh Hóa,565,,https://drive.google.com/file/d/1y4Kpf4XuKh7qrclWZzdD8CJvAU0etiOb/view?usp=drivesdk,Tôi cam kết các thông tin trên là đúng sự thật
08/02/2026,ngothilan412@gmail.com,Ngo Thi Lan,2251164412,17/08/2006,Nữ,1205000412,0214469488,ngothilan412@sv.tlu.edu.vn,Xây dựng,Công trình thủy,65CTT1,năm 3,3.97,Hưng Yên,290,Vùng sâu vùng xa,https://drive.google.com/file/d/16gkJSVFchs4mj4jLKimiaC4Qp81xTvJN/view?usp=drivesdk,Tôi cam kết các thông tin trên là đúng sự thật
08/02/2026,phamvancuong413@gmail.com,Pham Van Cuong,2251164413,15/10/2005,Nam,1205000413,0193233787,phamvancuong413@sv.tlu.edu.vn,Cơ khí,Cơ khí chế tạo,65CK1,năm 3,2.21,Nam Định,512,"Con thương binh, liệt sỹ",https://drive.google.com/file/d/10rLCac6hsqh5cfS1oxYKmepIn1Lh2pKG/view?usp=drivesdk,Tôi cam kết các thông tin trên là đúng sự thật
08/02/2026,buithihanh414@gmail.com,Bui Thi Hanh,2251164414,18/09/2003,Nữ,1205000414,0185453715,buithihanh414@sv.tlu.edu.vn,Kinh tế,Kinh tế xây dựng,65KTXD1,năm 2,2.83,Thanh Hóa,191,Sinh viên khuyết tật,https://drive.google.com/file/d/1NCdjBOkMYh_536yZezdj1zvDUb_zZSSH/view?usp=drivesdk,Tôi cam kết các thông tin trên là đúng sự thật
08/02/2026,tranvanbinh415@gmail.com,Tran Van Binh,2251164415,13/09/2005,Nam,1205000415,0443720486,tranvanbinh415@sv.tlu.edu.vn,Công nghệ thông tin,Mạng máy tính,64MMT1,năm 1,2.32,Thanh Hóa,256,Hộ nghèo cận nghèo,https://drive.google.com/file/d/1ihrN5rrq5VCh2IW7N837Gtu7gqNVs1MV/view?usp=drivesdk,Tôi cam kết các thông tin trên là đúng sự thật
08/02/2026,phamvancuong416@gmail.com,Pham Van Cuong,2251164416,09/02/2005,Nam,1205000416,0072515816,phamvancuong416@sv.tlu.edu.vn,Công nghệ thông tin,Kỹ thuật phần mềm,64KTPM1,năm 1,3.83,Thanh Hóa,210,,https://drive.google.com/file/d/1x042NdUzvDzc2DE9lYb8f68tno46DXOj/view?usp=drivesdk,Tôi cam kết các thông tin trên là đúng sự thật
08/02/2026,phamvancuong417@gmail.com,Pham Van Cuong,2251164417,28/04/2003,Nam,1205000417,0280921134,phamvancuong417@sv.tlu.edu.vn,Xây dựng,Kỹ thuật xây dựng,65XDD1,năm 3,3.26,Nghệ An,374,Vùng sâu vùng xa,https://drive.google.com/file/d/1z25BJaXEc7VYOK0DXtrJNygwmapvReP1/view?usp=drivesdk,Tôi cam kết các thông tin trên là đúng sự thật
08/02/2026,nguyenvanan418@gmail.com,Nguyen Van An,2251164418,29/11/2005,Nam,1205000418,0805344135,nguyenvanan418@sv.tlu.edu.vn,Công nghệ thông tin,Kỹ thuật phần mềm,64KTPM1,năm 1,03.08,Nghệ An,321,,https://drive.google.com/file/d/1XHWTjbNBvMTK3vSj02LLN5CnPrUU5-Ty/view?usp=drivesdk,Tôi cam kết các thông tin trên là đúng sự thật
08/02/2026,nguyenvanan419@gmail.com,Nguyen Van An,2251164419,25/08/2006,Nam,1205000419,0344051925,nguyenvanan419@sv.tlu.edu.vn,Công nghệ thông tin,Mạng máy tính,64MMT1,năm 1,3.95,Lào Cai,141,,https://drive.google.com/file/d/11SpCqn-Lo1PB4Rn6-_pYpLFEdFslbyYn/view?usp=drivesdk,Tôi cam kết các thông tin trên là đúng sự thật
08/02/2026,dothimai420@gmail.com,Do Thi Mai,2251164420,17/12/2006,Nữ,1205000420,0222344062,dothimai420@sv.tlu.edu.vn,Công nghệ thông tin,Khoa học máy tính,64CNTT1,năm 1,3.17,Nam Định,531,Vùng sâu vùng xa,https://drive.google.com/file/d/1tbFpX6dSMdI49evnfoIzL8IKzpAyWuVB/view?usp=drivesdk,Tôi cam kết các thông tin trên là đúng sự thật
08/02/2026,tranvanbinh421@gmail.com,Tran Van Binh,2251164421,06/06/2005,Nam,1205000421,0623078071,tranvanbinh421@sv.tlu.edu.vn,Công nghệ thông tin,Trí tuệ nhân tạo,64AI1,năm 1,3.16,Lào Cai,169,Lưu học sinh (Lào/Campuchia),https://drive.google.com/file/d/199IiQp-VazoXhIFR1R3-ZUZhAYvKalVh/view?usp=drivesdk,Tôi cam kết các thông tin trên là đúng sự thật
08/02/2026,phamvancuong422@gmail.com,Pham Van Cuong,2251164422,29/11/2004,Nam,1205000422,0633135511,phamvancuong422@sv.tlu.edu.vn,Ngôn ngữ học,Ngôn ngữ Anh,66NNA1,năm 1,2.94,Hà Nội,249,Vùng sâu vùng xa,https://drive.google.com/file/d/1qq4qBr6-Fs0GldyDa4QrnCvVK-ajV2j-/view?usp=drivesdk,Tôi cam kết các thông tin trên là đúng sự thật
08/02/2026,hoangvanlong423@gmail.com,Hoang Van Long,2251164423,26/09/2006,Nam,1205000423,0911914260,hoangvanlong423@sv.tlu.edu.vn,Công nghệ thông tin,Hệ thống thông tin,64HTTT2,năm 2,3.43,Hà Nội,256,"Con thương binh, liệt sỹ",https://drive.google.com/file/d/1v7pG-7DDQ5GSYkcae7cmwUd5kxUfI0XL/view?usp=drivesdk,Tôi cam kết các thông tin trên là đúng sự thật
08/02/2026,lethidieu424@gmail.com,Le Thi Dieu,2251164424,07/05/2006,Nữ,1205000424,0806979077,lethidieu424@sv.tlu.edu.vn,Quản trị kinh doanh,Quản trị doanh nghiệp,65QTDN1,năm 2,3.33,Thanh Hóa,57,Vùng sâu vùng xa,https://drive.google.com/file/d/1o4e_sJzH7154ud0dYGyOoMqBfaCsIIVl/view?usp=drivesdk,Tôi cam kết các thông tin trên là đúng sự thật
08/02/2026,dothimai425@gmail.com,Do Thi Mai,2251164425,12/10/2003,Nữ,1205000425,0811021357,dothimai425@sv.tlu.edu.vn,Kinh tế,Kinh tế xây dựng,65KTXD1,năm 3,2.35,Lào Cai,506,Lưu học sinh (Lào/Campuchia),https://drive.google.com/file/d/1sfhXmW7oFdIx580qzFLrv0mg_lQ9Rlre/view?usp=drivesdk,Tôi cam kết các thông tin trên là đúng sự thật
08/02/2026,dangvankhanh426@gmail.com,Dang Van Khanh,2251164426,12/05/2005,Nam,1205000426,0492332576,dangvankhanh426@sv.tlu.edu.vn,Công nghệ thông tin,Trí tuệ nhân tạo,64AI1,năm 2,3.38,Nam Định,380,,https://drive.google.com/file/d/1X6JBVJDhSdhCT1OPGq1uBsxYlZ5wV-io/view?usp=drivesdk,Tôi cam kết các thông tin trên là đúng sự thật
08/02/2026,phamvancuong427@gmail.com,Pham Van Cuong,2251164427,20/07/2006,Nam,1205000427,0972162420,phamvancuong427@sv.tlu.edu.vn,Công nghệ thông tin,Mạng máy tính,64MMT1,năm 1,2.84,Nam Định,456,,https://drive.google.com/file/d/18o0yc60tlunJhXgmYt5SbjHAcsmqDGbh/view?usp=drivesdk,Tôi cam kết các thông tin trên là đúng sự thật
08/02/2026,vuthiphuong428@gmail.com,Vu Thi Phuong,2251164428,28/11/2005,Nữ,1205000428,0912975564,vuthiphuong428@sv.tlu.edu.vn,Quản trị kinh doanh,Marketing,65MKT1,năm 3,2.83,Lào Cai,326,,https://drive.google.com/file/d/1P7mu3yc__kuc-w7iZ2F1_72u8o2G1oJM/view?usp=drivesdk,Tôi cam kết các thông tin trên là đúng sự thật
08/02/2026,buithihanh429@gmail.com,Bui Thi Hanh,2251164429,26/07/2006,Nữ,1205000429,0270393809,buithihanh429@sv.tlu.edu.vn,Ngôn ngữ học,Ngôn ngữ Anh,66NNA1,năm 1,3.12,Gia Lai,151,Vùng sâu vùng xa,https://drive.google.com/file/d/1XKd1EE93u7QwOuMBFUR5wQbxspU5KF7f/view?usp=drivesdk,Tôi cam kết các thông tin trên là đúng sự thật
08/02/2026,lethidieu430@gmail.com,Le Thi Dieu,2251164430,08/07/2003,Nữ,1205000430,0621100424,lethidieu430@sv.tlu.edu.vn,Công nghệ thông tin,Kỹ thuật phần mềm,64KTPM1,năm 4,2.91,Nam Định,177,Sinh viên khuyết tật,https://drive.google.com/file/d/1H27dFZzKBlMUeFuRHjTYvUA7EVN6c3mY/view?usp=drivesdk,Tôi cam kết các thông tin trên là đúng sự thật
08/02/2026,ngothilan431@gmail.com,Ngo Thi Lan,2251164431,15/09/2005,Nữ,1205000431,0623077061,ngothilan431@sv.tlu.edu.vn,Điện – Điện tử,Kỹ thuật điện,65D1,năm 1,2.66,Gia Lai,107,Vùng sâu vùng xa,https://drive.google.com/file/d/1WDH29rwwLxRK9FL037z-EbtMLJ0jcQOK/view?usp=drivesdk,Tôi cam kết các thông tin trên là đúng sự thật
08/02/2026,vuthiphuong432@gmail.com,Vu Thi Phuong,2251164432,01/05/2003,Nữ,1205000432,0146961943,vuthiphuong432@sv.tlu.edu.vn,Cơ khí,Cơ khí chế tạo,65CK1,năm 2,3.78,Hà Nội,358,,https://drive.google.com/file/d/1RMNgV660zPwkH4ktDx3Y7ouYsrfEHZ7U/view?usp=drivesdk,Tôi cam kết các thông tin trên là đúng sự thật
08/02/2026,hoangvanlong433@gmail.com,Hoang Van Long,2251164433,15/05/2003,Nam,1205000433,0694483200,hoangvanlong433@sv.tlu.edu.vn,Công nghệ thông tin,Hệ thống thông tin,64HTTT2,năm 4,3.72,Gia Lai,106,Vùng sâu vùng xa,https://drive.google.com/file/d/1PpvMP4h1jEQJOq-y6KbtywRNV7oGVUEc/view?usp=drivesdk,Tôi cam kết các thông tin trên là đúng sự thật
08/02/2026,dothimai434@gmail.com,Do Thi Mai,2251164434,16/10/2005,Nữ,1205000434,0205320161,dothimai434@sv.tlu.edu.vn,Quản trị kinh doanh,Marketing,65MKT1,năm 4,2.60,Thanh Hóa,569,Lưu học sinh (Lào/Campuchia),https://drive.google.com/file/d/1Qd52mWbA7HBGpJFTml_WXyhSfz7ySwcV/view?usp=drivesdk,Tôi cam kết các thông tin trên là đúng sự thật
08/02/2026,tranvanbinh435@gmail.com,Tran Van Binh,2251164435,02/01/2003,Nam,1205000435,0961352800,tranvanbinh435@sv.tlu.edu.vn,Ngôn ngữ học,Ngôn ngữ Trung,66NNT1,năm 1,3.25,Hưng Yên,432,Vùng sâu vùng xa,https://drive.google.com/file/d/1h5AU0_SCCiBRtcmQtJ4kP9y23lOtL19L/view?usp=drivesdk,Tôi cam kết các thông tin trên là đúng sự thật
08/02/2026,buithihanh436@gmail.com,Bui Thi Hanh,2251164436,28/05/2003,Nữ,1205000436,0521898768,buithihanh436@sv.tlu.edu.vn,Công nghệ thông tin,Trí tuệ nhân tạo,64AI1,năm 1,3.58,Gia Lai,497,Vùng sâu vùng xa,https://drive.google.com/file/d/1HZiBRD5ua5yvJq7gvkZkCWNoivBYVUZl/view?usp=drivesdk,Tôi cam kết các thông tin trên là đúng sự thật
08/02/2026,dangvankhanh437@gmail.com,Dang Van Khanh,2251164437,02/03/2004,Nam,1205000437,0322242668,dangvankhanh437@sv.tlu.edu.vn,Quản trị kinh doanh,Marketing,65MKT1,năm 1,2.71,Hưng Yên,483,Vùng sâu vùng xa,https://drive.google.com/file/d/1JNIgqk2Z_S5yq1c3xOQlBkowQz2EEMfi/view?usp=drivesdk,Tôi cam kết các thông tin trên là đúng sự thật
08/02/2026,dangvankhanh438@gmail.com,Dang Van Khanh,2251164438,19/04/2006,Nam,1205000438,0952783858,dangvankhanh438@sv.tlu.edu.vn,Công nghệ thông tin,Khoa học máy tính,64CNTT1,năm 4,3.39,Thanh Hóa,297,Vùng sâu vùng xa,https://drive.google.com/file/d/1T5n3GQBW6QRpuptYyQBB659UNbXkswB1/view?usp=drivesdk,Tôi cam kết các thông tin trên là đúng sự thật
08/02/2026,vuthiphuong439@gmail.com,Vu Thi Phuong,2251164439,15/11/2004,Nữ,1205000439,0807732243,vuthiphuong439@sv.tlu.edu.vn,Kinh tế,Kinh tế xây dựng,65KTXD1,năm 1,3.66,Hưng Yên,218,Vùng sâu vùng xa,https://drive.google.com/file/d/1GxTZmt2F4MuNplmKXIV1zzuBg7tAgwRb/view?usp=drivesdk,Tôi cam kết các thông tin trên là đúng sự thật
08/02/2026,phamvancuong440@gmail.com,Pham Van Cuong,2251164440,04/08/2004,Nam,1205000440,0514095744,phamvancuong440@sv.tlu.edu.vn,Kinh tế,Tài chính ngân hàng,65TCNH1,năm 2,3.16,Hưng Yên,586,Sinh viên khuyết tật,https://drive.google.com/file/d/1_q_Ttinw48c8VUo8lDDHQXhUIXA4xXMs/view?usp=drivesdk,Tôi cam kết các thông tin trên là đúng sự thật
08/02/2026,tranvanbinh441@gmail.com,Tran Van Binh,2251164441,31/08/2006,Nam,1205000441,0341755171,tranvanbinh441@sv.tlu.edu.vn,Xây dựng,Công trình thủy,65CTT1,năm 1,3.15,Gia Lai,571,Vùng sâu vùng xa,https://drive.google.com/file/d/1sLqWDvQbpLi0ig0lKsJ6O7y12_KYwGde/view?usp=drivesdk,Tôi cam kết các thông tin trên là đúng sự thật
08/02/2026,vuthiphuong442@gmail.com,Vu Thi Phuong,2251164442,29/07/2006,Nữ,1205000442,0892449050,vuthiphuong442@sv.tlu.edu.vn,Quản trị kinh doanh,Quản trị doanh nghiệp,65QTDN1,năm 1,2.90,Thanh Hóa,333,Vùng sâu vùng xa,https://drive.google.com/file/d/1PhxB0H5UU710ltEBuxO-EeOJT4IPwpRs/view?usp=drivesdk,Tôi cam kết các thông tin trên là đúng sự thật
08/02/2026,nguyenvanan443@gmail.com,Nguyen Van An,2251164443,05/06/2005,Nam,1205000443,0707755909,nguyenvanan443@sv.tlu.edu.vn,Kinh tế,Kế toán,65KT1,năm 1,3.47,Hà Nội,211,Vùng sâu vùng xa,https://drive.google.com/file/d/1LKAi3-bCg0BOSWE66rj8X3qdmCJBC8Lj/view?usp=drivesdk,Tôi cam kết các thông tin trên là đúng sự thật
08/02/2026,phamvancuong444@gmail.com,Pham Van Cuong,2251164444,27/03/2006,Nam,1205000444,0498772218,phamvancuong444@sv.tlu.edu.vn,Kinh tế,Kế toán,65KT1,năm 1,3.77,Thanh Hóa,113,Vùng sâu vùng xa,https://drive.google.com/file/d/1ELf9ZDgX3w-sl7XzUKyFEMKoGCwQVUJd/view?usp=drivesdk,Tôi cam kết các thông tin trên là đúng sự thật
08/02/2026,nguyenvanan445@gmail.com,Nguyen Van An,2251164445,21/10/2004,Nam,1205000445,0391585243,nguyenvanan445@sv.tlu.edu.vn,Công nghệ thông tin,Mạng máy tính,64MMT1,năm 2,3.30,Nam Định,323,,https://drive.google.com/file/d/11YJrlkS0J_8TnRfw2KMLg1zhlSdut3G4/view?usp=drivesdk,Tôi cam kết các thông tin trên là đúng sự thật
08/02/2026,dothimai446@gmail.com,Do Thi Mai,2251164446,22/01/2005,Nữ,1205000446,0779406069,dothimai446@sv.tlu.edu.vn,Cơ khí,Cơ khí chế tạo,65CK1,năm 3,3.17,Lào Cai,74,Vùng sâu vùng xa,https://drive.google.com/file/d/1a7UBtkYJn2NpjLO9N2wc39UkEcc_3mlg/view?usp=drivesdk,Tôi cam kết các thông tin trên là đúng sự thật
08/02/2026,buithihanh447@gmail.com,Bui Thi Hanh,2251164447,13/02/2005,Nữ,1205000447,0268377224,buithihanh447@sv.tlu.edu.vn,Cơ khí,Cơ khí chế tạo,65CK1,năm 1,3.41,Thanh Hóa,218,,https://drive.google.com/file/d/1eL7pIOFG-mKEId0hjDSvQGPzf0QUMRpv/view?usp=drivesdk,Tôi cam kết các thông tin trên là đúng sự thật
08/02/2026,ngothilan448@gmail.com,Ngo Thi Lan,2251164448,05/10/2004,Nữ,1205000448,0541819088,ngothilan448@sv.tlu.edu.vn,Điện – Điện tử,Kỹ thuật điện,65D1,năm 2,03.02,Nghệ An,212,Lưu học sinh (Lào/Campuchia),https://drive.google.com/file/d/1NztZkoi50vA-Nz_KSzNDgzK_QwSvkADP/view?usp=drivesdk,Tôi cam kết các thông tin trên là đúng sự thật
08/02/2026,lethidieu449@gmail.com,Le Thi Dieu,2251164449,30/11/2004,Nữ,1205000449,0224741713,lethidieu449@sv.tlu.edu.vn,Xây dựng,Công trình thủy,65CTT1,năm 1,3.92,Hưng Yên,370,Vùng sâu vùng xa,https://drive.google.com/file/d/13y_BdFQKnJDUGU3ELBLR3FrHbzJG9tAp/view?usp=drivesdk,Tôi cam kết các thông tin trên là đúng sự thật
08/02/2026,phamvancuong450@gmail.com,Pham Van Cuong,2251164450,04/10/2003,Nam,1205000450,0192045826,phamvancuong450@sv.tlu.edu.vn,Công nghệ thông tin,Trí tuệ nhân tạo,64AI1,năm 2,4.00,Nghệ An,216,Vùng sâu vùng xa,https://drive.google.com/file/d/1-egVPVTVEMrD9w2ZYV2geZnDjnWctaTX/view?usp=drivesdk,Tôi cam kết các thông tin trên là đúng sự thật
08/02/2026,buithihanh451@gmail.com,Bui Thi Hanh,2251164451,22/12/2005,Nữ,1205000451,0774604118,buithihanh451@sv.tlu.edu.vn,Quản trị kinh doanh,Quản trị doanh nghiệp,65QTDN1,năm 1,2.96,Hưng Yên,419,Vùng sâu vùng xa,https://drive.google.com/file/d/1Z0WEhN9gRuC4iuzCus8xLz-E8dYBYYx0/view?usp=drivesdk,Tôi cam kết các thông tin trên là đúng sự thật
08/02/2026,nguyenvanan452@gmail.com,Nguyen Van An,2251164452,19/03/2004,Nam,1205000452,0888888441,nguyenvanan452@sv.tlu.edu.vn,Công nghệ thông tin,Mạng máy tính,64MMT1,năm 3,2.20,Nghệ An,229,Sinh viên khuyết tật,https://drive.google.com/file/d/17Ax3DBZyufT9Spaiv3gJXv9NBonHakrj/view?usp=drivesdk,Tôi cam kết các thông tin trên là đúng sự thật
08/02/2026,nguyenvanan453@gmail.com,Nguyen Van An,2251164453,21/01/2006,Nam,1205000453,0982995545,nguyenvanan453@sv.tlu.edu.vn,Môi trường,Kỹ thuật môi trường,65MT1,năm 1,3.64,Hà Nội,261,Vùng sâu vùng xa,https://drive.google.com/file/d/1hF97KDunQ0Soy3AnY3DTmrlbYylBt-bA/view?usp=drivesdk,Tôi cam kết các thông tin trên là đúng sự thật
08/02/2026,lethidieu454@gmail.com,Le Thi Dieu,2251164454,24/04/2003,Nữ,1205000454,0871353983,lethidieu454@sv.tlu.edu.vn,Điện – Điện tử,Kỹ thuật điện,65D1,năm 2,3.34,Thanh Hóa,133,,https://drive.google.com/file/d/1YovIOk_bKI7EOCWz4M9jPbQ6zx1TbZwb/view?usp=drivesdk,Tôi cam kết các thông tin trên là đúng sự thật
08/02/2026,hoangvanlong455@gmail.com,Hoang Van Long,2251164455,11/03/2005,Nam,1205000455,0206112278,hoangvanlong455@sv.tlu.edu.vn,Công nghệ thông tin,Trí tuệ nhân tạo,64AI1,năm 3,3.46,Hà Nội,364,Hộ nghèo cận nghèo,https://drive.google.com/file/d/1Ca98_kwf6pKbg16LDumXvTCx0ENpuzhp/view?usp=drivesdk,Tôi cam kết các thông tin trên là đúng sự thật
08/02/2026,phamvancuong456@gmail.com,Pham Van Cuong,2251164456,08/04/2004,Nam,1205000456,0785436251,phamvancuong456@sv.tlu.edu.vn,Quản trị kinh doanh,Quản trị doanh nghiệp,65QTDN1,năm 1,3.10,Nghệ An,100,Vùng sâu vùng xa,https://drive.google.com/file/d/1ON3HPvk8Oyh2mo1u2LUjwtoOkoe_SOpV/view?usp=drivesdk,Tôi cam kết các thông tin trên là đúng sự thật
08/02/2026,dangvankhanh457@gmail.com,Dang Van Khanh,2251164457,01/05/2003,Nam,1205000457,0841745723,dangvankhanh457@sv.tlu.edu.vn,Quản trị kinh doanh,Marketing,65MKT1,năm 1,3.24,Gia Lai,227,Vùng sâu vùng xa,https://drive.google.com/file/d/1WM4ZecAYxbmUPAyLzVN8-k_38u8G_c4h/view?usp=drivesdk,Tôi cam kết các thông tin trên là đúng sự thật
08/02/2026,nguyenvanan458@gmail.com,Nguyen Van An,2251164458,18/10/2005,Nam,1205000458,0009369393,nguyenvanan458@sv.tlu.edu.vn,Xây dựng,Công trình thủy,65CTT1,năm 4,2.26,Hà Nội,550,Lưu học sinh (Lào/Campuchia),https://drive.google.com/file/d/1QD5y-mBZ80QU1xJ06zNk9rB-ojU0hJxk/view?usp=drivesdk,Tôi cam kết các thông tin trên là đúng sự thật
08/02/2026,vuthiphuong459@gmail.com,Vu Thi Phuong,2251164459,03/07/2006,Nữ,1205000459,0743473759,vuthiphuong459@sv.tlu.edu.vn,Công nghệ thông tin,Hệ thống thông tin,64HTTT2,năm 3,03.07,Lào Cai,70,Vùng sâu vùng xa,https://drive.google.com/file/d/1m0tT4DKL1q5IMSBsJFiPD78vFqZos472/view?usp=drivesdk,Tôi cam kết các thông tin trên là đúng sự thật
08/02/2026,nguyenvanan460@gmail.com,Nguyen Van An,2251164460,02/12/2003,Nam,1205000460,0235219419,nguyenvanan460@sv.tlu.edu.vn,Công nghệ thông tin,Mạng máy tính,64MMT1,năm 1,2.86,Hà Nội,587,Vùng sâu vùng xa,https://drive.google.com/file/d/1WKXlzSCzLUnX-0UzefR1tqKukFbTzPBt/view?usp=drivesdk,Tôi cam kết các thông tin trên là đúng sự thật
08/02/2026,nguyenvanan461@gmail.com,Nguyen Van An,2251164461,13/05/2003,Nam,1205000461,0822195751,nguyenvanan461@sv.tlu.edu.vn,Môi trường,Kỹ thuật môi trường,65MT1,năm 3,3.51,Hưng Yên,119,,https://drive.google.com/file/d/1cYU1p6uKcTZLFMMZU3Xhc1CxySQn-NPu/view?usp=drivesdk,Tôi cam kết các thông tin trên là đúng sự thật
08/02/2026,dangvankhanh462@gmail.com,Dang Van Khanh,2251164462,02/11/2005,Nam,1205000462,0983145538,dangvankhanh462@sv.tlu.edu.vn,Xây dựng,Kỹ thuật xây dựng,65XDD1,năm 4,3.53,Hưng Yên,53,Vùng sâu vùng xa,https://drive.google.com/file/d/1FNazA43bsKpJo_f4fmIVU9XF6jM8B1D_/view?usp=drivesdk,Tôi cam kết các thông tin trên là đúng sự thật
08/02/2026,phamvancuong463@gmail.com,Pham Van Cuong,2251164463,10/03/2003,Nam,1205000463,0532261298,phamvancuong463@sv.tlu.edu.vn,Điện – Điện tử,Kỹ thuật điện,65D1,năm 1,3.59,Nam Định,408,Vùng sâu vùng xa,https://drive.google.com/file/d/11TzbtRrwylOEBa2tKAdaxNUamkVHdccF/view?usp=drivesdk,Tôi cam kết các thông tin trên là đúng sự thật
08/02/2026,buithihanh464@gmail.com,Bui Thi Hanh,2251164464,23/04/2006,Nữ,1205000464,0995113353,buithihanh464@sv.tlu.edu.vn,Môi trường,Kỹ thuật môi trường,65MT1,năm 1,3.63,Nam Định,312,,https://drive.google.com/file/d/1PO5PC2IUVHNyAZ6XlxfnCjm7ejsedv4c/view?usp=drivesdk,Tôi cam kết các thông tin trên là đúng sự thật
08/02/2026,phamvancuong465@gmail.com,Pham Van Cuong,2251164465,25/12/2006,Nam,1205000465,0640751015,phamvancuong465@sv.tlu.edu.vn,Công nghệ thông tin,Kỹ thuật phần mềm,64KTPM1,năm 2,3.92,Gia Lai,345,Vùng sâu vùng xa,https://drive.google.com/file/d/1uvNqxM8V022X-4zI7MRfbi1-3BJzrMtI/view?usp=drivesdk,Tôi cam kết các thông tin trên là đúng sự thật
08/02/2026,vuthiphuong466@gmail.com,Vu Thi Phuong,2251164466,22/10/2006,Nữ,1205000466,0729305092,vuthiphuong466@sv.tlu.edu.vn,Công nghệ thông tin,Trí tuệ nhân tạo,64AI1,năm 1,3.38,Gia Lai,493,Vùng sâu vùng xa,https://drive.google.com/file/d/184PNw_rxI0ziDz1NYABXN0oXhZMGschO/view?usp=drivesdk,Tôi cam kết các thông tin trên là đúng sự thật
08/02/2026,nguyenvanan467@gmail.com,Nguyen Van An,2251164467,07/07/2003,Nam,1205000467,0420535295,nguyenvanan467@sv.tlu.edu.vn,Xây dựng,Kỹ thuật xây dựng,65XDD1,năm 1,3.00,Hà Nội,370,Vùng sâu vùng xa,https://drive.google.com/file/d/1t0jxIZBcZ0G9guyUJeqXS-NBhTpawElY/view?usp=drivesdk,Tôi cam kết các thông tin trên là đúng sự thật
08/02/2026,dangvankhanh468@gmail.com,Dang Van Khanh,2251164468,03/10/2006,Nam,1205000468,0948994619,dangvankhanh468@sv.tlu.edu.vn,Công nghệ thông tin,Mạng máy tính,64MMT1,năm 1,2.93,Thanh Hóa,150,,https://drive.google.com/file/d/1Bhv25fBjLhFkS_mBAP3S33VnlNDvcc8R/view?usp=drivesdk,Tôi cam kết các thông tin trên là đúng sự thật
08/02/2026,lethidieu469@gmail.com,Le Thi Dieu,2251164469,17/01/2005,Nữ,1205000469,0383401217,lethidieu469@sv.tlu.edu.vn,Kinh tế,Kinh tế xây dựng,65KTXD1,năm 4,3.39,Gia Lai,132,Vùng sâu vùng xa,https://drive.google.com/file/d/1swS3aViq3RFFj5J82Qq1vnOpOG7oB1MQ/view?usp=drivesdk,Tôi cam kết các thông tin trên là đúng sự thật
08/02/2026,buithihanh470@gmail.com,Bui Thi Hanh,2251164470,12/11/2004,Nữ,1205000470,0014833250,buithihanh470@sv.tlu.edu.vn,Kinh tế,Kinh tế xây dựng,65KTXD1,năm 3,3.79,Lào Cai,17,,https://drive.google.com/file/d/1G-AzygwpNAJ2W47vyVCsRuH5vU29ISnn/view?usp=drivesdk,Tôi cam kết các thông tin trên là đúng sự thật
08/02/2026,lethidieu471@gmail.com,Le Thi Dieu,2251164471,13/11/2005,Nữ,1205000471,0301515871,lethidieu471@sv.tlu.edu.vn,Công nghệ thông tin,Khoa học máy tính,64CNTT1,năm 3,2.94,Hưng Yên,288,Vùng sâu vùng xa,https://drive.google.com/file/d/1W7z4PE-6w-B5lj3moJZ5M6GG6YVVSi16/view?usp=drivesdk,Tôi cam kết các thông tin trên là đúng sự thật
08/02/2026,vuthiphuong472@gmail.com,Vu Thi Phuong,2251164472,06/08/2006,Nữ,1205000472,0464299879,vuthiphuong472@sv.tlu.edu.vn,Công nghệ thông tin,Kỹ thuật phần mềm,64KTPM1,năm 1,3.83,Nam Định,115,Vùng sâu vùng xa,https://drive.google.com/file/d/1hoBgYIS770yOxqTt39YdIo1BwFYZyG6U/view?usp=drivesdk,Tôi cam kết các thông tin trên là đúng sự thật
08/02/2026,nguyenvanan473@gmail.com,Nguyen Van An,2251164473,29/01/2004,Nam,1205000473,0321080382,nguyenvanan473@sv.tlu.edu.vn,Kinh tế,Kinh tế xây dựng,65KTXD1,năm 3,3.88,Hưng Yên,276,,https://drive.google.com/file/d/19PEOn9nfFf5BsiTJSLCAkhlGGsKgyVEj/view?usp=drivesdk,Tôi cam kết các thông tin trên là đúng sự thật
08/02/2026,dothimai474@gmail.com,Do Thi Mai,2251164474,15/08/2004,Nữ,1205000474,0169398243,dothimai474@sv.tlu.edu.vn,Kinh tế,Kế toán,65KT1,năm 1,3.28,Hưng Yên,145,Vùng sâu vùng xa,https://drive.google.com/file/d/1-pQAFY0-uK6qT9W6ntIaMAX0T5F0fJp8/view?usp=drivesdk,Tôi cam kết các thông tin trên là đúng sự thật
08/02/2026,dothimai475@gmail.com,Do Thi Mai,2251164475,14/03/2004,Nữ,1205000475,0484524636,dothimai475@sv.tlu.edu.vn,Quản trị kinh doanh,Marketing,65MKT1,năm 3,3.20,Nghệ An,411,"Con thương binh, liệt sỹ",https://drive.google.com/file/d/1O4zDzwcmQ1nmv0GlpbYW711FbYbFJ1FA/view?usp=drivesdk,Tôi cam kết các thông tin trên là đúng sự thật
08/02/2026,lethidieu476@gmail.com,Le Thi Dieu,2251164476,02/09/2006,Nữ,1205000476,0082812741,lethidieu476@sv.tlu.edu.vn,Kinh tế,Kế toán,65KT1,năm 3,2.75,Hưng Yên,437,Lưu học sinh (Lào/Campuchia),https://drive.google.com/file/d/1KLTczvnEYyMudzilwO2TPd5NYa8XjnN5/view?usp=drivesdk,Tôi cam kết các thông tin trên là đúng sự thật
08/02/2026,nguyenvanan477@gmail.com,Nguyen Van An,2251164477,02/02/2006,Nam,1205000477,0579224895,nguyenvanan477@sv.tlu.edu.vn,Điện – Điện tử,Kỹ thuật điện,65D1,năm 2,3.94,Lào Cai,353,,https://drive.google.com/file/d/1D3FQl5O9wXo8dpwjZYxVgzdX81LzZYWz/view?usp=drivesdk,Tôi cam kết các thông tin trên là đúng sự thật
08/02/2026,nguyenvanan478@gmail.com,Nguyen Van An,2251164478,06/08/2004,Nam,1205000478,0650049141,nguyenvanan478@sv.tlu.edu.vn,Kinh tế,Kinh tế xây dựng,65KTXD1,năm 1,3.64,Hưng Yên,571,Vùng sâu vùng xa,https://drive.google.com/file/d/1hHFp7Or6i3XMhgCqXWJyigeIHZKC6NXa/view?usp=drivesdk,Tôi cam kết các thông tin trên là đúng sự thật
08/02/2026,nguyenvanan479@gmail.com,Nguyen Van An,2251164479,29/06/2006,Nam,1205000479,0979876210,nguyenvanan479@sv.tlu.edu.vn,Công nghệ thông tin,Trí tuệ nhân tạo,64AI1,năm 3,2.87,Thanh Hóa,225,Vùng sâu vùng xa,https://drive.google.com/file/d/1lBfd5pLBSTAOucH459uEksLN3Z9tHz2v/view?usp=drivesdk,Tôi cam kết các thông tin trên là đúng sự thật
08/02/2026,dangvankhanh480@gmail.com,Dang Van Khanh,2251164480,27/05/2004,Nam,1205000480,0091681375,dangvankhanh480@sv.tlu.edu.vn,Ngôn ngữ học,Ngôn ngữ Anh,66NNA1,năm 1,2.74,Nghệ An,164,Vùng sâu vùng xa,https://drive.google.com/file/d/1IvngnLTnKJ9MjHVjEhOSVOYt1c8nDRQL/view?usp=drivesdk,Tôi cam kết các thông tin trên là đúng sự thật
08/02/2026,nguyenvanan481@gmail.com,Nguyen Van An,2251164481,09/04/2004,Nam,1205000481,0038251911,nguyenvanan481@sv.tlu.edu.vn,Ngôn ngữ học,Ngôn ngữ Trung,66NNT1,năm 3,3.17,Thanh Hóa,359,Sinh viên khuyết tật,https://drive.google.com/file/d/1AlsILb7NA6Lq-thp65f-hFvvm2xoAuwc/view?usp=drivesdk,Tôi cam kết các thông tin trên là đúng sự thật
08/02/2026,phamvancuong482@gmail.com,Pham Van Cuong,2251164482,22/03/2005,Nam,1205000482,0399765147,phamvancuong482@sv.tlu.edu.vn,Kinh tế,Kế toán,65KT1,năm 1,3.12,Lào Cai,441,Vùng sâu vùng xa,https://drive.google.com/file/d/1Es1Wvs4iRjOq2m_PIlhmuF-891uEIl24/view?usp=drivesdk,Tôi cam kết các thông tin trên là đúng sự thật
08/02/2026,hoangvanlong483@gmail.com,Hoang Van Long,2251164483,30/08/2003,Nam,1205000483,0244325486,hoangvanlong483@sv.tlu.edu.vn,Kinh tế,Kế toán,65KT1,năm 1,2.59,Hưng Yên,585,Vùng sâu vùng xa,https://drive.google.com/file/d/12CElZq7JaL-HHsxq9lkCDwWFA60aT9hH/view?usp=drivesdk,Tôi cam kết các thông tin trên là đúng sự thật
08/02/2026,ngothilan484@gmail.com,Ngo Thi Lan,2251164484,29/10/2006,Nữ,1205000484,0787508855,ngothilan484@sv.tlu.edu.vn,Kinh tế,Kế toán,65KT1,năm 3,3.20,Nam Định,93,,https://drive.google.com/file/d/1c7ZXawERLTZToVxmMS39sGrDIWqdMD5C/view?usp=drivesdk,Tôi cam kết các thông tin trên là đúng sự thật
08/02/2026,dothimai485@gmail.com,Do Thi Mai,2251164485,22/04/2003,Nữ,1205000485,0470196385,dothimai485@sv.tlu.edu.vn,Cơ khí,Cơ khí chế tạo,65CK1,năm 1,03.04,Lào Cai,591,Vùng sâu vùng xa,https://drive.google.com/file/d/1USCA45KyZMs9Z2T-HA6kWmA6PgYy-6xR/view?usp=drivesdk,Tôi cam kết các thông tin trên là đúng sự thật
08/02/2026,ngothilan486@gmail.com,Ngo Thi Lan,2251164486,18/04/2005,Nữ,1205000486,0130186776,ngothilan486@sv.tlu.edu.vn,Môi trường,Kỹ thuật môi trường,65MT1,năm 2,3.57,Hà Nội,362,,https://drive.google.com/file/d/12QBR3hvKxeaDc_w5zWZZg_8unPoqrooZ/view?usp=drivesdk,Tôi cam kết các thông tin trên là đúng sự thật
08/02/2026,ngothilan487@gmail.com,Ngo Thi Lan,2251164487,07/03/2005,Nữ,1205000487,0212423633,ngothilan487@sv.tlu.edu.vn,Công nghệ thông tin,Trí tuệ nhân tạo,64AI1,năm 3,2.57,Lào Cai,84,"Con thương binh, liệt sỹ",https://drive.google.com/file/d/1NuzmpKWR8-N_OmAtqDllnYyhtKmVTsMP/view?usp=drivesdk,Tôi cam kết các thông tin trên là đúng sự thật
08/02/2026,tranvanbinh488@gmail.com,Tran Van Binh,2251164488,17/09/2005,Nam,1205000488,0479110304,tranvanbinh488@sv.tlu.edu.vn,Công nghệ thông tin,Mạng máy tính,64MMT1,năm 4,2.50,Hưng Yên,246,Lưu học sinh (Lào/Campuchia),https://drive.google.com/file/d/1Km79nwsSFvn6yeCkgHl-HDnzLMrbC_AF/view?usp=drivesdk,Tôi cam kết các thông tin trên là đúng sự thật
08/02/2026,buithihanh489@gmail.com,Bui Thi Hanh,2251164489,26/06/2005,Nữ,1205000489,0204530080,buithihanh489@sv.tlu.edu.vn,Kinh tế,Kinh tế xây dựng,65KTXD1,năm 1,02.02,Nam Định,74,Lưu học sinh (Lào/Campuchia),https://drive.google.com/file/d/1gAQfhGI46Nq6iFhbvaEpK9-qMKvaCAW7/view?usp=drivesdk,Tôi cam kết các thông tin trên là đúng sự thật
08/02/2026,dothimai490@gmail.com,Do Thi Mai,2251164490,09/06/2003,Nữ,1205000490,0566062884,dothimai490@sv.tlu.edu.vn,Xây dựng,Kỹ thuật xây dựng,65XDD1,năm 1,3.34,Thanh Hóa,227,,https://drive.google.com/file/d/1RHSc_Wj0McYgdZl76NLUfhjJwCN-MXUE/view?usp=drivesdk,Tôi cam kết các thông tin trên là đúng sự thật
08/02/2026,dangvankhanh491@gmail.com,Dang Van Khanh,2251164491,22/12/2003,Nam,1205000491,0977976705,dangvankhanh491@sv.tlu.edu.vn,Cơ khí,Cơ khí chế tạo,65CK1,năm 1,2.92,Hà Nội,249,"Con thương binh, liệt sỹ",https://drive.google.com/file/d/1l8FQq58_YKjYVlEN-c3GvIMXGRqSXx1U/view?usp=drivesdk,Tôi cam kết các thông tin trên là đúng sự thật
08/02/2026,dothimai492@gmail.com,Do Thi Mai,2251164492,27/05/2006,Nữ,1205000492,0282090450,dothimai492@sv.tlu.edu.vn,Công nghệ thông tin,Khoa học máy tính,64CNTT1,năm 2,3.35,Thanh Hóa,381,Vùng sâu vùng xa,https://drive.google.com/file/d/1p_SEB6w_gNDHyRLY7tHgOe8dljw3t0DZ/view?usp=drivesdk,Tôi cam kết các thông tin trên là đúng sự thật
08/02/2026,ngothilan493@gmail.com,Ngo Thi Lan,2251164493,07/06/2003,Nữ,1205000493,0003262398,ngothilan493@sv.tlu.edu.vn,Quản trị kinh doanh,Quản trị doanh nghiệp,65QTDN1,năm 3,3.40,Lào Cai,416,Sinh viên khuyết tật,https://drive.google.com/file/d/1D2gqgs89IpACAVsoA6kiHvWlE9egQP_r/view?usp=drivesdk,Tôi cam kết các thông tin trên là đúng sự thật
08/02/2026,lethidieu494@gmail.com,Le Thi Dieu,2251164494,03/06/2003,Nữ,1205000494,0635585718,lethidieu494@sv.tlu.edu.vn,Công nghệ thông tin,Mạng máy tính,64MMT1,năm 3,3.32,Hà Nội,203,Vùng sâu vùng xa,https://drive.google.com/file/d/1-dfApFMyemkzkjGvKCeAhePJ_bSCthYK/view?usp=drivesdk,Tôi cam kết các thông tin trên là đúng sự thật
08/02/2026,lethidieu495@gmail.com,Le Thi Dieu,2251164495,19/07/2004,Nữ,1205000495,0138241526,lethidieu495@sv.tlu.edu.vn,Kinh tế,Tài chính ngân hàng,65TCNH1,năm 1,2.55,Hà Nội,341,"Con thương binh, liệt sỹ",https://drive.google.com/file/d/1E6zHck1Z7D3nCHNx0XnM6wpLS2DyVOO7/view?usp=drivesdk,Tôi cam kết các thông tin trên là đúng sự thật
08/02/2026,nguyenvanan496@gmail.com,Nguyen Van An,2251164496,09/09/2006,Nam,1205000496,0615261545,nguyenvanan496@sv.tlu.edu.vn,Kinh tế,Kinh tế xây dựng,65KTXD1,năm 2,3.70,Nam Định,192,Vùng sâu vùng xa,https://drive.google.com/file/d/1I7acUr8OBNNul-ve2mtrA_xBJGLE4B0G/view?usp=drivesdk,Tôi cam kết các thông tin trên là đúng sự thật
08/02/2026,dothimai497@gmail.com,Do Thi Mai,2251164497,11/10/2006,Nữ,1205000497,0378653022,dothimai497@sv.tlu.edu.vn,Quản trị kinh doanh,Quản trị doanh nghiệp,65QTDN1,năm 2,03.04,Hưng Yên,328,,https://drive.google.com/file/d/1ZwTfAtPQvGuqnHhci3OWXrA2ED5M34nA/view?usp=drivesdk,Tôi cam kết các thông tin trên là đúng sự thật
08/02/2026,tranvanbinh498@gmail.com,Tran Van Binh,2251164498,24/08/2004,Nam,1205000498,0701312068,tranvanbinh498@sv.tlu.edu.vn,Kinh tế,Kế toán,65KT1,năm 4,2.42,Hưng Yên,60,Lưu học sinh (Lào/Campuchia),https://drive.google.com/file/d/1lWhbIVZyWhKVdXIiVvVtv1vgZGu2OFm0/view?usp=drivesdk,Tôi cam kết các thông tin trên là đúng sự thật
08/02/2026,tranvanbinh499@gmail.com,Tran Van Binh,2251164499,18/06/2006,Nam,1205000499,0763679958,tranvanbinh499@sv.tlu.edu.vn,Kinh tế,Kinh tế xây dựng,65KTXD1,năm 1,3.00,Lào Cai,236,,https://drive.google.com/file/d/1rUntLRauAPT5vqOAhKP1X_w4Bg8WaqW4/view?usp=drivesdk,Tôi cam kết các thông tin trên là đúng sự thật
08/02/2026,dothimai500@gmail.com,Do Thi Mai,2251164500,26/07/2005,Nữ,1205000500,0705311050,dothimai500@sv.tlu.edu.vn,Môi trường,Kỹ thuật môi trường,65MT1,năm 1,2.60,Hà Nội,382,,https://drive.google.com/file/d/1WCvlhf64rxebhWqWPLHkMc9_dKVDEM5a/view?usp=drivesdk,Tôi cam kết các thông tin trên là đúng sự thật
08/02/2026,buithihanh501@gmail.com,Bui Thi Hanh,2251164501,01/04/2005,Nữ,1205000501,0320486251,buithihanh501@sv.tlu.edu.vn,Ngôn ngữ học,Ngôn ngữ Trung,66NNT1,năm 4,3.20,Hà Nội,26,,https://drive.google.com/file/d/1hzzO51GhhqLn7GC4gzKQcHMnQL71Mbhg/view?usp=drivesdk,Tôi cam kết các thông tin trên là đúng sự thật
08/02/2026,nguyenvanan502@gmail.com,Nguyen Van An,2251164502,23/03/2005,Nam,1205000502,0122446917,nguyenvanan502@sv.tlu.edu.vn,Kinh tế,Tài chính ngân hàng,65TCNH1,năm 1,3.18,Nam Định,211,,https://drive.google.com/file/d/14a-4s6X8E9T_y4yOj8VAo5iFV82EUkUg/view?usp=drivesdk,Tôi cam kết các thông tin trên là đúng sự thật
08/02/2026,buithihanh503@gmail.com,Bui Thi Hanh,2251164503,14/01/2005,Nữ,1205000503,0182170793,buithihanh503@sv.tlu.edu.vn,Quản trị kinh doanh,Quản trị doanh nghiệp,65QTDN1,năm 4,3.12,Gia Lai,330,,https://drive.google.com/file/d/1PxUKKx1OfNwX9GYaWz39aGnT1rdYSqIq/view?usp=drivesdk,Tôi cam kết các thông tin trên là đúng sự thật
08/02/2026,dothimai504@gmail.com,Do Thi Mai,2251164504,16/11/2006,Nữ,1205000504,0468599421,dothimai504@sv.tlu.edu.vn,Kinh tế,Kinh tế xây dựng,65KTXD1,năm 3,2.56,Gia Lai,146,,https://drive.google.com/file/d/1byUn6KWzAcFBKQkwcU5VII5GKNTjO-jD/view?usp=drivesdk,Tôi cam kết các thông tin trên là đúng sự thật
08/02/2026,dangvankhanh505@gmail.com,Dang Van Khanh,2251164505,02/11/2006,Nam,1205000505,0569460112,dangvankhanh505@sv.tlu.edu.vn,Xây dựng,Công trình thủy,65CTT1,năm 2,3.96,Lào Cai,130,,https://drive.google.com/file/d/1GBAWjLr-PQnhWO7c3iHfn7ubxs35xwq2/view?usp=drivesdk,Tôi cam kết các thông tin trên là đúng sự thật
08/02/2026,nguyenvanan506@gmail.com,Nguyen Van An,2251164506,18/05/2004,Nam,1205000506,0183406542,nguyenvanan506@sv.tlu.edu.vn,Ngôn ngữ học,Ngôn ngữ Trung,66NNT1,năm 1,3.21,Nam Định,546,,https://drive.google.com/file/d/1jHNZ71ou7aRdECI3eQiojwBiJ2m1lgyZ/view?usp=drivesdk,Tôi cam kết các thông tin trên là đúng sự thật
08/02/2026,vuthiphuong507@gmail.com,Vu Thi Phuong,2251164507,08/01/2006,Nữ,1205000507,0023472010,vuthiphuong507@sv.tlu.edu.vn,Kinh tế,Tài chính ngân hàng,65TCNH1,năm 1,2.79,Nam Định,461,,https://drive.google.com/file/d/1PXLy5Kl3WbSaCWPO6Ahx6_WsjAbt4h-T/view?usp=drivesdk,Tôi cam kết các thông tin trên là đúng sự thật
08/02/2026,lethidieu508@gmail.com,Le Thi Dieu,2251164508,09/01/2004,Nữ,1205000508,0116923015,lethidieu508@sv.tlu.edu.vn,Kinh tế,Kinh tế xây dựng,65KTXD1,năm 1,3.46,Lào Cai,284,,https://drive.google.com/file/d/1dGc0mRETtuOXliw025lqHTNARcWFeKD7/view?usp=drivesdk,Tôi cam kết các thông tin trên là đúng sự thật
08/02/2026,lethidieu509@gmail.com,Le Thi Dieu,2251164509,19/02/2004,Nữ,1205000509,0204260372,lethidieu509@sv.tlu.edu.vn,Kinh tế,Kinh tế xây dựng,65KTXD1,năm 3,2.67,Nghệ An,579,,https://drive.google.com/file/d/1a94CJ_FDQoMSzDL_s6z2C79yB2J6GqPE/view?usp=drivesdk,Tôi cam kết các thông tin trên là đúng sự thật
08/02/2026,dangvankhanh510@gmail.com,Dang Van Khanh,2251164510,03/03/2005,Nam,1205000510,0576616659,dangvankhanh510@sv.tlu.edu.vn,Công nghệ thông tin,Mạng máy tính,64MMT1,năm 1,3.44,Thanh Hóa,138,,https://drive.google.com/file/d/1cD9pijXo8BZxxWQsbI85WJxZTuMoyxfi/view?usp=drivesdk,Tôi cam kết các thông tin trên là đúng sự thật
08/02/2026,tranvanbinh511@gmail.com,Tran Van Binh,2251164511,07/01/2006,Nam,1205000511,0957538984,tranvanbinh511@sv.tlu.edu.vn,Quản trị kinh doanh,Marketing,65MKT1,năm 3,3.74,Thanh Hóa,131,,https://drive.google.com/file/d/13O0K7geWGRqhMcnwd6xOoi_DTPhJ-zSV/view?usp=drivesdk,Tôi cam kết các thông tin trên là đúng sự thật
08/02/2026,buithihanh512@gmail.com,Bui Thi Hanh,2251164512,31/05/2006,Nữ,1205000512,0950272190,buithihanh512@sv.tlu.edu.vn,Công nghệ thông tin,Trí tuệ nhân tạo,64AI1,năm 1,2.95,Nam Định,368,,https://drive.google.com/file/d/1QRcXo0mVXUaMg0UH5ghm78wS3q6JoXnf/view?usp=drivesdk,Tôi cam kết các thông tin trên là đúng sự thật
08/02/2026,buithihanh513@gmail.com,Bui Thi Hanh,2251164513,18/09/2005,Nữ,1205000513,0138894852,buithihanh513@sv.tlu.edu.vn,Kinh tế,Kinh tế xây dựng,65KTXD1,năm 1,2.81,Gia Lai,504,,https://drive.google.com/file/d/1EI7Z3aCqZRC3cM0V0OrlTTACrml3Hus6/view?usp=drivesdk,Tôi cam kết các thông tin trên là đúng sự thật
08/02/2026,ngothilan514@gmail.com,Ngo Thi Lan,2251164514,10/01/2003,Nữ,1205000514,0507427310,ngothilan514@sv.tlu.edu.vn,Kinh tế,Kế toán,65KT1,năm 2,3.95,Lào Cai,311,,https://drive.google.com/file/d/1tM4fl0l2y0CdKcWj-zGpE_7LSJCvLQJl/view?usp=drivesdk,Tôi cam kết các thông tin trên là đúng sự thật
08/02/2026,nguyenvanan515@gmail.com,Nguyen Van An,2251164515,11/06/2005,Nam,1205000515,0379246491,nguyenvanan515@sv.tlu.edu.vn,Cơ khí,Cơ khí chế tạo,65CK1,năm 1,2.85,Nam Định,484,,https://drive.google.com/file/d/1GgiIYTRPJ6GxjWME-9ok_2uR_FegXXGW/view?usp=drivesdk,Tôi cam kết các thông tin trên là đúng sự thật
08/02/2026,dothimai516@gmail.com,Do Thi Mai,2251164516,10/06/2006,Nữ,1205000516,0897127418,dothimai516@sv.tlu.edu.vn,Công nghệ thông tin,Trí tuệ nhân tạo,64AI1,năm 2,3.27,Hưng Yên,585,,https://drive.google.com/file/d/1QqdMUD4MJRgWhx1IT6CfkaQuHdxmE_J6/view?usp=drivesdk,Tôi cam kết các thông tin trên là đúng sự thật
08/02/2026,vuthiphuong517@gmail.com,Vu Thi Phuong,2251164517,26/03/2005,Nữ,1205000517,0994260651,vuthiphuong517@sv.tlu.edu.vn,Công nghệ thông tin,Trí tuệ nhân tạo,64AI1,năm 3,3.92,Hưng Yên,189,,https://drive.google.com/file/d/1wFf9nchqDiNXN0Kr7NdVImGwOtH9H5EN/view?usp=drivesdk,Tôi cam kết các thông tin trên là đúng sự thật
08/02/2026,tranvanbinh518@gmail.com,Tran Van Binh,2251164518,15/06/2004,Nam,1205000518,0189580719,tranvanbinh518@sv.tlu.edu.vn,Kinh tế,Kế toán,65KT1,năm 1,3.35,Lào Cai,301,,https://drive.google.com/file/d/1VwXCSfzY0aP2nlzKKh9QXohM2jAU6ERQ/view?usp=drivesdk,Tôi cam kết các thông tin trên là đúng sự thật
08/02/2026,buithihanh519@gmail.com,Bui Thi Hanh,2251164519,30/09/2004,Nữ,1205000519,0413135472,buithihanh519@sv.tlu.edu.vn,Điện – Điện tử,Kỹ thuật điện,65D1,năm 4,03.02,Nam Định,51,,https://drive.google.com/file/d/1MGMQev4c_utikSL0DRHdwulqNyIcBFfv/view?usp=drivesdk,Tôi cam kết các thông tin trên là đúng sự thật
08/02/2026,dangvankhanh520@gmail.com,Dang Van Khanh,2251164520,13/01/2006,Nam,1205000520,0691266665,dangvankhanh520@sv.tlu.edu.vn,Kinh tế,Kế toán,65KT1,năm 2,03.06,Nam Định,396,,https://drive.google.com/file/d/1ZufbQQe6_azACri7jzz_OO9b6xxREn3C/view?usp=drivesdk,Tôi cam kết các thông tin trên là đúng sự thật
08/02/2026,vuthiphuong521@gmail.com,Vu Thi Phuong,2251164521,07/11/2003,Nữ,1205000521,0036004295,vuthiphuong521@sv.tlu.edu.vn,Kinh tế,Tài chính ngân hàng,65TCNH1,năm 3,2.93,Gia Lai,515,,https://drive.google.com/file/d/1VAr0lGuYK8JlzTnsBrMu7g5_4YL-uTrq/view?usp=drivesdk,Tôi cam kết các thông tin trên là đúng sự thật
08/02/2026,dangvankhanh522@gmail.com,Dang Van Khanh,2251164522,04/06/2005,Nam,1205000522,0345742535,dangvankhanh522@sv.tlu.edu.vn,Kinh tế,Tài chính ngân hàng,65TCNH1,năm 1,3.15,Hưng Yên,288,,https://drive.google.com/file/d/13pKkK7fUb5Qv9PWPjcsHfPOOlVf-x-cL/view?usp=drivesdk,Tôi cam kết các thông tin trên là đúng sự thật
08/02/2026,phamvancuong523@gmail.com,Pham Van Cuong,2251164523,08/07/2003,Nam,1205000523,0176768520,phamvancuong523@sv.tlu.edu.vn,Ngôn ngữ học,Ngôn ngữ Trung,66NNT1,năm 2,3.24,Nghệ An,207,,https://drive.google.com/file/d/1PmmQWpB-KLwrUIulOAFADGdhyBxm1Gny/view?usp=drivesdk,Tôi cam kết các thông tin trên là đúng sự thật
08/02/2026,hoangvanlong524@gmail.com,Hoang Van Long,2251164524,20/04/2004,Nam,1205000524,0113840175,hoangvanlong524@sv.tlu.edu.vn,Công nghệ thông tin,Hệ thống thông tin,64HTTT2,năm 1,3.97,Thanh Hóa,214,,https://drive.google.com/file/d/1XkQZenBUZj8shERbnBOJebL7CqbKZr3Z/view?usp=drivesdk,Tôi cam kết các thông tin trên là đúng sự thật
08/02/2026,tranvanbinh525@gmail.com,Tran Van Binh,2251164525,07/08/2003,Nam,1205000525,0723460052,tranvanbinh525@sv.tlu.edu.vn,Công nghệ thông tin,Trí tuệ nhân tạo,64AI1,năm 2,2.97,Gia Lai,260,,https://drive.google.com/file/d/1hBNIKOxxws9-Bjl6rUwbJZkv7gnwWisi/view?usp=drivesdk,Tôi cam kết các thông tin trên là đúng sự thật
08/02/2026,ngothilan526@gmail.com,Ngo Thi Lan,2251164526,02/03/2003,Nữ,1205000526,0870984170,ngothilan526@sv.tlu.edu.vn,Quản trị kinh doanh,Quản trị doanh nghiệp,65QTDN1,năm 3,2.88,Hưng Yên,116,,https://drive.google.com/file/d/14HhAgofeUVa4Z5J8zYD2czbU0SnqJg--/view?usp=drivesdk,Tôi cam kết các thông tin trên là đúng sự thật
08/02/2026,dangvankhanh527@gmail.com,Dang Van Khanh,2251164527,23/11/2004,Nam,1205000527,0262218396,dangvankhanh527@sv.tlu.edu.vn,Công nghệ thông tin,Hệ thống thông tin,64HTTT2,năm 4,3.70,Hưng Yên,275,,https://drive.google.com/file/d/10gTlIsTBIPUxqpFZPtI7v0xNIsJs4LSO/view?usp=drivesdk,Tôi cam kết các thông tin trên là đúng sự thật
08/02/2026,ngothilan528@gmail.com,Ngo Thi Lan,2251164528,14/07/2004,Nữ,1205000528,0480284447,ngothilan528@sv.tlu.edu.vn,Công nghệ thông tin,Trí tuệ nhân tạo,64AI1,năm 4,3.86,Nghệ An,262,,https://drive.google.com/file/d/1EkijH3fhM6jXDR6ItfGy1prPb4Fm7Ksy/view?usp=drivesdk,Tôi cam kết các thông tin trên là đúng sự thật
08/02/2026,buithihanh529@gmail.com,Bui Thi Hanh,2251164529,28/07/2006,Nữ,1205000529,0358047104,buithihanh529@sv.tlu.edu.vn,Cơ khí,Cơ khí chế tạo,65CK1,năm 1,3.53,Nam Định,356,,https://drive.google.com/file/d/192_7L4TAG8RRjx243MEiwEzpUkCyy_UN/view?usp=drivesdk,Tôi cam kết các thông tin trên là đúng sự thật
08/02/2026,nguyenvanan530@gmail.com,Nguyen Van An,2251164530,30/09/2005,Nam,1205000530,0539922815,nguyenvanan530@sv.tlu.edu.vn,Công nghệ thông tin,Hệ thống thông tin,64HTTT2,năm 1,3.41,Nam Định,100,,https://drive.google.com/file/d/1UJXUeTFJbHIk-4wKmDdZaJUdfIhH-4w8/view?usp=drivesdk,Tôi cam kết các thông tin trên là đúng sự thật
08/02/2026,nguyenvanan531@gmail.com,Nguyen Van An,2251164531,08/11/2005,Nam,1205000531,0415947210,nguyenvanan531@sv.tlu.edu.vn,Công nghệ thông tin,Khoa học máy tính,64CNTT1,năm 3,3.67,Hưng Yên,318,,https://drive.google.com/file/d/1UBoW5zTbn9M9OvCAF3G8HxhoKAkzZ2ZR/view?usp=drivesdk,Tôi cam kết các thông tin trên là đúng sự thật
08/02/2026,buithihanh532@gmail.com,Bui Thi Hanh,2251164532,08/04/2004,Nữ,1205000532,0202144425,buithihanh532@sv.tlu.edu.vn,Quản trị kinh doanh,Marketing,65MKT1,năm 3,2.68,Thanh Hóa,51,,https://drive.google.com/file/d/1irG307YhLeEjn83iUE4E6dSIWX3I9j-s/view?usp=drivesdk,Tôi cam kết các thông tin trên là đúng sự thật
08/02/2026,ngothilan533@gmail.com,Ngo Thi Lan,2251164533,28/07/2005,Nữ,1205000533,0234895185,ngothilan533@sv.tlu.edu.vn,Xây dựng,Kỹ thuật xây dựng,65XDD1,năm 3,3.68,Nghệ An,135,,https://drive.google.com/file/d/1KXl4PNBQlS2pmedMXz31HESkbHR9x3uD/view?usp=drivesdk,Tôi cam kết các thông tin trên là đúng sự thật
08/02/2026,ngothilan534@gmail.com,Ngo Thi Lan,2251164534,21/09/2006,Nữ,1205000534,0285226466,ngothilan534@sv.tlu.edu.vn,Quản trị kinh doanh,Marketing,65MKT1,năm 1,3.14,Lào Cai,573,,https://drive.google.com/file/d/1JCLBa3Sb3lwhz1bvAbZKZM5PUTZcdfsl/view?usp=drivesdk,Tôi cam kết các thông tin trên là đúng sự thật
08/02/2026,nguyenvanan535@gmail.com,Nguyen Van An,2251164535,21/05/2006,Nam,1205000535,0299796913,nguyenvanan535@sv.tlu.edu.vn,Công nghệ thông tin,Kỹ thuật phần mềm,64KTPM1,năm 4,2.28,Thanh Hóa,350,,https://drive.google.com/file/d/1-h3nJftB14yNh9Shq9T_2-ufHoLg8Ma3/view?usp=drivesdk,Tôi cam kết các thông tin trên là đúng sự thật
08/02/2026,lethidieu536@gmail.com,Le Thi Dieu,2251164536,18/04/2004,Nữ,1205000536,0865358350,lethidieu536@sv.tlu.edu.vn,Quản trị kinh doanh,Marketing,65MKT1,năm 4,3.35,Nam Định,126,,https://drive.google.com/file/d/10nF-5cJNvDxcfh071sgyF-mm3FCvM331/view?usp=drivesdk,Tôi cam kết các thông tin trên là đúng sự thật
08/02/2026,hoangvanlong537@gmail.com,Hoang Van Long,2251164537,09/06/2006,Nam,1205000537,0268294157,hoangvanlong537@sv.tlu.edu.vn,Công nghệ thông tin,Kỹ thuật phần mềm,64KTPM1,năm 1,2.98,Hưng Yên,136,,https://drive.google.com/file/d/1bQhrrpQxCrspOh8zLGdyzlxowPP6ZTqC/view?usp=drivesdk,Tôi cam kết các thông tin trên là đúng sự thật
08/02/2026,vuthiphuong538@gmail.com,Vu Thi Phuong,2251164538,24/04/2004,Nữ,1205000538,0043061895,vuthiphuong538@sv.tlu.edu.vn,Công nghệ thông tin,Trí tuệ nhân tạo,64AI1,năm 1,3.31,Hà Nội,197,,https://drive.google.com/file/d/1lCaVgv4nNzKqTDxJ47bIRmOYR5t4-HOD/view?usp=drivesdk,Tôi cam kết các thông tin trên là đúng sự thật
08/02/2026,tranvanbinh539@gmail.com,Tran Van Binh,2251164539,18/08/2006,Nam,1205000539,0658227554,tranvanbinh539@sv.tlu.edu.vn,Xây dựng,Công trình thủy,65CTT1,năm 2,3.18,Gia Lai,223,,https://drive.google.com/file/d/1BmOVYVZ3BDSTKrZtqepFfCF1D6-_a1Hw/view?usp=drivesdk,Tôi cam kết các thông tin trên là đúng sự thật
08/02/2026,nguyenvanan540@gmail.com,Nguyen Van An,2251164540,07/06/2006,Nam,1205000540,0338304710,nguyenvanan540@sv.tlu.edu.vn,Kinh tế,Tài chính ngân hàng,65TCNH1,năm 4,3.88,Nam Định,44,,https://drive.google.com/file/d/1bTh3qiKZRec_J-K1HJq6C2XPmEBXpSxh/view?usp=drivesdk,Tôi cam kết các thông tin trên là đúng sự thật
08/02/2026,lethidieu541@gmail.com,Le Thi Dieu,2251164541,21/01/2005,Nữ,1205000541,0392064658,lethidieu541@sv.tlu.edu.vn,Xây dựng,Kỹ thuật xây dựng,65XDD1,năm 2,2.95,Nam Định,318,,https://drive.google.com/file/d/1jqyRWx-8ZdNOTQBUCEpcDBQFKU9qJCpk/view?usp=drivesdk,Tôi cam kết các thông tin trên là đúng sự thật
08/02/2026,nguyenvanan542@gmail.com,Nguyen Van An,2251164542,07/02/2005,Nam,1205000542,0041648411,nguyenvanan542@sv.tlu.edu.vn,Công nghệ thông tin,Kỹ thuật phần mềm,64KTPM1,năm 1,03.06,Nghệ An,535,,https://drive.google.com/file/d/1ZSDSwv7GB7wSZhttTvlZaxLq1WuVHkqc/view?usp=drivesdk,Tôi cam kết các thông tin trên là đúng sự thật
08/02/2026,dangvankhanh543@gmail.com,Dang Van Khanh,2251164543,08/01/2003,Nam,1205000543,0057969437,dangvankhanh543@sv.tlu.edu.vn,Cơ khí,Cơ khí chế tạo,65CK1,năm 4,2.26,Nam Định,256,,https://drive.google.com/file/d/1S6MVp7NJxunM5Ua681gUU5NLRcwZDev0/view?usp=drivesdk,Tôi cam kết các thông tin trên là đúng sự thật
08/02/2026,vuthiphuong544@gmail.com,Vu Thi Phuong,2251164544,28/01/2004,Nữ,1205000544,0702676536,vuthiphuong544@sv.tlu.edu.vn,Công nghệ thông tin,Hệ thống thông tin,64HTTT2,năm 1,3.46,Thanh Hóa,247,,https://drive.google.com/file/d/1TZsVwo4SGIwdEPKwxuMo5x_r24Pyow6E/view?usp=drivesdk,Tôi cam kết các thông tin trên là đúng sự thật
08/02/2026,ngothilan545@gmail.com,Ngo Thi Lan,2251164545,13/07/2005,Nữ,1205000545,0423450883,ngothilan545@sv.tlu.edu.vn,Môi trường,Kỹ thuật môi trường,65MT1,năm 3,2.62,Nam Định,220,,https://drive.google.com/file/d/1pTlnIONkYjrAEpTNHED2XzU5c03I3jIy/view?usp=drivesdk,Tôi cam kết các thông tin trên là đúng sự thật
08/02/2026,lethidieu546@gmail.com,Le Thi Dieu,2251164546,09/04/2006,Nữ,1205000546,0855144945,lethidieu546@sv.tlu.edu.vn,Cơ khí,Cơ khí chế tạo,65CK1,năm 1,2.60,Hà Nội,272,,https://drive.google.com/file/d/1joo4Rx61SpIIy1z-05oGZPygLzbmK45n/view?usp=drivesdk,Tôi cam kết các thông tin trên là đúng sự thật
08/02/2026,dangvankhanh547@gmail.com,Dang Van Khanh,2251164547,06/01/2006,Nam,1205000547,0323130227,dangvankhanh547@sv.tlu.edu.vn,Ngôn ngữ học,Ngôn ngữ Trung,66NNT1,năm 2,3.29,Hưng Yên,13,,https://drive.google.com/file/d/1zlSv7ifseQGO20tzaYXWnNvGwoVRZ-Ue/view?usp=drivesdk,Tôi cam kết các thông tin trên là đúng sự thật
08/02/2026,phamvancuong548@gmail.com,Pham Van Cuong,2251164548,14/04/2005,Nam,1205000548,0807648907,phamvancuong548@sv.tlu.edu.vn,Điện – Điện tử,Kỹ thuật điện,65D1,năm 1,3.53,Hà Nội,302,,https://drive.google.com/file/d/18dskLYTMNmYFRZHk0INASaPda-cktOLK/view?usp=drivesdk,Tôi cam kết các thông tin trên là đúng sự thật
08/02/2026,dangvankhanh549@gmail.com,Dang Van Khanh,2251164549,25/11/2005,Nam,1205000549,0569267211,dangvankhanh549@sv.tlu.edu.vn,Công nghệ thông tin,Khoa học máy tính,64CNTT1,năm 1,2.70,Gia Lai,193,,https://drive.google.com/file/d/1xvXC9zpPzDZHmHYN1LT_maptQQ4bMgyr/view?usp=drivesdk,Tôi cam kết các thông tin trên là đúng sự thật
08/02/2026,dothimai550@gmail.com,Do Thi Mai,2251164550,30/04/2005,Nữ,1205000550,0429293192,dothimai550@sv.tlu.edu.vn,Quản trị kinh doanh,Marketing,65MKT1,năm 2,2.21,Gia Lai,532,,https://drive.google.com/file/d/1_o1410bZSmMPiFgoKT9aPeKxAYVozmGM/view?usp=drivesdk,Tôi cam kết các thông tin trên là đúng sự thật
08/02/2026,lethidieu551@gmail.com,Le Thi Dieu,2251164551,23/06/2003,Nữ,1205000551,0935531053,lethidieu551@sv.tlu.edu.vn,Công nghệ thông tin,Kỹ thuật phần mềm,64KTPM1,năm 1,2.89,Hưng Yên,308,,https://drive.google.com/file/d/10DYqubLpldmPpRfhtPjq2EZunCUV02wU/view?usp=drivesdk,Tôi cam kết các thông tin trên là đúng sự thật
08/02/2026,tranvanbinh552@gmail.com,Tran Van Binh,2251164552,19/01/2004,Nam,1205000552,0256394288,tranvanbinh552@sv.tlu.edu.vn,Công nghệ thông tin,Hệ thống thông tin,64HTTT2,năm 1,2.74,Thanh Hóa,334,,https://drive.google.com/file/d/1uh2wMoCHTrEWgIyAWJ6nafzi-vYFdMQA/view?usp=drivesdk,Tôi cam kết các thông tin trên là đúng sự thật
08/02/2026,buithihanh553@gmail.com,Bui Thi Hanh,2251164553,27/03/2004,Nữ,1205000553,0728322069,buithihanh553@sv.tlu.edu.vn,Kinh tế,Kinh tế xây dựng,65KTXD1,năm 3,3.99,Nam Định,7,,https://drive.google.com/file/d/1BTEicbnvEHMc-DdnDqeMnlgiyBvXn-wl/view?usp=drivesdk,Tôi cam kết các thông tin trên là đúng sự thật
08/02/2026,vuthiphuong554@gmail.com,Vu Thi Phuong,2251164554,03/05/2004,Nữ,1205000554,0796414773,vuthiphuong554@sv.tlu.edu.vn,Kinh tế,Kế toán,65KT1,năm 1,3.80,Gia Lai,267,,https://drive.google.com/file/d/1bpA69DrRHJTBKyiGMdK0MC-dElgf40zG/view?usp=drivesdk,Tôi cam kết các thông tin trên là đúng sự thật
08/02/2026,buithihanh555@gmail.com,Bui Thi Hanh,2251164555,21/07/2005,Nữ,1205000555,0743015873,buithihanh555@sv.tlu.edu.vn,Môi trường,Kỹ thuật môi trường,65MT1,năm 1,2.73,Nam Định,439,,https://drive.google.com/file/d/1Hr4Vu-ck26FLFx_S1cEXX071LYPw-wrG/view?usp=drivesdk,Tôi cam kết các thông tin trên là đúng sự thật
08/02/2026,vuthiphuong556@gmail.com,Vu Thi Phuong,2251164556,24/11/2004,Nữ,1205000556,0462499166,vuthiphuong556@sv.tlu.edu.vn,Công nghệ thông tin,Kỹ thuật phần mềm,64KTPM1,năm 2,2.79,Gia Lai,132,,https://drive.google.com/file/d/157c_E7zn8U4iQFZom21m2aoM1t0xz16i/view?usp=drivesdk,Tôi cam kết các thông tin trên là đúng sự thật
08/02/2026,lethidieu557@gmail.com,Le Thi Dieu,2251164557,12/05/2004,Nữ,1205000557,0125586480,lethidieu557@sv.tlu.edu.vn,Công nghệ thông tin,Kỹ thuật phần mềm,64KTPM1,năm 1,2.15,Lào Cai,587,,https://drive.google.com/file/d/1xq2s6HIw7jAYCbxAbHQ1I-7pzNnjQKr4/view?usp=drivesdk,Tôi cam kết các thông tin trên là đúng sự thật
08/02/2026,dangvankhanh558@gmail.com,Dang Van Khanh,2251164558,23/06/2004,Nam,1205000558,0842597450,dangvankhanh558@sv.tlu.edu.vn,Môi trường,Kỹ thuật môi trường,65MT1,năm 1,2.87,Hà Nội,318,,https://drive.google.com/file/d/11P4cP2mhPVmhxr5o2BxgOzpc1nakEbwE/view?usp=drivesdk,Tôi cam kết các thông tin trên là đúng sự thật
08/02/2026,vuthiphuong559@gmail.com,Vu Thi Phuong,2251164559,17/06/2005,Nữ,1205000559,0547860099,vuthiphuong559@sv.tlu.edu.vn,Kinh tế,Kinh tế xây dựng,65KTXD1,năm 1,3.51,Lào Cai,404,,https://drive.google.com/file/d/1-2gZSk5yyLIOoCOO9nztckVVREId1DfQ/view?usp=drivesdk,Tôi cam kết các thông tin trên là đúng sự thật
08/02/2026,phamvancuong560@gmail.com,Pham Van Cuong,2251164560,11/04/2004,Nam,1205000560,0365226490,phamvancuong560@sv.tlu.edu.vn,Xây dựng,Công trình thủy,65CTT1,năm 1,3.26,Lào Cai,229,,https://drive.google.com/file/d/1PhecLOBs-XAxSMflXRMEmIinGDnDxxSj/view?usp=drivesdk,Tôi cam kết các thông tin trên là đúng sự thật
08/02/2026,nguyenvanan561@gmail.com,Nguyen Van An,2251164561,27/12/2005,Nam,1205000561,0200873574,nguyenvanan561@sv.tlu.edu.vn,Ngôn ngữ học,Ngôn ngữ Anh,66NNA1,năm 1,3.38,Hà Nội,403,,https://drive.google.com/file/d/1h1_sdZwTRV-4QvHXSsf4Jz4Swfr926Gd/view?usp=drivesdk,Tôi cam kết các thông tin trên là đúng sự thật
08/02/2026,dangvankhanh562@gmail.com,Dang Van Khanh,2251164562,22/10/2003,Nam,1205000562,0256313486,dangvankhanh562@sv.tlu.edu.vn,Công nghệ thông tin,Mạng máy tính,64MMT1,năm 1,2.73,Lào Cai,486,,https://drive.google.com/file/d/14OdLs81f1Mgb3ZtBSJhxICRdB-VD_W5a/view?usp=drivesdk,Tôi cam kết các thông tin trên là đúng sự thật
08/02/2026,dangvankhanh563@gmail.com,Dang Van Khanh,2251164563,01/07/2005,Nam,1205000563,0970845438,dangvankhanh563@sv.tlu.edu.vn,Điện – Điện tử,Kỹ thuật điện,65D1,năm 1,2.69,Hà Nội,486,,https://drive.google.com/file/d/1WI4ESTfH6v9qOFtGB26pOJNnXNrGin3S/view?usp=drivesdk,Tôi cam kết các thông tin trên là đúng sự thật
08/02/2026,vuthiphuong564@gmail.com,Vu Thi Phuong,2251164564,22/03/2004,Nữ,1205000564,0338533507,vuthiphuong564@sv.tlu.edu.vn,Quản trị kinh doanh,Marketing,65MKT1,năm 1,03.09,Lào Cai,459,,https://drive.google.com/file/d/1fTOv742nK4R1V5zuH-Kl5yfMmAhhO6WL/view?usp=drivesdk,Tôi cam kết các thông tin trên là đúng sự thật
08/02/2026,dothimai565@gmail.com,Do Thi Mai,2251164565,13/10/2003,Nữ,1205000565,0606284228,dothimai565@sv.tlu.edu.vn,Ngôn ngữ học,Ngôn ngữ Anh,66NNA1,năm 1,2.87,Nam Định,155,,https://drive.google.com/file/d/1q1CnT7nTkhEqCgiAEtXVrCw2XRGzGqT4/view?usp=drivesdk,Tôi cam kết các thông tin trên là đúng sự thật
08/02/2026,hoangvanlong566@gmail.com,Hoang Van Long,2251164566,09/09/2003,Nam,1205000566,0495531424,hoangvanlong566@sv.tlu.edu.vn,Xây dựng,Công trình thủy,65CTT1,năm 3,3.97,Nghệ An,242,,https://drive.google.com/file/d/1KqvX44PD_yrp4ABAUzqaG3lfDZ8OnHpc/view?usp=drivesdk,Tôi cam kết các thông tin trên là đúng sự thật
08/02/2026,ngothilan567@gmail.com,Ngo Thi Lan,2251164567,21/08/2003,Nữ,1205000567,0578438460,ngothilan567@sv.tlu.edu.vn,Kinh tế,Kế toán,65KT1,năm 1,2.83,Hà Nội,250,,https://drive.google.com/file/d/15rWhx36k3QKhsEElfasQ_6LH5Oe6D1N6/view?usp=drivesdk,Tôi cam kết các thông tin trên là đúng sự thật
08/02/2026,hoangvanlong568@gmail.com,Hoang Van Long,2251164568,22/08/2006,Nam,1205000568,0916584782,hoangvanlong568@sv.tlu.edu.vn,Công nghệ thông tin,Trí tuệ nhân tạo,64AI1,năm 4,2.17,Hà Nội,311,,https://drive.google.com/file/d/1_yw55FjwrfsTXAPGdF3rGwdziBpuUmka/view?usp=drivesdk,Tôi cam kết các thông tin trên là đúng sự thật
08/02/2026,hoangvanlong569@gmail.com,Hoang Van Long,2251164569,21/01/2006,Nam,1205000569,0238849579,hoangvanlong569@sv.tlu.edu.vn,Điện – Điện tử,Kỹ thuật điện,65D1,năm 4,3.26,Lào Cai,41,,https://drive.google.com/file/d/1DLAzYYGx_Y6kFda1WTb9T2SftLKjLZ5h/view?usp=drivesdk,Tôi cam kết các thông tin trên là đúng sự thật
08/02/2026,nguyenvanan570@gmail.com,Nguyen Van An,2251164570,22/10/2005,Nam,1205000570,0072446030,nguyenvanan570@sv.tlu.edu.vn,Điện – Điện tử,Kỹ thuật điện,65D1,năm 1,2.61,Thanh Hóa,498,,https://drive.google.com/file/d/1Yvz5YH1w-VoYsO6BWZKgOZ8N0FDQ0Jba/view?usp=drivesdk,Tôi cam kết các thông tin trên là đúng sự thật
08/02/2026,ngothilan571@gmail.com,Ngo Thi Lan,2251164571,20/01/2005,Nữ,1205000571,0890405613,ngothilan571@sv.tlu.edu.vn,Xây dựng,Công trình thủy,65CTT1,năm 1,03.03,Nghệ An,396,,https://drive.google.com/file/d/12ehn76VVykobzBAuDRTphujWpH3OriWR/view?usp=drivesdk,Tôi cam kết các thông tin trên là đúng sự thật
08/02/2026,dangvankhanh572@gmail.com,Dang Van Khanh,2251164572,27/12/2003,Nam,1205000572,0326594481,dangvankhanh572@sv.tlu.edu.vn,Công nghệ thông tin,Khoa học máy tính,64CNTT1,năm 1,3.68,Hưng Yên,451,,https://drive.google.com/file/d/1jbTsUmFA2KOGOLzV1d3aipCZiaTladBw/view?usp=drivesdk,Tôi cam kết các thông tin trên là đúng sự thật
08/02/2026,ngothilan573@gmail.com,Ngo Thi Lan,2251164573,21/12/2005,Nữ,1205000573,0455659718,ngothilan573@sv.tlu.edu.vn,Công nghệ thông tin,Kỹ thuật phần mềm,64KTPM1,năm 2,3.54,Hưng Yên,116,,https://drive.google.com/file/d/1E58WMMPpdA6h6Om4Upp6L4QkRn9TuiKv/view?usp=drivesdk,Tôi cam kết các thông tin trên là đúng sự thật
08/02/2026,dothimai574@gmail.com,Do Thi Mai,2251164574,13/09/2004,Nữ,1205000574,0364521190,dothimai574@sv.tlu.edu.vn,Công nghệ thông tin,Hệ thống thông tin,64HTTT2,năm 4,3.44,Nghệ An,310,,https://drive.google.com/file/d/1me0W866xvFq3Ii3T9XjosrcP3E7LFEi-/view?usp=drivesdk,Tôi cam kết các thông tin trên là đúng sự thật
08/02/2026,ngothilan575@gmail.com,Ngo Thi Lan,2251164575,22/06/2005,Nữ,1205000575,0719479403,ngothilan575@sv.tlu.edu.vn,Cơ khí,Cơ khí chế tạo,65CK1,năm 1,3.37,Nghệ An,526,,https://drive.google.com/file/d/1xr6lP1heulG93m0j_OBzYkpng5BjEVb8/view?usp=drivesdk,Tôi cam kết các thông tin trên là đúng sự thật
08/02/2026,nguyenvanan576@gmail.com,Nguyen Van An,2251164576,20/03/2004,Nam,1205000576,0657642442,nguyenvanan576@sv.tlu.edu.vn,Công nghệ thông tin,Khoa học máy tính,64CNTT1,năm 1,2.58,Nghệ An,157,,https://drive.google.com/file/d/102bA7NGPhG1nSuVeoN7wXaXwz9uNl6_K/view?usp=drivesdk,Tôi cam kết các thông tin trên là đúng sự thật
08/02/2026,dangvankhanh577@gmail.com,Dang Van Khanh,2251164577,20/06/2005,Nam,1205000577,0422779867,dangvankhanh577@sv.tlu.edu.vn,Công nghệ thông tin,Hệ thống thông tin,64HTTT2,năm 3,3.19,Hưng Yên,125,,https://drive.google.com/file/d/1ZcDL-KR5py6mUrmoKrYRi5T-nFIx9xyp/view?usp=drivesdk,Tôi cam kết các thông tin trên là đúng sự thật
08/02/2026,hoangvanlong578@gmail.com,Hoang Van Long,2251164578,14/03/2005,Nam,1205000578,0849585897,hoangvanlong578@sv.tlu.edu.vn,Môi trường,Kỹ thuật môi trường,65MT1,năm 3,2.90,Gia Lai,265,,https://drive.google.com/file/d/1iiE3c0BJyHWHQiItP6lTwvf7LZT9k0lA/view?usp=drivesdk,Tôi cam kết các thông tin trên là đúng sự thật
08/02/2026,tranvanbinh579@gmail.com,Tran Van Binh,2251164579,27/07/2006,Nam,1205000579,0485365106,tranvanbinh579@sv.tlu.edu.vn,Kinh tế,Kế toán,65KT1,năm 3,3.37,Hà Nội,229,,https://drive.google.com/file/d/1sADJkZrgxjMW_kH2UTzbw1mYdRG9Sw2w/view?usp=drivesdk,Tôi cam kết các thông tin trên là đúng sự thật
08/02/2026,tranvanbinh580@gmail.com,Tran Van Binh,2251164580,24/09/2006,Nam,1205000580,0817580137,tranvanbinh580@sv.tlu.edu.vn,Điện – Điện tử,Kỹ thuật điện,65D1,năm 1,2.72,Lào Cai,485,,https://drive.google.com/file/d/1PGmdXPWiF7C5m6FMEXCT0fTr-p_dax62/view?usp=drivesdk,Tôi cam kết các thông tin trên là đúng sự thật
08/02/2026,buithihanh581@gmail.com,Bui Thi Hanh,2251164581,26/01/2003,Nữ,1205000581,0463148499,buithihanh581@sv.tlu.edu.vn,Quản trị kinh doanh,Quản trị doanh nghiệp,65QTDN1,năm 1,3.81,Gia Lai,442,,https://drive.google.com/file/d/1BN6hxlAIiSujObGjrmq3ANrTDPeyh5te/view?usp=drivesdk,Tôi cam kết các thông tin trên là đúng sự thật
08/02/2026,lethidieu582@gmail.com,Le Thi Dieu,2251164582,01/05/2003,Nữ,1205000582,0036711245,lethidieu582@sv.tlu.edu.vn,Công nghệ thông tin,Khoa học máy tính,64CNTT1,năm 1,2.51,Nghệ An,502,,https://drive.google.com/file/d/1BumBfX2o2DnhnisWt1NF3Zqxktifl45U/view?usp=drivesdk,Tôi cam kết các thông tin trên là đúng sự thật
08/02/2026,vuthiphuong583@gmail.com,Vu Thi Phuong,2251164583,15/12/2003,Nữ,1205000583,0293456545,vuthiphuong583@sv.tlu.edu.vn,Ngôn ngữ học,Ngôn ngữ Anh,66NNA1,năm 2,03.08,Thanh Hóa,196,,https://drive.google.com/file/d/1HfXFa6gTDSvsIelm20zvJ56VXSkXRjwo/view?usp=drivesdk,Tôi cam kết các thông tin trên là đúng sự thật
08/02/2026,hoangvanlong584@gmail.com,Hoang Van Long,2251164584,12/02/2003,Nam,1205000584,0703590616,hoangvanlong584@sv.tlu.edu.vn,Quản trị kinh doanh,Marketing,65MKT1,năm 1,3.52,Nghệ An,353,,https://drive.google.com/file/d/1ezfSJ41WKqk1bkZhfQ5YuRaCJruC4isg/view?usp=drivesdk,Tôi cam kết các thông tin trên là đúng sự thật
08/02/2026,nguyenvanan585@gmail.com,Nguyen Van An,2251164585,11/07/2006,Nam,1205000585,0074151818,nguyenvanan585@sv.tlu.edu.vn,Điện – Điện tử,Kỹ thuật điện,65D1,năm 2,3.20,Nghệ An,240,,https://drive.google.com/file/d/13MzEzmWiJjpeL_AXsejPq8tjZVouo0fE/view?usp=drivesdk,Tôi cam kết các thông tin trên là đúng sự thật
08/02/2026,buithihanh586@gmail.com,Bui Thi Hanh,2251164586,30/09/2006,Nữ,1205000586,0415309617,buithihanh586@sv.tlu.edu.vn,Công nghệ thông tin,Trí tuệ nhân tạo,64AI1,năm 1,2.83,Hà Nội,568,,https://drive.google.com/file/d/1i3G2z2VCk1zZ3p0Vhtoo9Vs_fwMStJ0I/view?usp=drivesdk,Tôi cam kết các thông tin trên là đúng sự thật
08/02/2026,ngothilan587@gmail.com,Ngo Thi Lan,2251164587,16/11/2004,Nữ,1205000587,0825774170,ngothilan587@sv.tlu.edu.vn,Xây dựng,Công trình thủy,65CTT1,năm 2,03.06,Thanh Hóa,46,,https://drive.google.com/file/d/1MUdqd81Hj-3U-EOxcDe_1hwxyYyI0hsM/view?usp=drivesdk,Tôi cam kết các thông tin trên là đúng sự thật
08/02/2026,buithihanh588@gmail.com,Bui Thi Hanh,2251164588,11/05/2006,Nữ,1205000588,0734450664,buithihanh588@sv.tlu.edu.vn,Kinh tế,Tài chính ngân hàng,65TCNH1,năm 1,2.71,Thanh Hóa,428,,https://drive.google.com/file/d/1wiP5QtsBuJtQn5dzdfT_59mgNAnGqLSj/view?usp=drivesdk,Tôi cam kết các thông tin trên là đúng sự thật
08/02/2026,tranvanbinh589@gmail.com,Tran Van Binh,2251164589,23/11/2006,Nam,1205000589,0810327375,tranvanbinh589@sv.tlu.edu.vn,Kinh tế,Tài chính ngân hàng,65TCNH1,năm 2,2.85,Thanh Hóa,276,,https://drive.google.com/file/d/1-m5jx8tWgREJwZwGdFmiNd1dD4barqyy/view?usp=drivesdk,Tôi cam kết các thông tin trên là đúng sự thật
08/02/2026,dangvankhanh590@gmail.com,Dang Van Khanh,2251164590,02/10/2006,Nam,1205000590,0246469186,dangvankhanh590@sv.tlu.edu.vn,Công nghệ thông tin,Khoa học máy tính,64CNTT1,năm 1,2.68,Gia Lai,216,,https://drive.google.com/file/d/1xVGF0N2t67dFG6lJZaUk9BpupS2Wt7Fl/view?usp=drivesdk,Tôi cam kết các thông tin trên là đúng sự thật
08/02/2026,hoangvanlong591@gmail.com,Hoang Van Long,2251164591,22/03/2006,Nam,1205000591,0288927761,hoangvanlong591@sv.tlu.edu.vn,Kinh tế,Kế toán,65KT1,năm 4,3.70,Gia Lai,88,,https://drive.google.com/file/d/1vZo0xXLYW_Reo_xD7rSmyft0DjApnZVU/view?usp=drivesdk,Tôi cam kết các thông tin trên là đúng sự thật
08/02/2026,hoangvanlong592@gmail.com,Hoang Van Long,2251164592,08/05/2005,Nam,1205000592,0692608544,hoangvanlong592@sv.tlu.edu.vn,Cơ khí,Cơ khí chế tạo,65CK1,năm 4,3.13,Gia Lai,177,,https://drive.google.com/file/d/1RW2xDSgZB26C8nMDMNkuHqlrg96LSks_/view?usp=drivesdk,Tôi cam kết các thông tin trên là đúng sự thật
08/02/2026,dangvankhanh593@gmail.com,Dang Van Khanh,2251164593,24/06/2006,Nam,1205000593,0560119618,dangvankhanh593@sv.tlu.edu.vn,Công nghệ thông tin,Trí tuệ nhân tạo,64AI1,năm 1,2.79,Hà Nội,401,,https://drive.google.com/file/d/1VYpB6NX86r5dgyNSHyJORCqm7R0EULUu/view?usp=drivesdk,Tôi cam kết các thông tin trên là đúng sự thật
08/02/2026,nguyenvanan594@gmail.com,Nguyen Van An,2251164594,16/01/2004,Nam,1205000594,0878139240,nguyenvanan594@sv.tlu.edu.vn,Công nghệ thông tin,Trí tuệ nhân tạo,64AI1,năm 1,2.90,Thanh Hóa,588,,https://drive.google.com/file/d/12-VV0Y6hQTKh_pYU7L0k8ZPdigzTFyAm/view?usp=drivesdk,Tôi cam kết các thông tin trên là đúng sự thật
08/02/2026,ngothilan595@gmail.com,Ngo Thi Lan,2251164595,10/12/2004,Nữ,1205000595,0811286285,ngothilan595@sv.tlu.edu.vn,Kinh tế,Kinh tế xây dựng,65KTXD1,năm 3,03.03,Gia Lai,531,,https://drive.google.com/file/d/1Jg7sa2NUDlIv1T_IdDxO0voa0hlhK5i8/view?usp=drivesdk,Tôi cam kết các thông tin trên là đúng sự thật
08/02/2026,lethidieu596@gmail.com,Le Thi Dieu,2251164596,16/09/2003,Nữ,1205000596,0931995689,lethidieu596@sv.tlu.edu.vn,Kinh tế,Kế toán,65KT1,năm 2,3.90,Nghệ An,145,,https://drive.google.com/file/d/1ap3_X9G_za0cHUwMi2BrLXR9L8xdgs9I/view?usp=drivesdk,Tôi cam kết các thông tin trên là đúng sự thật
08/02/2026,lethidieu597@gmail.com,Le Thi Dieu,2251164597,16/05/2006,Nữ,1205000597,0181126364,lethidieu597@sv.tlu.edu.vn,Ngôn ngữ học,Ngôn ngữ Trung,66NNT1,năm 4,03.06,Nam Định,190,,https://drive.google.com/file/d/1imrczqS2A9r3MB2HQrFv1GU6m0sC-q9m/view?usp=drivesdk,Tôi cam kết các thông tin trên là đúng sự thật
08/02/2026,dangvankhanh598@gmail.com,Dang Van Khanh,2251164598,02/11/2003,Nam,1205000598,0702126626,dangvankhanh598@sv.tlu.edu.vn,Ngôn ngữ học,Ngôn ngữ Trung,66NNT1,năm 4,3.23,Nghệ An,17,,https://drive.google.com/file/d/1HHnvV2iTabTO0Ic2yU5LuDvbKZGjwcym/view?usp=drivesdk,Tôi cam kết các thông tin trên là đúng sự thật
08/02/2026,buithihanh599@gmail.com,Bui Thi Hanh,2251164599,12/06/2005,Nữ,1205000599,0252191393,buithihanh599@sv.tlu.edu.vn,Cơ khí,Cơ khí chế tạo,65CK1,năm 2,03.06,Hưng Yên,291,,https://drive.google.com/file/d/1K14gBnNzCSwFPXAumdPmhoX2Zqa7XVLN/view?usp=drivesdk,Tôi cam kết các thông tin trên là đúng sự thật
08/02/2026,phamvancuong600@gmail.com,Pham Van Cuong,2251164600,07/05/2004,Nam,1205000600,0847900754,phamvancuong600@sv.tlu.edu.vn,Môi trường,Kỹ thuật môi trường,65MT1,năm 1,3.65,Nghệ An,417,,https://drive.google.com/file/d/12CRg6Smu2A64x6SV292NQp8gsaSOlndC/view?usp=drivesdk,Tôi cam kết các thông tin trên là đúng sự thật
08/02/2026,lethidieu601@gmail.com,Le Thi Dieu,2251164601,26/10/2005,Nữ,1205000601,0569185136,lethidieu601@sv.tlu.edu.vn,Công nghệ thông tin,Trí tuệ nhân tạo,64AI1,năm 1,2.77,Gia Lai,485,,https://drive.google.com/file/d/1dlRBWgjvO-JddFXxvssLG-jkBvzpHn8_/view?usp=drivesdk,Tôi cam kết các thông tin trên là đúng sự thật
08/02/2026,ngothilan602@gmail.com,Ngo Thi Lan,2251164602,14/05/2005,Nữ,1205000602,0387698424,ngothilan602@sv.tlu.edu.vn,Kinh tế,Kế toán,65KT1,năm 1,3.83,Nam Định,159,,https://drive.google.com/file/d/1u4-jT1mkmsBR2C6YMXFNZywvYnh_ZjsY/view?usp=drivesdk,Tôi cam kết các thông tin trên là đúng sự thật
08/02/2026,buithihanh603@gmail.com,Bui Thi Hanh,2251164603,10/10/2004,Nữ,1205000603,0619924367,buithihanh603@sv.tlu.edu.vn,Điện – Điện tử,Kỹ thuật điện,65D1,năm 3,3.46,Lào Cai,109,,https://drive.google.com/file/d/1alK3fp9CVblHG0LiXbCkvViEaFrqkSdC/view?usp=drivesdk,Tôi cam kết các thông tin trên là đúng sự thật
08/02/2026,dangvankhanh604@gmail.com,Dang Van Khanh,2251164604,19/11/2003,Nam,1205000604,0460461615,dangvankhanh604@sv.tlu.edu.vn,Công nghệ thông tin,Kỹ thuật phần mềm,64KTPM1,năm 1,3.91,Thanh Hóa,295,,https://drive.google.com/file/d/1Kjl2yX1SO04NjwTZ8zdhPDcI0DQ3vgDc/view?usp=drivesdk,Tôi cam kết các thông tin trên là đúng sự thật
08/02/2026,buithihanh605@gmail.com,Bui Thi Hanh,2251164605,14/10/2003,Nữ,1205000605,0817643794,buithihanh605@sv.tlu.edu.vn,Kinh tế,Kinh tế xây dựng,65KTXD1,năm 1,3.47,Nam Định,221,,https://drive.google.com/file/d/1c1GRTMLXOD6zpdAM9t_hZatX6ion04Hv/view?usp=drivesdk,Tôi cam kết các thông tin trên là đúng sự thật
08/02/2026,buithihanh606@gmail.com,Bui Thi Hanh,2251164606,04/01/2004,Nữ,1205000606,0714775274,buithihanh606@sv.tlu.edu.vn,Công nghệ thông tin,Khoa học máy tính,64CNTT1,năm 3,3.56,Thanh Hóa,28,,https://drive.google.com/file/d/161lZc02r6CD7Z8Qgnc9w7w-PLjDikHi_/view?usp=drivesdk,Tôi cam kết các thông tin trên là đúng sự thật
08/02/2026,phamvancuong607@gmail.com,Pham Van Cuong,2251164607,21/02/2006,Nam,1205000607,0392272938,phamvancuong607@sv.tlu.edu.vn,Công nghệ thông tin,Khoa học máy tính,64CNTT1,năm 1,3.30,Lào Cai,243,,https://drive.google.com/file/d/1lYMsgdFPkepqYIcjo6OS1rSxA4zduNdR/view?usp=drivesdk,Tôi cam kết các thông tin trên là đúng sự thật
08/02/2026,lethidieu608@gmail.com,Le Thi Dieu,2251164608,13/06/2006,Nữ,1205000608,0059130080,lethidieu608@sv.tlu.edu.vn,Công nghệ thông tin,Kỹ thuật phần mềm,64KTPM1,năm 1,2.64,Nghệ An,239,,https://drive.google.com/file/d/1j-3NFP_b4BJx6dQA1X7kESzQ9wkcZ1yJ/view?usp=drivesdk,Tôi cam kết các thông tin trên là đúng sự thật
08/02/2026,dothimai609@gmail.com,Do Thi Mai,2251164609,20/09/2006,Nữ,1205000609,0327958033,dothimai609@sv.tlu.edu.vn,Công nghệ thông tin,Trí tuệ nhân tạo,64AI1,năm 4,2.84,Thanh Hóa,589,,https://drive.google.com/file/d/1i1aM-8yVKYXqkHBHLcUnkGR_teFky6jR/view?usp=drivesdk,Tôi cam kết các thông tin trên là đúng sự thật
08/02/2026,dangvankhanh610@gmail.com,Dang Van Khanh,2251164610,21/07/2005,Nam,1205000610,0821649382,dangvankhanh610@sv.tlu.edu.vn,Ngôn ngữ học,Ngôn ngữ Trung,66NNT1,năm 1,2.45,Lào Cai,370,,https://drive.google.com/file/d/1KyTwXqPfoRLkAUnDOH3SOecP7PVfQwsw/view?usp=drivesdk,Tôi cam kết các thông tin trên là đúng sự thật
08/02/2026,lethidieu611@gmail.com,Le Thi Dieu,2251164611,09/11/2003,Nữ,1205000611,0316478380,lethidieu611@sv.tlu.edu.vn,Cơ khí,Cơ khí chế tạo,65CK1,năm 1,3.24,Lào Cai,169,,https://drive.google.com/file/d/19eib-KQDueXrJCUQmyP_HC--Z6XEbpL1/view?usp=drivesdk,Tôi cam kết các thông tin trên là đúng sự thật
08/02/2026,nguyenvanan612@gmail.com,Nguyen Van An,2251164612,16/12/2004,Nam,1205000612,0983153355,nguyenvanan612@sv.tlu.edu.vn,Ngôn ngữ học,Ngôn ngữ Trung,66NNT1,năm 1,2.63,Nghệ An,176,,https://drive.google.com/file/d/1CUq18vNUPYlNRkCM3NPLcBL49baQZd9Y/view?usp=drivesdk,Tôi cam kết các thông tin trên là đúng sự thật
08/02/2026,dothimai613@gmail.com,Do Thi Mai,2251164613,08/05/2003,Nữ,1205000613,0962988674,dothimai613@sv.tlu.edu.vn,Kinh tế,Kế toán,65KT1,năm 1,3.88,Gia Lai,292,,https://drive.google.com/file/d/1sr2NcvCl1UEt3nmRbztQHMBAtf7ZS8Zz/view?usp=drivesdk,Tôi cam kết các thông tin trên là đúng sự thật
08/02/2026,nguyenvanan614@gmail.com,Nguyen Van An,2251164614,22/03/2005,Nam,1205000614,0797438607,nguyenvanan614@sv.tlu.edu.vn,Công nghệ thông tin,Trí tuệ nhân tạo,64AI1,năm 1,2.86,Gia Lai,171,,https://drive.google.com/file/d/1cC98YfSGzKNwSwcCKOcLWMcCAQxxELyh/view?usp=drivesdk,Tôi cam kết các thông tin trên là đúng sự thật
08/02/2026,buithihanh615@gmail.com,Bui Thi Hanh,2251164615,12/06/2006,Nữ,1205000615,0489119966,buithihanh615@sv.tlu.edu.vn,Công nghệ thông tin,Kỹ thuật phần mềm,64KTPM1,năm 3,2.84,Nam Định,157,,https://drive.google.com/file/d/1R2E2d9IfVOSK7zQ2wojtQJdZEZLM7xtJ/view?usp=drivesdk,Tôi cam kết các thông tin trên là đúng sự thật
08/02/2026,vuthiphuong616@gmail.com,Vu Thi Phuong,2251164616,28/01/2006,Nữ,1205000616,0678783901,vuthiphuong616@sv.tlu.edu.vn,Công nghệ thông tin,Mạng máy tính,64MMT1,năm 4,3.76,Nghệ An,173,,https://drive.google.com/file/d/1QNkjOs_lzT-fMzlui4O2iVPvgo7FhRWR/view?usp=drivesdk,Tôi cam kết các thông tin trên là đúng sự thật
08/02/2026,lethidieu617@gmail.com,Le Thi Dieu,2251164617,31/05/2003,Nữ,1205000617,0330451703,lethidieu617@sv.tlu.edu.vn,Công nghệ thông tin,Kỹ thuật phần mềm,64KTPM1,năm 3,3.36,Hà Nội,347,,https://drive.google.com/file/d/16NO6Ot5A_jJikQ5XmT685zceMZEhZELI/view?usp=drivesdk,Tôi cam kết các thông tin trên là đúng sự thật
08/02/2026,hoangvanlong618@gmail.com,Hoang Van Long,2251164618,26/01/2003,Nam,1205000618,0024067292,hoangvanlong618@sv.tlu.edu.vn,Công nghệ thông tin,Trí tuệ nhân tạo,64AI1,năm 1,3.91,Lào Cai,580,,https://drive.google.com/file/d/1hB2GjxHz7p-jWVV9IOkYEs7yby2Wm4sz/view?usp=drivesdk,Tôi cam kết các thông tin trên là đúng sự thật
08/02/2026,tranvanbinh619@gmail.com,Tran Van Binh,2251164619,29/06/2004,Nam,1205000619,0524880010,tranvanbinh619@sv.tlu.edu.vn,Quản trị kinh doanh,Marketing,65MKT1,năm 1,3.50,Thanh Hóa,179,,https://drive.google.com/file/d/1z2xLKnoaqzD2g3exxJaEjBZeRyu6S76Y/view?usp=drivesdk,Tôi cam kết các thông tin trên là đúng sự thật
08/02/2026,dothimai620@gmail.com,Do Thi Mai,2251164620,21/01/2006,Nữ,1205000620,0026635926,dothimai620@sv.tlu.edu.vn,Kinh tế,Tài chính ngân hàng,65TCNH1,năm 4,3.61,Nam Định,145,,https://drive.google.com/file/d/1sHaphEadsgEwAVHMI3d5B_SQ-nGmsO1-/view?usp=drivesdk,Tôi cam kết các thông tin trên là đúng sự thật
08/02/2026,buithihanh621@gmail.com,Bui Thi Hanh,2251164621,30/01/2004,Nữ,1205000621,0183753033,buithihanh621@sv.tlu.edu.vn,Quản trị kinh doanh,Marketing,65MKT1,năm 4,2.89,Gia Lai,27,,https://drive.google.com/file/d/10Rjk4d6hE-Pcz1WDy_t0-rewxCldOOsV/view?usp=drivesdk,Tôi cam kết các thông tin trên là đúng sự thật
08/02/2026,vuthiphuong622@gmail.com,Vu Thi Phuong,2251164622,18/11/2006,Nữ,1205000622,0402470685,vuthiphuong622@sv.tlu.edu.vn,Quản trị kinh doanh,Quản trị doanh nghiệp,65QTDN1,năm 3,3.33,Lào Cai,245,,https://drive.google.com/file/d/1F_6V3qiFU5wjsQbTrjFvbfAqs0WiE8qK/view?usp=drivesdk,Tôi cam kết các thông tin trên là đúng sự thật
08/02/2026,dangvankhanh623@gmail.com,Dang Van Khanh,2251164623,01/06/2004,Nam,1205000623,0222702410,dangvankhanh623@sv.tlu.edu.vn,Ngôn ngữ học,Ngôn ngữ Anh,66NNA1,năm 1,02.04,Nam Định,309,,https://drive.google.com/file/d/1clt067SSP1YErlre8AxaikfRaCuEieN-/view?usp=drivesdk,Tôi cam kết các thông tin trên là đúng sự thật
08/02/2026,vuthiphuong624@gmail.com,Vu Thi Phuong,2251164624,02/07/2004,Nữ,1205000624,0788034491,vuthiphuong624@sv.tlu.edu.vn,Công nghệ thông tin,Trí tuệ nhân tạo,64AI1,năm 2,3.84,Hưng Yên,90,,https://drive.google.com/file/d/1O2y77RMUNxTlCSpZj1_QCI5zohtvxRqf/view?usp=drivesdk,Tôi cam kết các thông tin trên là đúng sự thật
08/02/2026,dothimai625@gmail.com,Do Thi Mai,2251164625,04/01/2006,Nữ,1205000625,0381835907,dothimai625@sv.tlu.edu.vn,Kinh tế,Tài chính ngân hàng,65TCNH1,năm 1,3.96,Hà Nội,408,,https://drive.google.com/file/d/1Gq7SqvUawDuXJ1KOF5cwIJGOfwkGpm2S/view?usp=drivesdk,Tôi cam kết các thông tin trên là đúng sự thật
08/02/2026,ngothilan626@gmail.com,Ngo Thi Lan,2251164626,09/09/2006,Nữ,1205000626,0995491349,ngothilan626@sv.tlu.edu.vn,Môi trường,Kỹ thuật môi trường,65MT1,năm 1,3.64,Thanh Hóa,363,,https://drive.google.com/file/d/1QqgMiZZvwCzgFvnrvkTnnDkPXnrdFfv1/view?usp=drivesdk,Tôi cam kết các thông tin trên là đúng sự thật
08/02/2026,dangvankhanh627@gmail.com,Dang Van Khanh,2251164627,17/08/2004,Nam,1205000627,0117823426,dangvankhanh627@sv.tlu.edu.vn,Môi trường,Kỹ thuật môi trường,65MT1,năm 2,2.93,Hà Nội,201,,https://drive.google.com/file/d/1-tTRJfqk_-Veq5FdPi6ZDcugL8O-mh31/view?usp=drivesdk,Tôi cam kết các thông tin trên là đúng sự thật
08/02/2026,tranvanbinh628@gmail.com,Tran Van Binh,2251164628,07/04/2004,Nam,1205000628,0269976485,tranvanbinh628@sv.tlu.edu.vn,Xây dựng,Công trình thủy,65CTT1,năm 1,03.03,Thanh Hóa,335,,https://drive.google.com/file/d/1QcrtPLYf0X_vtcJcv4TUFBA21IPZMXok/view?usp=drivesdk,Tôi cam kết các thông tin trên là đúng sự thật
08/02/2026,hoangvanlong629@gmail.com,Hoang Van Long,2251164629,06/10/2004,Nam,1205000629,0054223181,hoangvanlong629@sv.tlu.edu.vn,Cơ khí,Cơ khí chế tạo,65CK1,năm 2,3.38,Thanh Hóa,576,,https://drive.google.com/file/d/15dUfWxqNyjLtZ0-htjWm2zTCmwjFMNMS/view?usp=drivesdk,Tôi cam kết các thông tin trên là đúng sự thật
08/02/2026,dangvankhanh630@gmail.com,Dang Van Khanh,2251164630,07/07/2006,Nam,1205000630,0221941778,dangvankhanh630@sv.tlu.edu.vn,Kinh tế,Kế toán,65KT1,năm 1,3.87,Lào Cai,458,,https://drive.google.com/file/d/1v45zj6UWlLMoGYcJWVdLYaw8nw9zLJp9/view?usp=drivesdk,Tôi cam kết các thông tin trên là đúng sự thật
08/02/2026,dangvankhanh631@gmail.com,Dang Van Khanh,2251164631,10/08/2006,Nam,1205000631,0395616422,dangvankhanh631@sv.tlu.edu.vn,Cơ khí,Cơ khí chế tạo,65CK1,năm 4,3.00,Hà Nội,186,,https://drive.google.com/file/d/1yzfp6u3VQCgNqaD4lTsL-zP5WX6OmuMx/view?usp=drivesdk,Tôi cam kết các thông tin trên là đúng sự thật
08/02/2026,vuthiphuong632@gmail.com,Vu Thi Phuong,2251164632,06/04/2006,Nữ,1205000632,0229291497,vuthiphuong632@sv.tlu.edu.vn,Kinh tế,Kế toán,65KT1,năm 1,3.79,Thanh Hóa,404,,https://drive.google.com/file/d/1xP4yEXORaoNtx1TcZ7sMfFaEkpxC00yY/view?usp=drivesdk,Tôi cam kết các thông tin trên là đúng sự thật
08/02/2026,nguyenvanan633@gmail.com,Nguyen Van An,2251164633,11/03/2006,Nam,1205000633,0216237453,nguyenvanan633@sv.tlu.edu.vn,Xây dựng,Công trình thủy,65CTT1,năm 1,3.43,Thanh Hóa,555,,https://drive.google.com/file/d/16gcEz7CgsYb7mm0y3oKwHVU9io_gPw8H/view?usp=drivesdk,Tôi cam kết các thông tin trên là đúng sự thật
08/02/2026,tranvanbinh634@gmail.com,Tran Van Binh,2251164634,20/04/2004,Nam,1205000634,0238263505,tranvanbinh634@sv.tlu.edu.vn,Công nghệ thông tin,Mạng máy tính,64MMT1,năm 1,3.61,Hưng Yên,514,,https://drive.google.com/file/d/1BLdD6Ed5lkBC029d9iRzfRY3000WG4_W/view?usp=drivesdk,Tôi cam kết các thông tin trên là đúng sự thật
08/02/2026,dothimai635@gmail.com,Do Thi Mai,2251164635,26/10/2005,Nữ,1205000635,0021318357,dothimai635@sv.tlu.edu.vn,Kinh tế,Kinh tế xây dựng,65KTXD1,năm 3,2.44,Gia Lai,310,,https://drive.google.com/file/d/1Pq2Jb9fSM6nEJVwJjlsAda7JW-kyZ8zb/view?usp=drivesdk,Tôi cam kết các thông tin trên là đúng sự thật
08/02/2026,ngothilan636@gmail.com,Ngo Thi Lan,2251164636,20/02/2004,Nữ,1205000636,0397074787,ngothilan636@sv.tlu.edu.vn,Công nghệ thông tin,Mạng máy tính,64MMT1,năm 4,3.25,Lào Cai,198,,https://drive.google.com/file/d/1W2c6XxTo8NuQrysJyyXW-ZLjFlHzsL1I/view?usp=drivesdk,Tôi cam kết các thông tin trên là đúng sự thật
08/02/2026,lethidieu637@gmail.com,Le Thi Dieu,2251164637,14/05/2005,Nữ,1205000637,0062570449,lethidieu637@sv.tlu.edu.vn,Kinh tế,Tài chính ngân hàng,65TCNH1,năm 4,3.76,Nam Định,168,,https://drive.google.com/file/d/1p9oTo8LUw1KlnLdFGtfPQZdIrhUkFSkV/view?usp=drivesdk,Tôi cam kết các thông tin trên là đúng sự thật
08/02/2026,phamvancuong638@gmail.com,Pham Van Cuong,2251164638,16/09/2004,Nam,1205000638,0663768789,phamvancuong638@sv.tlu.edu.vn,Điện – Điện tử,Kỹ thuật điện,65D1,năm 1,3.89,Lào Cai,556,,https://drive.google.com/file/d/1rZ19S2V6kciMdrhimaNDgydz1hdtBfrY/view?usp=drivesdk,Tôi cam kết các thông tin trên là đúng sự thật
08/02/2026,vuthiphuong639@gmail.com,Vu Thi Phuong,2251164639,31/05/2005,Nữ,1205000639,0057602664,vuthiphuong639@sv.tlu.edu.vn,Ngôn ngữ học,Ngôn ngữ Trung,66NNT1,năm 4,3.83,Lào Cai,292,,https://drive.google.com/file/d/1SKzpXxqhHzTw6GMwWhqmovwpvBGlWiRM/view?usp=drivesdk,Tôi cam kết các thông tin trên là đúng sự thật
08/02/2026,nguyenvanan640@gmail.com,Nguyen Van An,2251164640,01/10/2004,Nam,1205000640,0899448331,nguyenvanan640@sv.tlu.edu.vn,Cơ khí,Cơ khí chế tạo,65CK1,năm 4,2.21,Lào Cai,330,,https://drive.google.com/file/d/1X5Bzsvw7z4Ax024n6OaD93gzyO5aZP7i/view?usp=drivesdk,Tôi cam kết các thông tin trên là đúng sự thật
08/02/2026,vuthiphuong641@gmail.com,Vu Thi Phuong,2251164641,10/08/2005,Nữ,1205000641,0091061922,vuthiphuong641@sv.tlu.edu.vn,Công nghệ thông tin,Hệ thống thông tin,64HTTT2,năm 2,3.33,Thanh Hóa,329,,https://drive.google.com/file/d/1HhhBky8ZaJSdjnY-Ln9bYhW-6pBh1M0p/view?usp=drivesdk,Tôi cam kết các thông tin trên là đúng sự thật
08/02/2026,dothimai642@gmail.com,Do Thi Mai,2251164642,05/09/2005,Nữ,1205000642,0297089197,dothimai642@sv.tlu.edu.vn,Kinh tế,Tài chính ngân hàng,65TCNH1,năm 4,3.69,Hưng Yên,383,,https://drive.google.com/file/d/1Oyi13K7JXtIqPei7NsIy0zohYKl56EGW/view?usp=drivesdk,Tôi cam kết các thông tin trên là đúng sự thật
08/02/2026,phamvancuong643@gmail.com,Pham Van Cuong,2251164643,03/03/2005,Nam,1205000643,0878254516,phamvancuong643@sv.tlu.edu.vn,Ngôn ngữ học,Ngôn ngữ Anh,66NNA1,năm 4,3.61,Nam Định,270,,https://drive.google.com/file/d/1SDjqZ_NGGG7dkdw3oqv2VGTYpZv8Q8tq/view?usp=drivesdk,Tôi cam kết các thông tin trên là đúng sự thật
08/02/2026,ngothilan644@gmail.com,Ngo Thi Lan,2251164644,10/03/2005,Nữ,1205000644,0872686531,ngothilan644@sv.tlu.edu.vn,Cơ khí,Cơ khí chế tạo,65CK1,năm 2,2.67,Thanh Hóa,309,,https://drive.google.com/file/d/1t87UP15XyJqbMccIceiVXU2C5WaF6LQe/view?usp=drivesdk,Tôi cam kết các thông tin trên là đúng sự thật
08/02/2026,dangvankhanh645@gmail.com,Dang Van Khanh,2251164645,02/11/2006,Nam,1205000645,0928554893,dangvankhanh645@sv.tlu.edu.vn,Công nghệ thông tin,Mạng máy tính,64MMT1,năm 1,2.59,Nam Định,590,,https://drive.google.com/file/d/1mqS_4ZeKOLeoiJe_qFVZhlIzVTt2LdhY/view?usp=drivesdk,Tôi cam kết các thông tin trên là đúng sự thật
08/02/2026,buithihanh646@gmail.com,Bui Thi Hanh,2251164646,19/04/2004,Nữ,1205000646,0123456783,buithihanh646@sv.tlu.edu.vn,Kinh tế,Kinh tế xây dựng,65KTXD1,năm 1,3.71,Lào Cai,346,,https://drive.google.com/file/d/1KaqvqD7fnhre3pg90qiiaUs0xoRRInbB/view?usp=drivesdk,Tôi cam kết các thông tin trên là đúng sự thật
08/02/2026,ngothilan647@gmail.com,Ngo Thi Lan,2251164647,09/02/2006,Nữ,1205000647,0298535501,ngothilan647@sv.tlu.edu.vn,Công nghệ thông tin,Khoa học máy tính,64CNTT1,năm 1,3.25,Lào Cai,367,,https://drive.google.com/file/d/15JvHaPbp7RYjJ4VmIHmK1nS1dETGVSwh/view?usp=drivesdk,Tôi cam kết các thông tin trên là đúng sự thật
08/02/2026,buithihanh648@gmail.com,Bui Thi Hanh,2251164648,15/05/2004,Nữ,1205000648,0535414874,buithihanh648@sv.tlu.edu.vn,Quản trị kinh doanh,Quản trị doanh nghiệp,65QTDN1,năm 4,2.24,Hưng Yên,154,,https://drive.google.com/file/d/1cQm-6sGLIhSSWO0CFv2ecTHkqR8Cpz4z/view?usp=drivesdk,Tôi cam kết các thông tin trên là đúng sự thật
08/02/2026,buithihanh649@gmail.com,Bui Thi Hanh,2251164649,29/05/2006,Nữ,1205000649,0981905864,buithihanh649@sv.tlu.edu.vn,Xây dựng,Kỹ thuật xây dựng,65XDD1,năm 1,2.55,Gia Lai,410,,https://drive.google.com/file/d/1alHkb6HLLSS4rigjEnzkcBQJkfKT7aKP/view?usp=drivesdk,Tôi cam kết các thông tin trên là đúng sự thật
08/02/2026,ngothilan650@gmail.com,Ngo Thi Lan,2251164650,17/09/2003,Nữ,1205000650,0394788707,ngothilan650@sv.tlu.edu.vn,Công nghệ thông tin,Kỹ thuật phần mềm,64KTPM1,năm 1,2.59,Hưng Yên,184,,https://drive.google.com/file/d/1EVUFcE3DBL7dc7itOZgWjmuLkjDifll1/view?usp=drivesdk,Tôi cam kết các thông tin trên là đúng sự thật
08/02/2026,phamvancuong651@gmail.com,Pham Van Cuong,2251164651,25/07/2003,Nam,1205000651,0698818385,phamvancuong651@sv.tlu.edu.vn,Cơ khí,Cơ khí chế tạo,65CK1,năm 1,3.91,Gia Lai,274,,https://drive.google.com/file/d/1axqAVzm880SOskdc9WsGjfAQIQITjw_W/view?usp=drivesdk,Tôi cam kết các thông tin trên là đúng sự thật
08/02/2026,dothimai652@gmail.com,Do Thi Mai,2251164652,16/08/2004,Nữ,1205000652,0125116709,dothimai652@sv.tlu.edu.vn,Cơ khí,Cơ khí chế tạo,65CK1,năm 1,3.12,Lào Cai,385,,https://drive.google.com/file/d/1r4kRwbMifCit1HCmoFFNI2PBu1anHylr/view?usp=drivesdk,Tôi cam kết các thông tin trên là đúng sự thật
08/02/2026,nguyenvanan653@gmail.com,Nguyen Van An,2251164653,31/05/2005,Nam,1205000653,0817170870,nguyenvanan653@sv.tlu.edu.vn,Công nghệ thông tin,Kỹ thuật phần mềm,64KTPM1,năm 4,3.27,Hưng Yên,127,,https://drive.google.com/file/d/1m6E1tRvCAUWk8n4oDZSB14N5Ix7fzLya/view?usp=drivesdk,Tôi cam kết các thông tin trên là đúng sự thật
08/02/2026,nguyenvanan654@gmail.com,Nguyen Van An,2251164654,30/07/2004,Nam,1205000654,0178876838,nguyenvanan654@sv.tlu.edu.vn,Kinh tế,Tài chính ngân hàng,65TCNH1,năm 3,2.81,Hà Nội,51,,https://drive.google.com/file/d/1R5vXZ-HvSMKH8gJD8OleA-eibAoOCvpi/view?usp=drivesdk,Tôi cam kết các thông tin trên là đúng sự thật
08/02/2026,ngothilan655@gmail.com,Ngo Thi Lan,2251164655,04/03/2003,Nữ,1205000655,0960954071,ngothilan655@sv.tlu.edu.vn,Ngôn ngữ học,Ngôn ngữ Anh,66NNA1,năm 1,3.89,Hưng Yên,521,,https://drive.google.com/file/d/1Nnxp-tEav4y-dttZnLSQZe4nEth0eUfK/view?usp=drivesdk,Tôi cam kết các thông tin trên là đúng sự thật
08/02/2026,lethidieu656@gmail.com,Le Thi Dieu,2251164656,15/11/2004,Nữ,1205000656,0374421449,lethidieu656@sv.tlu.edu.vn,Công nghệ thông tin,Kỹ thuật phần mềm,64KTPM1,năm 1,2.81,Nghệ An,534,,https://drive.google.com/file/d/1BrPP1JJCsabs7VFm6aW-fG2koK0qJFy8/view?usp=drivesdk,Tôi cam kết các thông tin trên là đúng sự thật
08/02/2026,nguyenvanan657@gmail.com,Nguyen Van An,2251164657,01/04/2004,Nam,1205000657,0557882117,nguyenvanan657@sv.tlu.edu.vn,Công nghệ thông tin,Khoa học máy tính,64CNTT1,năm 1,2.83,Nam Định,329,,https://drive.google.com/file/d/1uT2NC1CFIegpo-CRBpLxkQKVO28Y2Swm/view?usp=drivesdk,Tôi cam kết các thông tin trên là đúng sự thật
08/02/2026,vuthiphuong658@gmail.com,Vu Thi Phuong,2251164658,06/08/2006,Nữ,1205000658,0557176517,vuthiphuong658@sv.tlu.edu.vn,Kinh tế,Kinh tế xây dựng,65KTXD1,năm 1,2.88,Hưng Yên,204,,https://drive.google.com/file/d/1gfHxdkbrzWQCnYzCV-Vn_LtU6Q8lzkyF/view?usp=drivesdk,Tôi cam kết các thông tin trên là đúng sự thật
08/02/2026,ngothilan659@gmail.com,Ngo Thi Lan,2251164659,13/06/2004,Nữ,1205000659,0699071332,ngothilan659@sv.tlu.edu.vn,Kinh tế,Kế toán,65KT1,năm 1,3.89,Lào Cai,100,,https://drive.google.com/file/d/1L0XIPcML4px8djwUqNgPaDNkuKP_tCwy/view?usp=drivesdk,Tôi cam kết các thông tin trên là đúng sự thật
08/02/2026,lethidieu660@gmail.com,Le Thi Dieu,2251164660,29/07/2006,Nữ,1205000660,0897286757,lethidieu660@sv.tlu.edu.vn,Công nghệ thông tin,Khoa học máy tính,64CNTT1,năm 2,3.96,Gia Lai,296,,https://drive.google.com/file/d/1c26HSswpE9ET8P4Ev2c1qw04FL0A4o7Q/view?usp=drivesdk,Tôi cam kết các thông tin trên là đúng sự thật
08/02/2026,tranvanbinh661@gmail.com,Tran Van Binh,2251164661,28/03/2005,Nam,1205000661,0726318926,tranvanbinh661@sv.tlu.edu.vn,Công nghệ thông tin,Hệ thống thông tin,64HTTT2,năm 3,3.49,Nghệ An,29,,https://drive.google.com/file/d/1PVX97seZmQzyhQOFi42D6VsGOKWcBTfs/view?usp=drivesdk,Tôi cam kết các thông tin trên là đúng sự thật
08/02/2026,buithihanh662@gmail.com,Bui Thi Hanh,2251164662,23/09/2005,Nữ,1205000662,0679059168,buithihanh662@sv.tlu.edu.vn,Ngôn ngữ học,Ngôn ngữ Anh,66NNA1,năm 4,2.58,Hưng Yên,474,,https://drive.google.com/file/d/1COTAMBonlGcllpJvKwbhUIbQBE0a-snu/view?usp=drivesdk,Tôi cam kết các thông tin trên là đúng sự thật
08/02/2026,phamvancuong663@gmail.com,Pham Van Cuong,2251164663,24/10/2004,Nam,1205000663,0255310646,phamvancuong663@sv.tlu.edu.vn,Cơ khí,Cơ khí chế tạo,65CK1,năm 1,3.19,Lào Cai,427,,https://drive.google.com/file/d/1vigHWtmdUfrZ4zhpGIgo0AE3wNKMe0Hc/view?usp=drivesdk,Tôi cam kết các thông tin trên là đúng sự thật
08/02/2026,nguyenvanan664@gmail.com,Nguyen Van An,2251164664,29/06/2004,Nam,1205000664,0446906616,nguyenvanan664@sv.tlu.edu.vn,Xây dựng,Kỹ thuật xây dựng,65XDD1,năm 1,3.30,Hưng Yên,294,,https://drive.google.com/file/d/19VnniLuOT4-KdKL11r97z5T_Ma21jEOu/view?usp=drivesdk,Tôi cam kết các thông tin trên là đúng sự thật
08/02/2026,ngothilan665@gmail.com,Ngo Thi Lan,2251164665,31/12/2003,Nữ,1205000665,0351073086,ngothilan665@sv.tlu.edu.vn,Quản trị kinh doanh,Marketing,65MKT1,năm 1,3.85,Hưng Yên,474,,https://drive.google.com/file/d/1O6dYTiIFIEN1_kF7NDkOK9Q-qTujViM2/view?usp=drivesdk,Tôi cam kết các thông tin trên là đúng sự thật
08/02/2026,tranvanbinh666@gmail.com,Tran Van Binh,2251164666,09/03/2005,Nam,1205000666,0234592485,tranvanbinh666@sv.tlu.edu.vn,Công nghệ thông tin,Mạng máy tính,64MMT1,năm 1,3.81,Hưng Yên,348,,https://drive.google.com/file/d/1EUk80llZoT36ohedZPdGFUBXIDsTyZaM/view?usp=drivesdk,Tôi cam kết các thông tin trên là đúng sự thật
08/02/2026,lethidieu667@gmail.com,Le Thi Dieu,2251164667,10/04/2006,Nữ,1205000667,0359538019,lethidieu667@sv.tlu.edu.vn,Kinh tế,Kinh tế xây dựng,65KTXD1,năm 4,03.02,Hưng Yên,11,,https://drive.google.com/file/d/1gxzmgFQdpecf8LoTElDfBkA1xjUsU1hg/view?usp=drivesdk,Tôi cam kết các thông tin trên là đúng sự thật
08/02/2026,hoangvanlong668@gmail.com,Hoang Van Long,2251164668,30/11/2004,Nam,1205000668,0377651205,hoangvanlong668@sv.tlu.edu.vn,Công nghệ thông tin,Khoa học máy tính,64CNTT1,năm 1,2.40,Nam Định,427,,https://drive.google.com/file/d/1MoBU7xtYPjfK0l88euHlSgZ1CHaCMu57/view?usp=drivesdk,Tôi cam kết các thông tin trên là đúng sự thật
08/02/2026,lethidieu669@gmail.com,Le Thi Dieu,2251164669,21/07/2003,Nữ,1205000669,0390089606,lethidieu669@sv.tlu.edu.vn,Công nghệ thông tin,Kỹ thuật phần mềm,64KTPM1,năm 1,2.86,Nam Định,263,,https://drive.google.com/file/d/1636GOaCXS8UQJ3eY8Q6UM8rwjWLaLvjb/view?usp=drivesdk,Tôi cam kết các thông tin trên là đúng sự thật
08/02/2026,dangvankhanh670@gmail.com,Dang Van Khanh,2251164670,28/03/2005,Nam,1205000670,0228338601,dangvankhanh670@sv.tlu.edu.vn,Điện – Điện tử,Kỹ thuật điện,65D1,năm 4,2.91,Hà Nội,113,,https://drive.google.com/file/d/1Kc0I6JtLQ7cYfnCI4q6M9P89qquvEFeZ/view?usp=drivesdk,Tôi cam kết các thông tin trên là đúng sự thật
08/02/2026,vuthiphuong671@gmail.com,Vu Thi Phuong,2251164671,09/11/2003,Nữ,1205000671,0682926612,vuthiphuong671@sv.tlu.edu.vn,Cơ khí,Cơ khí chế tạo,65CK1,năm 1,3.20,Nam Định,108,,https://drive.google.com/file/d/1knw75LT--D0swkWXL2gWNudhubdp-F9c/view?usp=drivesdk,Tôi cam kết các thông tin trên là đúng sự thật
08/02/2026,lethidieu672@gmail.com,Le Thi Dieu,2251164672,13/07/2004,Nữ,1205000672,0938400508,lethidieu672@sv.tlu.edu.vn,Môi trường,Kỹ thuật môi trường,65MT1,năm 1,3.98,Thanh Hóa,573,,https://drive.google.com/file/d/1zFp_K3G-YYm_X2srfcaO8TQuMuTtd_N3/view?usp=drivesdk,Tôi cam kết các thông tin trên là đúng sự thật
08/02/2026,nguyenvanan673@gmail.com,Nguyen Van An,2251164673,31/12/2004,Nam,1205000673,0041091659,nguyenvanan673@sv.tlu.edu.vn,Công nghệ thông tin,Mạng máy tính,64MMT1,năm 1,03.04,Gia Lai,388,,https://drive.google.com/file/d/1WT2ItEZnqNAnakv-I0kaUrm2y5xB0V2v/view?usp=drivesdk,Tôi cam kết các thông tin trên là đúng sự thật
08/02/2026,vuthiphuong674@gmail.com,Vu Thi Phuong,2251164674,05/10/2005,Nữ,1205000674,0432847425,vuthiphuong674@sv.tlu.edu.vn,Kinh tế,Kế toán,65KT1,năm 4,2.87,Gia Lai,44,,https://drive.google.com/file/d/1DBN6aZdwnkoBfQAToEsHIVAFjgntIpIR/view?usp=drivesdk,Tôi cam kết các thông tin trên là đúng sự thật
08/02/2026,ngothilan675@gmail.com,Ngo Thi Lan,2251164675,06/01/2004,Nữ,1205000675,0649140141,ngothilan675@sv.tlu.edu.vn,Quản trị kinh doanh,Marketing,65MKT1,năm 3,2.87,Nam Định,352,,https://drive.google.com/file/d/1lpKR06bcXyQFgUcyAzefIPAAHobDckVX/view?usp=drivesdk,Tôi cam kết các thông tin trên là đúng sự thật
08/02/2026,ngothilan676@gmail.com,Ngo Thi Lan,2251164676,15/12/2004,Nữ,1205000676,0573114491,ngothilan676@sv.tlu.edu.vn,Công nghệ thông tin,Khoa học máy tính,64CNTT1,năm 4,3.58,Hưng Yên,17,,https://drive.google.com/file/d/1dfY5XChXl4yu7oC4LeQlL4zfwXJmIHCD/view?usp=drivesdk,Tôi cam kết các thông tin trên là đúng sự thật
08/02/2026,dothimai677@gmail.com,Do Thi Mai,2251164677,08/02/2006,Nữ,1205000677,0600438489,dothimai677@sv.tlu.edu.vn,Công nghệ thông tin,Kỹ thuật phần mềm,64KTPM1,năm 1,3.22,Nam Định,569,,https://drive.google.com/file/d/1-MvW_WvWvK2B1AfKoQwAmd73ZyMhgbFt/view?usp=drivesdk,Tôi cam kết các thông tin trên là đúng sự thật
08/02/2026,vuthiphuong678@gmail.com,Vu Thi Phuong,2251164678,23/05/2004,Nữ,1205000678,0241299273,vuthiphuong678@sv.tlu.edu.vn,Công nghệ thông tin,Trí tuệ nhân tạo,64AI1,năm 4,3.68,Hưng Yên,396,,https://drive.google.com/file/d/1BXylFplAHiQ-hs1FmWIrY-BlX6NNajIb/view?usp=drivesdk,Tôi cam kết các thông tin trên là đúng sự thật
08/02/2026,dangvankhanh679@gmail.com,Dang Van Khanh,2251164679,14/05/2004,Nam,1205000679,0931984840,dangvankhanh679@sv.tlu.edu.vn,Kinh tế,Tài chính ngân hàng,65TCNH1,năm 1,3.99,Nam Định,314,,https://drive.google.com/file/d/1CYSTe0lHaaDwG91pApaa-2oSNoTlbDum/view?usp=drivesdk,Tôi cam kết các thông tin trên là đúng sự thật
08/02/2026,dangvankhanh680@gmail.com,Dang Van Khanh,2251164680,19/06/2005,Nam,1205000680,0259084664,dangvankhanh680@sv.tlu.edu.vn,Điện – Điện tử,Kỹ thuật điện,65D1,năm 4,2.86,Gia Lai,334,,https://drive.google.com/file/d/1B1ZRa0Jx-vEX_ka_ysmWWWNMtl2UIw6x/view?usp=drivesdk,Tôi cam kết các thông tin trên là đúng sự thật
08/02/2026,phamvancuong681@gmail.com,Pham Van Cuong,2251164681,16/11/2005,Nam,1205000681,0347567926,phamvancuong681@sv.tlu.edu.vn,Công nghệ thông tin,Mạng máy tính,64MMT1,năm 2,2.32,Nghệ An,172,,https://drive.google.com/file/d/1Z8syZVvGkhTZii0_E7MpltT6EvuvxjeW/view?usp=drivesdk,Tôi cam kết các thông tin trên là đúng sự thật
08/02/2026,nguyenvanan682@gmail.com,Nguyen Van An,2251164682,07/02/2006,Nam,1205000682,0259572499,nguyenvanan682@sv.tlu.edu.vn,Kinh tế,Kinh tế xây dựng,65KTXD1,năm 1,3.60,Hưng Yên,253,,https://drive.google.com/file/d/12nuX1KmHxdojrdSbnPYDMCc220ZxXj1q/view?usp=drivesdk,Tôi cam kết các thông tin trên là đúng sự thật
08/02/2026,phamvancuong683@gmail.com,Pham Van Cuong,2251164683,11/01/2004,Nam,1205000683,0030569512,phamvancuong683@sv.tlu.edu.vn,Công nghệ thông tin,Khoa học máy tính,64CNTT1,năm 1,3.21,Nam Định,519,,https://drive.google.com/file/d/1WRij218UlBBvQp1-b75CP1uVjET7anuP/view?usp=drivesdk,Tôi cam kết các thông tin trên là đúng sự thật
08/02/2026,phamvancuong684@gmail.com,Pham Van Cuong,2251164684,09/09/2005,Nam,1205000684,0755683886,phamvancuong684@sv.tlu.edu.vn,Ngôn ngữ học,Ngôn ngữ Anh,66NNA1,năm 1,2.65,Thanh Hóa,518,,https://drive.google.com/file/d/1Gv_X54AlxD5YLbeV42MfcNAMzIz5d3eN/view?usp=drivesdk,Tôi cam kết các thông tin trên là đúng sự thật
08/02/2026,dothimai685@gmail.com,Do Thi Mai,2251164685,23/08/2004,Nữ,1205000685,0547843931,dothimai685@sv.tlu.edu.vn,Công nghệ thông tin,Hệ thống thông tin,64HTTT2,năm 1,2.63,Nghệ An,580,,https://drive.google.com/file/d/1vtyNUvGQsmILIal1vrkaaprD4uZSdRQs/view?usp=drivesdk,Tôi cam kết các thông tin trên là đúng sự thật
08/02/2026,nguyenvanan686@gmail.com,Nguyen Van An,2251164686,15/03/2005,Nam,1205000686,0762921438,nguyenvanan686@sv.tlu.edu.vn,Điện – Điện tử,Kỹ thuật điện,65D1,năm 4,2.73,Hưng Yên,259,,https://drive.google.com/file/d/1m7oEjJiviFYlCK0WoczrCSU2lzO0qaBP/view?usp=drivesdk,Tôi cam kết các thông tin trên là đúng sự thật
08/02/2026,buithihanh687@gmail.com,Bui Thi Hanh,2251164687,03/09/2006,Nữ,1205000687,0279547569,buithihanh687@sv.tlu.edu.vn,Môi trường,Kỹ thuật môi trường,65MT1,năm 1,3.63,Lào Cai,121,,https://drive.google.com/file/d/1W5qCssGty_Ju71RZGVOXTZP9UKgA3p-1/view?usp=drivesdk,Tôi cam kết các thông tin trên là đúng sự thật
08/02/2026,dangvankhanh688@gmail.com,Dang Van Khanh,2251164688,25/12/2006,Nam,1205000688,0032563725,dangvankhanh688@sv.tlu.edu.vn,Kinh tế,Tài chính ngân hàng,65TCNH1,năm 4,3.89,Nghệ An,246,,https://drive.google.com/file/d/1kdl1eHBu2EvxAkzl91vJG9QyryXgh39m/view?usp=drivesdk,Tôi cam kết các thông tin trên là đúng sự thật
08/02/2026,ngothilan689@gmail.com,Ngo Thi Lan,2251164689,04/02/2004,Nữ,1205000689,0867919968,ngothilan689@sv.tlu.edu.vn,Quản trị kinh doanh,Marketing,65MKT1,năm 2,02.08,Hà Nội,85,,https://drive.google.com/file/d/1Du3C9D-q-CB4iBtuoVTzPPToUUUtMt6N/view?usp=drivesdk,Tôi cam kết các thông tin trên là đúng sự thật
08/02/2026,hoangvanlong690@gmail.com,Hoang Van Long,2251164690,27/02/2004,Nam,1205000690,0747165805,hoangvanlong690@sv.tlu.edu.vn,Công nghệ thông tin,Trí tuệ nhân tạo,64AI1,năm 1,2.64,Gia Lai,532,,https://drive.google.com/file/d/1jWo5dn7VULgZb5dLDc2A2_MpGiN3ex29/view?usp=drivesdk,Tôi cam kết các thông tin trên là đúng sự thật
08/02/2026,hoangvanlong691@gmail.com,Hoang Van Long,2251164691,14/01/2003,Nam,1205000691,0422417259,hoangvanlong691@sv.tlu.edu.vn,Công nghệ thông tin,Trí tuệ nhân tạo,64AI1,năm 4,2.52,Hà Nội,92,,https://drive.google.com/file/d/1WUMidqtI179PHbgzPgUlyrCYYJoJft2x/view?usp=drivesdk,Tôi cam kết các thông tin trên là đúng sự thật
08/02/2026,dangvankhanh692@gmail.com,Dang Van Khanh,2251164692,09/02/2006,Nam,1205000692,0934635957,dangvankhanh692@sv.tlu.edu.vn,Kinh tế,Tài chính ngân hàng,65TCNH1,năm 3,2.92,Nghệ An,272,,https://drive.google.com/file/d/1KtOM1wk6qQOjcpqs3bnvwDw8rCy-3Rt8/view?usp=drivesdk,Tôi cam kết các thông tin trên là đúng sự thật
08/02/2026,dothimai693@gmail.com,Do Thi Mai,2251164693,01/01/2004,Nữ,1205000693,0905342721,dothimai693@sv.tlu.edu.vn,Kinh tế,Tài chính ngân hàng,65TCNH1,năm 1,3.97,Gia Lai,385,,https://drive.google.com/file/d/1-ZPvY8xSBSxzFsQEyVNg7JuKZ_1y6oGB/view?usp=drivesdk,Tôi cam kết các thông tin trên là đúng sự thật
08/02/2026,phamvancuong694@gmail.com,Pham Van Cuong,2251164694,01/03/2004,Nam,1205000694,0627404527,phamvancuong694@sv.tlu.edu.vn,Xây dựng,Kỹ thuật xây dựng,65XDD1,năm 1,2.86,Nam Định,341,,https://drive.google.com/file/d/1y6vrhWnVm8Q4r8_9UIdl7ni9bDF9wO5m/view?usp=drivesdk,Tôi cam kết các thông tin trên là đúng sự thật
08/02/2026,dangvankhanh695@gmail.com,Dang Van Khanh,2251164695,13/11/2004,Nam,1205000695,0119998695,dangvankhanh695@sv.tlu.edu.vn,Kinh tế,Tài chính ngân hàng,65TCNH1,năm 1,3.56,Nam Định,493,,https://drive.google.com/file/d/1sdAsncrnJpnnAP1K00Lj3n4LKmlKvHWT/view?usp=drivesdk,Tôi cam kết các thông tin trên là đúng sự thật
08/02/2026,buithihanh696@gmail.com,Bui Thi Hanh,2251164696,19/02/2003,Nữ,1205000696,0876149286,buithihanh696@sv.tlu.edu.vn,Công nghệ thông tin,Mạng máy tính,64MMT1,năm 1,03.06,Nam Định,266,,https://drive.google.com/file/d/16AlunplagXF90mWwXh8Ik9Ro6aoMVqi5/view?usp=drivesdk,Tôi cam kết các thông tin trên là đúng sự thật
08/02/2026,lethidieu697@gmail.com,Le Thi Dieu,2251164697,15/02/2003,Nữ,1205000697,0090863270,lethidieu697@sv.tlu.edu.vn,Công nghệ thông tin,Hệ thống thông tin,64HTTT2,năm 2,03.05,Thanh Hóa,289,,https://drive.google.com/file/d/1rWI-sVoDgC2INQCf81VoDViMcYKv2Xgh/view?usp=drivesdk,Tôi cam kết các thông tin trên là đúng sự thật
08/02/2026,phamvancuong698@gmail.com,Pham Van Cuong,2251164698,19/02/2003,Nam,1205000698,0520101276,phamvancuong698@sv.tlu.edu.vn,Công nghệ thông tin,Hệ thống thông tin,64HTTT2,năm 3,3.50,Gia Lai,110,,https://drive.google.com/file/d/1J0ox-RRGFILmnkUMo_KCGaH76BLNBmJo/view?usp=drivesdk,Tôi cam kết các thông tin trên là đúng sự thật
08/02/2026,buithihanh699@gmail.com,Bui Thi Hanh,2251164699,14/04/2003,Nữ,1205000699,0492697436,buithihanh699@sv.tlu.edu.vn,Công nghệ thông tin,Hệ thống thông tin,64HTTT2,năm 1,3.18,Thanh Hóa,243,,https://drive.google.com/file/d/1RQdHsNdImnfzv9NQtYImOJWQD2cxuK5J/view?usp=drivesdk,Tôi cam kết các thông tin trên là đúng sự thật
08/02/2026,vuthiphuong700@gmail.com,Vu Thi Phuong,2251164700,01/08/2005,Nữ,1205000700,0076050425,vuthiphuong700@sv.tlu.edu.vn,Môi trường,Kỹ thuật môi trường,65MT1,năm 4,3.99,Nghệ An,126,,https://drive.google.com/file/d/1vB9aSncTeqxVNwh4fbzc8HS5TBpDv3ew/view?usp=drivesdk,Tôi cam kết các thông tin trên là đúng sự thật
08/02/2026,nguyenvanan701@gmail.com,Nguyen Van An,2251164701,19/08/2003,Nam,1205000701,0303899322,nguyenvanan701@sv.tlu.edu.vn,Công nghệ thông tin,Kỹ thuật phần mềm,64KTPM1,năm 1,2.59,Thanh Hóa,396,,https://drive.google.com/file/d/1YN6tS8L5jKiBsftZr710KSvOtEuCeIUK/view?usp=drivesdk,Tôi cam kết các thông tin trên là đúng sự thật
08/02/2026,lethidieu702@gmail.com,Le Thi Dieu,2251164702,28/07/2004,Nữ,1205000702,0008324490,lethidieu702@sv.tlu.edu.vn,Công nghệ thông tin,Trí tuệ nhân tạo,64AI1,năm 3,3.83,Hưng Yên,303,,https://drive.google.com/file/d/1eGWeXZH8SqLdnZzkt6Yzfbz-CpRwsHBE/view?usp=drivesdk,Tôi cam kết các thông tin trên là đúng sự thật
08/02/2026,buithihanh703@gmail.com,Bui Thi Hanh,2251164703,27/03/2005,Nữ,1205000703,0364570898,buithihanh703@sv.tlu.edu.vn,Công nghệ thông tin,Khoa học máy tính,64CNTT1,năm 1,3.30,Lào Cai,475,,https://drive.google.com/file/d/1agDbFaHSbXBbSukY0SUlWwwybP85RPwv/view?usp=drivesdk,Tôi cam kết các thông tin trên là đúng sự thật
08/02/2026,dothimai704@gmail.com,Do Thi Mai,2251164704,20/04/2003,Nữ,1205000704,0663293567,dothimai704@sv.tlu.edu.vn,Xây dựng,Công trình thủy,65CTT1,năm 3,3.83,Nghệ An,302,,https://drive.google.com/file/d/1utXg67jQ9K0cKsMaQMkbIOjo24NmXJXu/view?usp=drivesdk,Tôi cam kết các thông tin trên là đúng sự thật
08/02/2026,dangvankhanh705@gmail.com,Dang Van Khanh,2251164705,29/06/2006,Nam,1205000705,0439789006,dangvankhanh705@sv.tlu.edu.vn,Công nghệ thông tin,Hệ thống thông tin,64HTTT2,năm 1,3.13,Nam Định,192,,https://drive.google.com/file/d/1XL6CfYVsue0fZGFjqPO36-dqFIcR7bN3/view?usp=drivesdk,Tôi cam kết các thông tin trên là đúng sự thật
08/02/2026,ngothilan706@gmail.com,Ngo Thi Lan,2251164706,17/12/2004,Nữ,1205000706,0686941304,ngothilan706@sv.tlu.edu.vn,Xây dựng,Công trình thủy,65CTT1,năm 1,2.93,Nam Định,422,,https://drive.google.com/file/d/1Sq2iMf1Hq0cdoZcgLQefjoPxQuLDfLcA/view?usp=drivesdk,Tôi cam kết các thông tin trên là đúng sự thật
08/02/2026,buithihanh707@gmail.com,Bui Thi Hanh,2251164707,22/08/2003,Nữ,1205000707,0154669973,buithihanh707@sv.tlu.edu.vn,Công nghệ thông tin,Khoa học máy tính,64CNTT1,năm 4,3.90,Hà Nội,119,,https://drive.google.com/file/d/1CvWygzw3YMYej5FxhE7vsik8CuJx8nyI/view?usp=drivesdk,Tôi cam kết các thông tin trên là đúng sự thật
08/02/2026,vuthiphuong708@gmail.com,Vu Thi Phuong,2251164708,30/12/2006,Nữ,1205000708,0029637923,vuthiphuong708@sv.tlu.edu.vn,Công nghệ thông tin,Hệ thống thông tin,64HTTT2,năm 2,3.24,Hà Nội,479,,https://drive.google.com/file/d/13_v5YV9dJSxAMfHmxaEn7IniHSvhWRIi/view?usp=drivesdk,Tôi cam kết các thông tin trên là đúng sự thật
08/02/2026,lethidieu709@gmail.com,Le Thi Dieu,2251164709,14/06/2006,Nữ,1205000709,0553237400,lethidieu709@sv.tlu.edu.vn,Kinh tế,Kinh tế xây dựng,65KTXD1,năm 1,3.40,Thanh Hóa,563,,https://drive.google.com/file/d/1dK9tlY8_EVZdHt4mcNtUa7RACGf2z6ld/view?usp=drivesdk,Tôi cam kết các thông tin trên là đúng sự thật
08/02/2026,dothimai710@gmail.com,Do Thi Mai,2251164710,07/12/2004,Nữ,1205000710,0900035416,dothimai710@sv.tlu.edu.vn,Kinh tế,Kinh tế xây dựng,65KTXD1,năm 1,2.56,Hưng Yên,298,,https://drive.google.com/file/d/14-q2jrxyPilMHQBiWUYLUXigUq-_04QA/view?usp=drivesdk,Tôi cam kết các thông tin trên là đúng sự thật
08/02/2026,dothimai711@gmail.com,Do Thi Mai,2251164711,25/01/2003,Nữ,1205000711,0619224280,dothimai711@sv.tlu.edu.vn,Công nghệ thông tin,Khoa học máy tính,64CNTT1,năm 1,2.98,Nam Định,194,,https://drive.google.com/file/d/1PsOqNleYm6dNv9bEGjfb0UrKYA_En785/view?usp=drivesdk,Tôi cam kết các thông tin trên là đúng sự thật
08/02/2026,nguyenvanan712@gmail.com,Nguyen Van An,2251164712,28/10/2006,Nam,1205000712,0659443638,nguyenvanan712@sv.tlu.edu.vn,Công nghệ thông tin,Hệ thống thông tin,64HTTT2,năm 2,3.26,Thanh Hóa,234,,https://drive.google.com/file/d/10Y7UrFDj6JE8jReFAycfcGQq2laDVMBf/view?usp=drivesdk,Tôi cam kết các thông tin trên là đúng sự thật
08/02/2026,buithihanh713@gmail.com,Bui Thi Hanh,2251164713,31/07/2003,Nữ,1205000713,0873171078,buithihanh713@sv.tlu.edu.vn,Môi trường,Kỹ thuật môi trường,65MT1,năm 1,03.04,Nghệ An,277,,https://drive.google.com/file/d/1AUelET5eoRk60GSKrL99wP5B0_foZhb-/view?usp=drivesdk,Tôi cam kết các thông tin trên là đúng sự thật
08/02/2026,ngothilan714@gmail.com,Ngo Thi Lan,2251164714,12/01/2005,Nữ,1205000714,0774218652,ngothilan714@sv.tlu.edu.vn,Kinh tế,Tài chính ngân hàng,65TCNH1,năm 3,2.58,Hưng Yên,563,,https://drive.google.com/file/d/1znUun-2-WAZY3fv9QyEmikqfdTcPlgfG/view?usp=drivesdk,Tôi cam kết các thông tin trên là đúng sự thật
08/02/2026,phamvancuong715@gmail.com,Pham Van Cuong,2251164715,29/11/2004,Nam,1205000715,0879025529,phamvancuong715@sv.tlu.edu.vn,Cơ khí,Cơ khí chế tạo,65CK1,năm 2,2.83,Lào Cai,199,,https://drive.google.com/file/d/1VGwAxtxsrd6898KUUN4JM4JFznIhWHig/view?usp=drivesdk,Tôi cam kết các thông tin trên là đúng sự thật
08/02/2026,vuthiphuong716@gmail.com,Vu Thi Phuong,2251164716,27/02/2005,Nữ,1205000716,0645597872,vuthiphuong716@sv.tlu.edu.vn,Quản trị kinh doanh,Marketing,65MKT1,năm 3,2.14,Nghệ An,174,,https://drive.google.com/file/d/1whTorxDwcuAJgT_v5wTad0U469SAGfpt/view?usp=drivesdk,Tôi cam kết các thông tin trên là đúng sự thật
08/02/2026,dangvankhanh717@gmail.com,Dang Van Khanh,2251164717,05/09/2006,Nam,1205000717,0965137045,dangvankhanh717@sv.tlu.edu.vn,Kinh tế,Tài chính ngân hàng,65TCNH1,năm 3,3.69,Hưng Yên,373,,https://drive.google.com/file/d/1Wy_juQXy_QOiBmze_8B6Eno4yweNjybE/view?usp=drivesdk,Tôi cam kết các thông tin trên là đúng sự thật
08/02/2026,dothimai718@gmail.com,Do Thi Mai,2251164718,13/11/2006,Nữ,1205000718,0187573889,dothimai718@sv.tlu.edu.vn,Điện – Điện tử,Kỹ thuật điện,65D1,năm 1,3.87,Nghệ An,252,,https://drive.google.com/file/d/1soZP_pOa1KW-zqbL5cVOvFhRKUdSdZB1/view?usp=drivesdk,Tôi cam kết các thông tin trên là đúng sự thật
08/02/2026,phamvancuong719@gmail.com,Pham Van Cuong,2251164719,25/02/2005,Nam,1205000719,0394884864,phamvancuong719@sv.tlu.edu.vn,Công nghệ thông tin,Kỹ thuật phần mềm,64KTPM1,năm 1,3.15,Nghệ An,600,,https://drive.google.com/file/d/1Ull5ynr7u4HgHZREvkoxmYRXVd4JIfwG/view?usp=drivesdk,Tôi cam kết các thông tin trên là đúng sự thật
08/02/2026,tranvanbinh720@gmail.com,Tran Van Binh,2251164720,17/08/2003,Nam,1205000720,0767693018,tranvanbinh720@sv.tlu.edu.vn,Công nghệ thông tin,Hệ thống thông tin,64HTTT2,năm 1,2.80,Thanh Hóa,186,,https://drive.google.com/file/d/1R8qzrjooy4GMCC_HTDPJDxFcz4XQPxW0/view?usp=drivesdk,Tôi cam kết các thông tin trên là đúng sự thật
08/02/2026,nguyenvanan721@gmail.com,Nguyen Van An,2251164721,21/07/2006,Nam,1205000721,0230490363,nguyenvanan721@sv.tlu.edu.vn,Công nghệ thông tin,Khoa học máy tính,64CNTT1,năm 2,3.19,Lào Cai,395,,https://drive.google.com/file/d/1wZFL-cMKVuKYQurQ1wd05nOPag87U6r4/view?usp=drivesdk,Tôi cam kết các thông tin trên là đúng sự thật
08/02/2026,dangvankhanh722@gmail.com,Dang Van Khanh,2251164722,28/08/2004,Nam,1205000722,0985682060,dangvankhanh722@sv.tlu.edu.vn,Kinh tế,Tài chính ngân hàng,65TCNH1,năm 3,3.94,Hưng Yên,334,,https://drive.google.com/file/d/1YAYNR8R7UVErLPytJus_UlvbVbELiJVi/view?usp=drivesdk,Tôi cam kết các thông tin trên là đúng sự thật
08/02/2026,buithihanh723@gmail.com,Bui Thi Hanh,2251164723,09/12/2003,Nữ,1205000723,0619270824,buithihanh723@sv.tlu.edu.vn,Ngôn ngữ học,Ngôn ngữ Trung,66NNT1,năm 4,03.04,Nghệ An,399,,https://drive.google.com/file/d/10q7N-vFfl31dGyW4sPINOMEdPFwNedmc/view?usp=drivesdk,Tôi cam kết các thông tin trên là đúng sự thật
08/02/2026,dangvankhanh724@gmail.com,Dang Van Khanh,2251164724,10/09/2003,Nam,1205000724,0287363782,dangvankhanh724@sv.tlu.edu.vn,Công nghệ thông tin,Khoa học máy tính,64CNTT1,năm 3,2.66,Hà Nội,212,,https://drive.google.com/file/d/1L52TpZ-y9KyGVABSoxS-rmWsJtu6s26j/view?usp=drivesdk,Tôi cam kết các thông tin trên là đúng sự thật
08/02/2026,lethidieu725@gmail.com,Le Thi Dieu,2251164725,22/01/2004,Nữ,1205000725,0640422261,lethidieu725@sv.tlu.edu.vn,Kinh tế,Kinh tế xây dựng,65KTXD1,năm 1,3.12,Nam Định,446,,https://drive.google.com/file/d/1vOCf5dZfwYVzt83LmVw7M9sgIvnmorAh/view?usp=drivesdk,Tôi cam kết các thông tin trên là đúng sự thật
08/02/2026,nguyenvanan726@gmail.com,Nguyen Van An,2251164726,28/02/2004,Nam,1205000726,0927144358,nguyenvanan726@sv.tlu.edu.vn,Môi trường,Kỹ thuật môi trường,65MT1,năm 1,3.51,Lào Cai,133,,https://drive.google.com/file/d/1LvCsYVt5qgRFILRNmoXvjLx8yU3Tvywq/view?usp=drivesdk,Tôi cam kết các thông tin trên là đúng sự thật
08/02/2026,tranvanbinh727@gmail.com,Tran Van Binh,2251164727,18/05/2003,Nam,1205000727,0677424134,tranvanbinh727@sv.tlu.edu.vn,Công nghệ thông tin,Kỹ thuật phần mềm,64KTPM1,năm 4,02.04,Hưng Yên,150,,https://drive.google.com/file/d/1IOjukToX8Ekg_P1BoN6NOgShxQpgVP6x/view?usp=drivesdk,Tôi cam kết các thông tin trên là đúng sự thật
08/02/2026,tranvanbinh728@gmail.com,Tran Van Binh,2251164728,06/02/2003,Nam,1205000728,0469103904,tranvanbinh728@sv.tlu.edu.vn,Điện – Điện tử,Kỹ thuật điện,65D1,năm 4,3.54,Lào Cai,141,,https://drive.google.com/file/d/1Fi_HX6HxAh5TU6R1YncBX4_Mc7KhzGZM/view?usp=drivesdk,Tôi cam kết các thông tin trên là đúng sự thật
08/02/2026,tranvanbinh729@gmail.com,Tran Van Binh,2251164729,03/07/2005,Nam,1205000729,0956791214,tranvanbinh729@sv.tlu.edu.vn,Công nghệ thông tin,Hệ thống thông tin,64HTTT2,năm 3,3.50,Thanh Hóa,390,,https://drive.google.com/file/d/1LF9CQpMhvnnaiR8ehAq6zGQNA0BU1m4k/view?usp=drivesdk,Tôi cam kết các thông tin trên là đúng sự thật
08/02/2026,phamvancuong730@gmail.com,Pham Van Cuong,2251164730,09/03/2005,Nam,1205000730,0424067492,phamvancuong730@sv.tlu.edu.vn,Công nghệ thông tin,Hệ thống thông tin,64HTTT2,năm 1,03.06,Nghệ An,487,,https://drive.google.com/file/d/1yFOagRIWic2Y3q9QE5rRAaKck8XNZ7H5/view?usp=drivesdk,Tôi cam kết các thông tin trên là đúng sự thật
08/02/2026,buithihanh731@gmail.com,Bui Thi Hanh,2251164731,02/11/2005,Nữ,1205000731,0491744938,buithihanh731@sv.tlu.edu.vn,Kinh tế,Tài chính ngân hàng,65TCNH1,năm 2,3.38,Hà Nội,182,,https://drive.google.com/file/d/1QwQ-2N9QK2zSEPaePgkQa-AJEB3pTjhw/view?usp=drivesdk,Tôi cam kết các thông tin trên là đúng sự thật
08/02/2026,lethidieu732@gmail.com,Le Thi Dieu,2251164732,08/03/2003,Nữ,1205000732,0099725090,lethidieu732@sv.tlu.edu.vn,Công nghệ thông tin,Kỹ thuật phần mềm,64KTPM1,năm 1,3.33,Nam Định,489,,https://drive.google.com/file/d/1UvSR1MQdrXqCfUCZSpWYN_XGig4Ohvxp/view?usp=drivesdk,Tôi cam kết các thông tin trên là đúng sự thật
08/02/2026,ngothilan733@gmail.com,Ngo Thi Lan,2251164733,25/01/2006,Nữ,1205000733,0068179382,ngothilan733@sv.tlu.edu.vn,Cơ khí,Cơ khí chế tạo,65CK1,năm 3,3.31,Nghệ An,280,,https://drive.google.com/file/d/1mx0tfvNkh1qoiZdyu4DLpiBQsIlwcQa0/view?usp=drivesdk,Tôi cam kết các thông tin trên là đúng sự thật
08/02/2026,dangvankhanh734@gmail.com,Dang Van Khanh,2251164734,05/08/2005,Nam,1205000734,0881026710,dangvankhanh734@sv.tlu.edu.vn,Xây dựng,Kỹ thuật xây dựng,65XDD1,năm 3,3.17,Lào Cai,255,,https://drive.google.com/file/d/1ZrbPY9bDEzaNcEoQk-eRISZEzeZCRW9x/view?usp=drivesdk,Tôi cam kết các thông tin trên là đúng sự thật
08/02/2026,nguyenvanan735@gmail.com,Nguyen Van An,2251164735,09/05/2005,Nam,1205000735,0720697680,nguyenvanan735@sv.tlu.edu.vn,Xây dựng,Kỹ thuật xây dựng,65XDD1,năm 1,3.82,Thanh Hóa,124,,https://drive.google.com/file/d/10YJx3lhTSsnuJx3w1g40jq4Olz-gAQ7W/view?usp=drivesdk,Tôi cam kết các thông tin trên là đúng sự thật
08/02/2026,vuthiphuong736@gmail.com,Vu Thi Phuong,2251164736,17/01/2006,Nữ,1205000736,0219830620,vuthiphuong736@sv.tlu.edu.vn,Công nghệ thông tin,Hệ thống thông tin,64HTTT2,năm 1,3.19,Nam Định,263,,https://drive.google.com/file/d/101tzdRC32IddWt0qeCtWbJadfKg3SYpL/view?usp=drivesdk,Tôi cam kết các thông tin trên là đúng sự thật
08/02/2026,dothimai737@gmail.com,Do Thi Mai,2251164737,04/06/2006,Nữ,1205000737,0081707545,dothimai737@sv.tlu.edu.vn,Công nghệ thông tin,Kỹ thuật phần mềm,64KTPM1,năm 3,2.41,Thanh Hóa,137,,https://drive.google.com/file/d/1paJvULWBpNuGqGCW7w7a3LZVMT0Qsgn7/view?usp=drivesdk,Tôi cam kết các thông tin trên là đúng sự thật
08/02/2026,ngothilan738@gmail.com,Ngo Thi Lan,2251164738,05/03/2006,Nữ,1205000738,0621267516,ngothilan738@sv.tlu.edu.vn,Môi trường,Kỹ thuật môi trường,65MT1,năm 1,3.24,Hà Nội,328,,https://drive.google.com/file/d/1s-kU4T4fYH_JF6pgNiPhv-de074uavab/view?usp=drivesdk,Tôi cam kết các thông tin trên là đúng sự thật
08/02/2026,phamvancuong739@gmail.com,Pham Van Cuong,2251164739,31/08/2005,Nam,1205000739,0656895423,phamvancuong739@sv.tlu.edu.vn,Ngôn ngữ học,Ngôn ngữ Anh,66NNA1,năm 1,2.63,Nghệ An,572,,https://drive.google.com/file/d/1RLhBP4-uIyINLKL67vZe1od4vN_WmDtf/view?usp=drivesdk,Tôi cam kết các thông tin trên là đúng sự thật
08/02/2026,vuthiphuong740@gmail.com,Vu Thi Phuong,2251164740,21/02/2003,Nữ,1205000740,0242232303,vuthiphuong740@sv.tlu.edu.vn,Xây dựng,Kỹ thuật xây dựng,65XDD1,năm 2,3.25,Hà Nội,525,,https://drive.google.com/file/d/1JBEfhfMCQcCuQc-ssgpCrPJh-p9LG0wW/view?usp=drivesdk,Tôi cam kết các thông tin trên là đúng sự thật
08/02/2026,vuthiphuong741@gmail.com,Vu Thi Phuong,2251164741,17/03/2005,Nữ,1205000741,0361933198,vuthiphuong741@sv.tlu.edu.vn,Điện – Điện tử,Kỹ thuật điện,65D1,năm 1,3.93,Nghệ An,106,,https://drive.google.com/file/d/1zRlx5ocRo9Lk-K5rEHjeUin_fQXbIkf3/view?usp=drivesdk,Tôi cam kết các thông tin trên là đúng sự thật
08/02/2026,nguyenvanan742@gmail.com,Nguyen Van An,2251164742,16/09/2006,Nam,1205000742,0726564345,nguyenvanan742@sv.tlu.edu.vn,Kinh tế,Tài chính ngân hàng,65TCNH1,năm 1,3.40,Thanh Hóa,502,,https://drive.google.com/file/d/1tD9j_pEyVcWYhiQRDxPjgj5hZeix0xFw/view?usp=drivesdk,Tôi cam kết các thông tin trên là đúng sự thật
08/02/2026,vuthiphuong743@gmail.com,Vu Thi Phuong,2251164743,17/02/2004,Nữ,1205000743,0246400475,vuthiphuong743@sv.tlu.edu.vn,Kinh tế,Tài chính ngân hàng,65TCNH1,năm 1,3.53,Nghệ An,571,,https://drive.google.com/file/d/17rFE_0TR8nWirvXO5i9S4LpA7nqTaK6z/view?usp=drivesdk,Tôi cam kết các thông tin trên là đúng sự thật
08/02/2026,ngothilan744@gmail.com,Ngo Thi Lan,2251164744,08/01/2006,Nữ,1205000744,0977821600,ngothilan744@sv.tlu.edu.vn,Ngôn ngữ học,Ngôn ngữ Anh,66NNA1,năm 3,2.97,Gia Lai,54,,https://drive.google.com/file/d/1Se1UQBP8cd1vGRgn2Z7ZdreFlqt_L_HL/view?usp=drivesdk,Tôi cam kết các thông tin trên là đúng sự thật
08/02/2026,dangvankhanh745@gmail.com,Dang Van Khanh,2251164745,11/11/2005,Nam,1205000745,0082374510,dangvankhanh745@sv.tlu.edu.vn,Ngôn ngữ học,Ngôn ngữ Anh,66NNA1,năm 2,3.18,Lào Cai,368,,https://drive.google.com/file/d/1Ln9Rya4vNPiex6OLJrQsC7uaBMuKA0V8/view?usp=drivesdk,Tôi cam kết các thông tin trên là đúng sự thật
08/02/2026,vuthiphuong746@gmail.com,Vu Thi Phuong,2251164746,20/03/2005,Nữ,1205000746,0233478255,vuthiphuong746@sv.tlu.edu.vn,Công nghệ thông tin,Hệ thống thông tin,64HTTT2,năm 3,2.26,Nam Định,515,,https://drive.google.com/file/d/10kIqrveVCHRWiB3CZsGw_kmCPanfrXU1/view?usp=drivesdk,Tôi cam kết các thông tin trên là đúng sự thật
08/02/2026,hoangvanlong747@gmail.com,Hoang Van Long,2251164747,05/12/2004,Nam,1205000747,0990392070,hoangvanlong747@sv.tlu.edu.vn,Ngôn ngữ học,Ngôn ngữ Trung,66NNT1,năm 1,2.90,Thanh Hóa,320,,https://drive.google.com/file/d/1mRCR5M750riBDU0xk08BdnIk9-OlJTLy/view?usp=drivesdk,Tôi cam kết các thông tin trên là đúng sự thật
08/02/2026,hoangvanlong748@gmail.com,Hoang Van Long,2251164748,20/06/2006,Nam,1205000748,0441637223,hoangvanlong748@sv.tlu.edu.vn,Kinh tế,Kinh tế xây dựng,65KTXD1,năm 3,3.95,Gia Lai,331,,https://drive.google.com/file/d/1vKvEWfZKm6W2BcqoINvI3e7DuCFo60lI/view?usp=drivesdk,Tôi cam kết các thông tin trên là đúng sự thật
08/02/2026,nguyenvanan749@gmail.com,Nguyen Van An,2251164749,25/04/2005,Nam,1205000749,0108312518,nguyenvanan749@sv.tlu.edu.vn,Công nghệ thông tin,Mạng máy tính,64MMT1,năm 4,3.43,Hưng Yên,164,,https://drive.google.com/file/d/1agLf53icbEluNxJcJRD2kFhpphLztCc5/view?usp=drivesdk,Tôi cam kết các thông tin trên là đúng sự thật
08/02/2026,phamvancuong750@gmail.com,Pham Van Cuong,2251164750,06/06/2003,Nam,1205000750,0455267296,phamvancuong750@sv.tlu.edu.vn,Xây dựng,Kỹ thuật xây dựng,65XDD1,năm 1,3.17,Hà Nội,208,,https://drive.google.com/file/d/1oMGekcFHGNBqqweI7TeW7sTgaFvI22Db/view?usp=drivesdk,Tôi cam kết các thông tin trên là đúng sự thật
08/02/2026,hoangvanlong751@gmail.com,Hoang Van Long,2251164751,11/09/2004,Nam,1205000751,0007467049,hoangvanlong751@sv.tlu.edu.vn,Công nghệ thông tin,Trí tuệ nhân tạo,64AI1,năm 1,2.61,Hưng Yên,220,,https://drive.google.com/file/d/1vz8K7UEXSfd1qgqdCRjxF8Rd6bIySlrg/view?usp=drivesdk,Tôi cam kết các thông tin trên là đúng sự thật
08/02/2026,hoangvanlong752@gmail.com,Hoang Van Long,2251164752,18/11/2006,Nam,1205000752,0351333921,hoangvanlong752@sv.tlu.edu.vn,Kinh tế,Tài chính ngân hàng,65TCNH1,năm 1,2.52,Hưng Yên,540,,https://drive.google.com/file/d/1AaRRsUeQGydsW8KzZX7aScbrCdUM55Eh/view?usp=drivesdk,Tôi cam kết các thông tin trên là đúng sự thật
08/02/2026,buithihanh753@gmail.com,Bui Thi Hanh,2251164753,06/12/2006,Nữ,1205000753,0103049987,buithihanh753@sv.tlu.edu.vn,Công nghệ thông tin,Khoa học máy tính,64CNTT1,năm 1,2.77,Lào Cai,221,,https://drive.google.com/file/d/1JNN9LPXArm24Ujvrh9stpHAmCsL88ceL/view?usp=drivesdk,Tôi cam kết các thông tin trên là đúng sự thật
08/02/2026,buithihanh754@gmail.com,Bui Thi Hanh,2251164754,15/07/2004,Nữ,1205000754,0188795660,buithihanh754@sv.tlu.edu.vn,Quản trị kinh doanh,Quản trị doanh nghiệp,65QTDN1,năm 2,2.13,Nam Định,386,,https://drive.google.com/file/d/1DG2guH7U4zwP0sTHffeF7oxFGjEKi95Y/view?usp=drivesdk,Tôi cam kết các thông tin trên là đúng sự thật
08/02/2026,vuthiphuong755@gmail.com,Vu Thi Phuong,2251164755,26/01/2003,Nữ,1205000755,0857107036,vuthiphuong755@sv.tlu.edu.vn,Ngôn ngữ học,Ngôn ngữ Trung,66NNT1,năm 1,03.05,Nam Định,255,,https://drive.google.com/file/d/13XcGIMj0mzba8JJAcXpQLmlt0A5w2GvW/view?usp=drivesdk,Tôi cam kết các thông tin trên là đúng sự thật
08/02/2026,ngothilan756@gmail.com,Ngo Thi Lan,2251164756,21/06/2004,Nữ,1205000756,0782260750,ngothilan756@sv.tlu.edu.vn,Quản trị kinh doanh,Marketing,65MKT1,năm 1,3.85,Gia Lai,552,,https://drive.google.com/file/d/1Sj7seHrEps5CdNkPs3T98LUF0dM3XbK7/view?usp=drivesdk,Tôi cam kết các thông tin trên là đúng sự thật
08/02/2026,dangvankhanh757@gmail.com,Dang Van Khanh,2251164757,16/11/2003,Nam,1205000757,0095461996,dangvankhanh757@sv.tlu.edu.vn,Kinh tế,Kinh tế xây dựng,65KTXD1,năm 1,3.62,Nghệ An,535,,https://drive.google.com/file/d/1QmYdAR4LP275pI0rdNI0vMzknoNOO1N-/view?usp=drivesdk,Tôi cam kết các thông tin trên là đúng sự thật
08/02/2026,tranvanbinh758@gmail.com,Tran Van Binh,2251164758,07/06/2005,Nam,1205000758,0301951892,tranvanbinh758@sv.tlu.edu.vn,Công nghệ thông tin,Hệ thống thông tin,64HTTT2,năm 1,3.21,Hưng Yên,457,,https://drive.google.com/file/d/1S-mNvrxjci1hq3_gs7WOT44ufjFMVmI6/view?usp=drivesdk,Tôi cam kết các thông tin trên là đúng sự thật
08/02/2026,vuthiphuong759@gmail.com,Vu Thi Phuong,2251164759,10/04/2005,Nữ,1205000759,0476250183,vuthiphuong759@sv.tlu.edu.vn,Môi trường,Kỹ thuật môi trường,65MT1,năm 2,3.47,Gia Lai,26,,https://drive.google.com/file/d/1UtELrIo-N0VhIGiwTfYuVAXH_SjIq3GE/view?usp=drivesdk,Tôi cam kết các thông tin trên là đúng sự thật
08/02/2026,nguyenvanan760@gmail.com,Nguyen Van An,2251164760,03/11/2004,Nam,1205000760,0789177221,nguyenvanan760@sv.tlu.edu.vn,Công nghệ thông tin,Mạng máy tính,64MMT1,năm 1,2.85,Thanh Hóa,411,,https://drive.google.com/file/d/18WyB6LYBGbOaVQBhgow3-grANyjDlzZ3/view?usp=drivesdk,Tôi cam kết các thông tin trên là đúng sự thật
08/02/2026,dangvankhanh761@gmail.com,Dang Van Khanh,2251164761,10/11/2003,Nam,1205000761,0949694034,dangvankhanh761@sv.tlu.edu.vn,Điện – Điện tử,Kỹ thuật điện,65D1,năm 3,03.07,Hà Nội,61,,https://drive.google.com/file/d/1rjchoXIusguMODcsxQo9EBROlF_0yMyI/view?usp=drivesdk,Tôi cam kết các thông tin trên là đúng sự thật
08/02/2026,hoangvanlong762@gmail.com,Hoang Van Long,2251164762,18/07/2005,Nam,1205000762,0029068798,hoangvanlong762@sv.tlu.edu.vn,Quản trị kinh doanh,Quản trị doanh nghiệp,65QTDN1,năm 1,2.67,Nghệ An,548,,https://drive.google.com/file/d/1WBkOqDWzw2sCDpYfehie47EZJ17DKeTm/view?usp=drivesdk,Tôi cam kết các thông tin trên là đúng sự thật
08/02/2026,buithihanh763@gmail.com,Bui Thi Hanh,2251164763,30/08/2005,Nữ,1205000763,0157815024,buithihanh763@sv.tlu.edu.vn,Môi trường,Kỹ thuật môi trường,65MT1,năm 1,2.84,Gia Lai,228,,https://drive.google.com/file/d/1d-Q2M4NXhSZ59RVXYhsTba718n-5McTy/view?usp=drivesdk,Tôi cam kết các thông tin trên là đúng sự thật
08/02/2026,tranvanbinh764@gmail.com,Tran Van Binh,2251164764,25/12/2005,Nam,1205000764,0422200200,tranvanbinh764@sv.tlu.edu.vn,Điện – Điện tử,Kỹ thuật điện,65D1,năm 2,3.68,Lào Cai,55,,https://drive.google.com/file/d/1wK_jc1DQZ2gmw3xnKYhMbO6ZYTgn7Bl7/view?usp=drivesdk,Tôi cam kết các thông tin trên là đúng sự thật
08/02/2026,hoangvanlong765@gmail.com,Hoang Van Long,2251164765,14/08/2003,Nam,1205000765,0987712809,hoangvanlong765@sv.tlu.edu.vn,Môi trường,Kỹ thuật môi trường,65MT1,năm 1,2.54,Thanh Hóa,370,,https://drive.google.com/file/d/1O6QtG8Li608o0toPf9yo6_xC7x7cFubV/view?usp=drivesdk,Tôi cam kết các thông tin trên là đúng sự thật
08/02/2026,tranvanbinh766@gmail.com,Tran Van Binh,2251164766,22/03/2004,Nam,1205000766,0095813451,tranvanbinh766@sv.tlu.edu.vn,Quản trị kinh doanh,Quản trị doanh nghiệp,65QTDN1,năm 1,03.05,Thanh Hóa,571,,https://drive.google.com/file/d/1E1ggMk2XVXCCExa7uMnUmALgOLLsA0no/view?usp=drivesdk,Tôi cam kết các thông tin trên là đúng sự thật
08/02/2026,dangvankhanh767@gmail.com,Dang Van Khanh,2251164767,19/06/2003,Nam,1205000767,0974534049,dangvankhanh767@sv.tlu.edu.vn,Kinh tế,Kế toán,65KT1,năm 1,3.49,Gia Lai,188,,https://drive.google.com/file/d/1YjGANtys8GJYCe_UXZV5Af3WVEmrnCoE/view?usp=drivesdk,Tôi cam kết các thông tin trên là đúng sự thật
08/02/2026,buithihanh768@gmail.com,Bui Thi Hanh,2251164768,07/12/2004,Nữ,1205000768,0634806570,buithihanh768@sv.tlu.edu.vn,Kinh tế,Kế toán,65KT1,năm 1,3.50,Thanh Hóa,458,,https://drive.google.com/file/d/1cBn41g1JDQ_P_LWFyJovuc35GwEhaij2/view?usp=drivesdk,Tôi cam kết các thông tin trên là đúng sự thật
08/02/2026,vuthiphuong769@gmail.com,Vu Thi Phuong,2251164769,26/02/2003,Nữ,1205000769,0917965651,vuthiphuong769@sv.tlu.edu.vn,Quản trị kinh doanh,Marketing,65MKT1,năm 1,3.84,Hưng Yên,534,,https://drive.google.com/file/d/1ilprHHy5skw8Gkc6fc6CUtkw6Jt7xt2F/view?usp=drivesdk,Tôi cam kết các thông tin trên là đúng sự thật
08/02/2026,phamvancuong770@gmail.com,Pham Van Cuong,2251164770,03/04/2006,Nam,1205000770,0697951989,phamvancuong770@sv.tlu.edu.vn,Kinh tế,Kế toán,65KT1,năm 1,2.56,Lào Cai,416,,https://drive.google.com/file/d/1qp2BHuwuPVPkW0ze9eCZ9i7tbaom_TCx/view?usp=drivesdk,Tôi cam kết các thông tin trên là đúng sự thật
08/02/2026,tranvanbinh771@gmail.com,Tran Van Binh,2251164771,21/12/2005,Nam,1205000771,0355242228,tranvanbinh771@sv.tlu.edu.vn,Kinh tế,Tài chính ngân hàng,65TCNH1,năm 4,3.81,Thanh Hóa,8,,https://drive.google.com/file/d/1I3boTde9L37l7X9Dukt6srbJ9hnoMJjC/view?usp=drivesdk,Tôi cam kết các thông tin trên là đúng sự thật
08/02/2026,tranvanbinh772@gmail.com,Tran Van Binh,2251164772,03/04/2005,Nam,1205000772,0597404251,tranvanbinh772@sv.tlu.edu.vn,Môi trường,Kỹ thuật môi trường,65MT1,năm 1,3.61,Nghệ An,374,,https://drive.google.com/file/d/1Cu4E6a4xK5qnXJHtuWcdZvUNu2eu9anW/view?usp=drivesdk,Tôi cam kết các thông tin trên là đúng sự thật
08/02/2026,lethidieu773@gmail.com,Le Thi Dieu,2251164773,24/02/2004,Nữ,1205000773,0837311156,lethidieu773@sv.tlu.edu.vn,Công nghệ thông tin,Khoa học máy tính,64CNTT1,năm 4,2.94,Nghệ An,342,,https://drive.google.com/file/d/1nBhjYnB7E-dsq5aEufjRbfSjxlz-6FoM/view?usp=drivesdk,Tôi cam kết các thông tin trên là đúng sự thật
08/02/2026,vuthiphuong774@gmail.com,Vu Thi Phuong,2251164774,01/08/2006,Nữ,1205000774,0330779721,vuthiphuong774@sv.tlu.edu.vn,Công nghệ thông tin,Kỹ thuật phần mềm,64KTPM1,năm 2,3.45,Gia Lai,399,,https://drive.google.com/file/d/1RAFsl1CjpR4YzmeO9jjwunz7ftpc_F17/view?usp=drivesdk,Tôi cam kết các thông tin trên là đúng sự thật
08/02/2026,dothimai775@gmail.com,Do Thi Mai,2251164775,05/08/2004,Nữ,1205000775,0715410108,dothimai775@sv.tlu.edu.vn,Xây dựng,Công trình thủy,65CTT1,năm 1,3.61,Hưng Yên,387,,https://drive.google.com/file/d/1S_Cib3wjwxXFfvOoQRCI63x7WoakbgXO/view?usp=drivesdk,Tôi cam kết các thông tin trên là đúng sự thật
08/02/2026,dothimai776@gmail.com,Do Thi Mai,2251164776,28/07/2003,Nữ,1205000776,0408254097,dothimai776@sv.tlu.edu.vn,Xây dựng,Công trình thủy,65CTT1,năm 1,3.58,Nghệ An,309,,https://drive.google.com/file/d/19KPPbsJJlS7tiQ8xGNp1zFbitu3qOpHn/view?usp=drivesdk,Tôi cam kết các thông tin trên là đúng sự thật
08/02/2026,dangvankhanh777@gmail.com,Dang Van Khanh,2251164777,29/06/2005,Nam,1205000777,0318971859,dangvankhanh777@sv.tlu.edu.vn,Quản trị kinh doanh,Quản trị doanh nghiệp,65QTDN1,năm 1,2.57,Lào Cai,305,,https://drive.google.com/file/d/1W_J4EtYTD2TQYTm10lIRIv3wssUDJSO0/view?usp=drivesdk,Tôi cam kết các thông tin trên là đúng sự thật
08/02/2026,dothimai778@gmail.com,Do Thi Mai,2251164778,15/11/2004,Nữ,1205000778,0542660687,dothimai778@sv.tlu.edu.vn,Cơ khí,Cơ khí chế tạo,65CK1,năm 4,2.11,Gia Lai,303,,https://drive.google.com/file/d/1eeCML8_KV7YBlDRjQZd54vOh8MwSAlQa/view?usp=drivesdk,Tôi cam kết các thông tin trên là đúng sự thật
08/02/2026,phamvancuong779@gmail.com,Pham Van Cuong,2251164779,21/09/2003,Nam,1205000779,0439322376,phamvancuong779@sv.tlu.edu.vn,Xây dựng,Kỹ thuật xây dựng,65XDD1,năm 3,3.59,Hưng Yên,371,,https://drive.google.com/file/d/12k8M2TncpqZzqUQ7ecooksq_hV27Wznc/view?usp=drivesdk,Tôi cam kết các thông tin trên là đúng sự thật
08/02/2026,nguyenvanan780@gmail.com,Nguyen Van An,2251164780,30/12/2003,Nam,1205000780,0193899162,nguyenvanan780@sv.tlu.edu.vn,Môi trường,Kỹ thuật môi trường,65MT1,năm 1,3.78,Gia Lai,283,,https://drive.google.com/file/d/1CtZWjdjZ0Ml2UQwujrNEsX7vtVSptc9O/view?usp=drivesdk,Tôi cam kết các thông tin trên là đúng sự thật
08/02/2026,ngothilan781@gmail.com,Ngo Thi Lan,2251164781,04/02/2005,Nữ,1205000781,0567076165,ngothilan781@sv.tlu.edu.vn,Công nghệ thông tin,Khoa học máy tính,64CNTT1,năm 1,2.56,Hà Nội,482,,https://drive.google.com/file/d/1nW2L-2pZ67hBkICL10fhzRoZMS4xt8_q/view?usp=drivesdk,Tôi cam kết các thông tin trên là đúng sự thật
08/02/2026,buithihanh782@gmail.com,Bui Thi Hanh,2251164782,14/03/2003,Nữ,1205000782,0361685533,buithihanh782@sv.tlu.edu.vn,Ngôn ngữ học,Ngôn ngữ Anh,66NNA1,năm 1,3.90,Nghệ An,360,,https://drive.google.com/file/d/1OgHOBiV0Fc_ohV1OIOPBt_q6R0LhWor7/view?usp=drivesdk,Tôi cam kết các thông tin trên là đúng sự thật
08/02/2026,nguyenvanan783@gmail.com,Nguyen Van An,2251164783,14/10/2003,Nam,1205000783,0918733859,nguyenvanan783@sv.tlu.edu.vn,Công nghệ thông tin,Mạng máy tính,64MMT1,năm 2,3.14,Nghệ An,448,,https://drive.google.com/file/d/1oNirGQ3VCQtx_me-XKyeknEcGs6-msto/view?usp=drivesdk,Tôi cam kết các thông tin trên là đúng sự thật
08/02/2026,lethidieu784@gmail.com,Le Thi Dieu,2251164784,30/06/2006,Nữ,1205000784,0697498148,lethidieu784@sv.tlu.edu.vn,Xây dựng,Kỹ thuật xây dựng,65XDD1,năm 4,03.04,Hưng Yên,192,,https://drive.google.com/file/d/1ohZS8E-01H400sDi-SXA7Wg7balQw4ka/view?usp=drivesdk,Tôi cam kết các thông tin trên là đúng sự thật
08/02/2026,buithihanh785@gmail.com,Bui Thi Hanh,2251164785,31/01/2004,Nữ,1205000785,0147769955,buithihanh785@sv.tlu.edu.vn,Công nghệ thông tin,Khoa học máy tính,64CNTT1,năm 1,3.89,Nghệ An,504,,https://drive.google.com/file/d/1XOaFYpFGatwCYkRe_A74qzyy-jvPvTuI/view?usp=drivesdk,Tôi cam kết các thông tin trên là đúng sự thật
08/02/2026,phamvancuong786@gmail.com,Pham Van Cuong,2251164786,08/08/2003,Nam,1205000786,0663619664,phamvancuong786@sv.tlu.edu.vn,Quản trị kinh doanh,Marketing,65MKT1,năm 1,3.23,Gia Lai,533,,https://drive.google.com/file/d/14wfGzvBDrrdphZWpTFIY25MIEsPCFqKv/view?usp=drivesdk,Tôi cam kết các thông tin trên là đúng sự thật
08/02/2026,vuthiphuong787@gmail.com,Vu Thi Phuong,2251164787,27/11/2006,Nữ,1205000787,0372721435,vuthiphuong787@sv.tlu.edu.vn,Kinh tế,Kinh tế xây dựng,65KTXD1,năm 3,3.27,Nam Định,299,,https://drive.google.com/file/d/1LKwQjtRVGWv5nI_pIUB6ROf4UtI60HVg/view?usp=drivesdk,Tôi cam kết các thông tin trên là đúng sự thật
08/02/2026,lethidieu788@gmail.com,Le Thi Dieu,2251164788,16/12/2006,Nữ,1205000788,0134217561,lethidieu788@sv.tlu.edu.vn,Kinh tế,Kế toán,65KT1,năm 1,2.59,Lào Cai,436,,https://drive.google.com/file/d/1kU6KiicsWkbCZYghiiz0jtRZmAS9_ekJ/view?usp=drivesdk,Tôi cam kết các thông tin trên là đúng sự thật
08/02/2026,lethidieu789@gmail.com,Le Thi Dieu,2251164789,23/10/2005,Nữ,1205000789,0451366464,lethidieu789@sv.tlu.edu.vn,Kinh tế,Kế toán,65KT1,năm 1,3.79,Gia Lai,251,,https://drive.google.com/file/d/1GJ2JqLEHLb9VU4ERHyVoFMp129i0OElY/view?usp=drivesdk,Tôi cam kết các thông tin trên là đúng sự thật
08/02/2026,buithihanh790@gmail.com,Bui Thi Hanh,2251164790,28/10/2006,Nữ,1205000790,0221878512,buithihanh790@sv.tlu.edu.vn,Môi trường,Kỹ thuật môi trường,65MT1,năm 1,3.48,Gia Lai,473,,https://drive.google.com/file/d/1IhLsg_8busdW-WAy-QtXONSLBQDmenqb/view?usp=drivesdk,Tôi cam kết các thông tin trên là đúng sự thật
08/02/2026,hoangvanlong791@gmail.com,Hoang Van Long,2251164791,30/06/2003,Nam,1205000791,0235304620,hoangvanlong791@sv.tlu.edu.vn,Công nghệ thông tin,Kỹ thuật phần mềm,64KTPM1,năm 1,03.03,Hà Nội,259,,https://drive.google.com/file/d/1hCz8wLY8_5N0sl90mg-ST15xxKJQRuVC/view?usp=drivesdk,Tôi cam kết các thông tin trên là đúng sự thật
08/02/2026,lethidieu792@gmail.com,Le Thi Dieu,2251164792,05/09/2003,Nữ,1205000792,0208215595,lethidieu792@sv.tlu.edu.vn,Công nghệ thông tin,Kỹ thuật phần mềm,64KTPM1,năm 4,3.16,Gia Lai,209,,https://drive.google.com/file/d/1Xnu0nJV96NESfFPMgrdeB-JoCyhXUDpG/view?usp=drivesdk,Tôi cam kết các thông tin trên là đúng sự thật
08/02/2026,lethidieu793@gmail.com,Le Thi Dieu,2251164793,03/11/2003,Nữ,1205000793,0043896529,lethidieu793@sv.tlu.edu.vn,Công nghệ thông tin,Hệ thống thông tin,64HTTT2,năm 3,2.83,Hưng Yên,144,,https://drive.google.com/file/d/1nKAsUMHitSwtTykedIrnfJWyWrfhedM3/view?usp=drivesdk,Tôi cam kết các thông tin trên là đúng sự thật
08/02/2026,buithihanh794@gmail.com,Bui Thi Hanh,2251164794,31/12/2004,Nữ,1205000794,0255154894,buithihanh794@sv.tlu.edu.vn,Kinh tế,Kế toán,65KT1,năm 1,3.49,Lào Cai,239,,https://drive.google.com/file/d/1IajJf--2ybJFBA7b-deSj-XBLdIjnXIM/view?usp=drivesdk,Tôi cam kết các thông tin trên là đúng sự thật
08/02/2026,lethidieu795@gmail.com,Le Thi Dieu,2251164795,10/04/2004,Nữ,1205000795,0148562918,lethidieu795@sv.tlu.edu.vn,Quản trị kinh doanh,Marketing,65MKT1,năm 2,3.82,Lào Cai,373,,https://drive.google.com/file/d/1a2YSXz_hrlhkQOZSVrJJNSEeTBS-iuIZ/view?usp=drivesdk,Tôi cam kết các thông tin trên là đúng sự thật
08/02/2026,phamvancuong796@gmail.com,Pham Van Cuong,2251164796,06/09/2006,Nam,1205000796,0151864714,phamvancuong796@sv.tlu.edu.vn,Công nghệ thông tin,Trí tuệ nhân tạo,64AI1,năm 1,2.65,Lào Cai,571,,https://drive.google.com/file/d/1QDpcip32oRxZ7r5EYatYYJygxDdteOkS/view?usp=drivesdk,Tôi cam kết các thông tin trên là đúng sự thật
08/02/2026,hoangvanlong797@gmail.com,Hoang Van Long,2251164797,03/10/2004,Nam,1205000797,0336643905,hoangvanlong797@sv.tlu.edu.vn,Môi trường,Kỹ thuật môi trường,65MT1,năm 1,3.60,Nghệ An,248,,https://drive.google.com/file/d/1AHcPgvO6mfXPIGmGzEfge7sETAOa6gTM/view?usp=drivesdk,Tôi cam kết các thông tin trên là đúng sự thật
08/02/2026,vuthiphuong798@gmail.com,Vu Thi Phuong,2251164798,20/02/2005,Nữ,1205000798,0629028805,vuthiphuong798@sv.tlu.edu.vn,Quản trị kinh doanh,Quản trị doanh nghiệp,65QTDN1,năm 1,3.38,Lào Cai,499,,https://drive.google.com/file/d/1Fq6DhSy8pL6LhWtCVaDyG8QhJx5j2a2E/view?usp=drivesdk,Tôi cam kết các thông tin trên là đúng sự thật
08/02/2026,dothimai799@gmail.com,Do Thi Mai,2251164799,13/01/2003,Nữ,1205000799,0085501380,dothimai799@sv.tlu.edu.vn,Kinh tế,Kinh tế xây dựng,65KTXD1,năm 1,3.41,Hà Nội,221,,https://drive.google.com/file/d/1j0wy131ijSOhRCHNvoh5CYSaZ5cdWYGB/view?usp=drivesdk,Tôi cam kết các thông tin trên là đúng sự thật
08/02/2026,buithihanh800@gmail.com,Bui Thi Hanh,2251164800,15/01/2004,Nữ,1205000800,0267310071,buithihanh800@sv.tlu.edu.vn,Kinh tế,Tài chính ngân hàng,65TCNH1,năm 1,03.01,Hà Nội,106,,https://drive.google.com/file/d/10jmLTUg7muuy-woQ69EH6ESjMustzXLi/view?usp=drivesdk,Tôi cam kết các thông tin trên là đúng sự thật
08/02/2026,hoangvanlong801@gmail.com,Hoang Van Long,2251164801,23/01/2005,Nam,1205000801,0960962646,hoangvanlong801@sv.tlu.edu.vn,Điện – Điện tử,Kỹ thuật điện,65D1,năm 1,2.63,Hà Nội,149,,https://drive.google.com/file/d/1M2kbAwFBhhay84G9HAUCveSWZABDuVyZ/view?usp=drivesdk,Tôi cam kết các thông tin trên là đúng sự thật
08/02/2026,phamvancuong802@gmail.com,Pham Van Cuong,2251164802,22/05/2004,Nam,1205000802,0073917494,phamvancuong802@sv.tlu.edu.vn,Công nghệ thông tin,Trí tuệ nhân tạo,64AI1,năm 1,3.34,Hưng Yên,483,,https://drive.google.com/file/d/1s1hSSAPrZFIWAJuesoCuImNDGZdvA0iz/view?usp=drivesdk,Tôi cam kết các thông tin trên là đúng sự thật
08/02/2026,dothimai803@gmail.com,Do Thi Mai,2251164803,07/01/2003,Nữ,1205000803,0809810608,dothimai803@sv.tlu.edu.vn,Xây dựng,Kỹ thuật xây dựng,65XDD1,năm 1,2.72,Gia Lai,203,,https://drive.google.com/file/d/1R6rFSMAsdou9N1eK8RB7DtrZEyFEVfRG/view?usp=drivesdk,Tôi cam kết các thông tin trên là đúng sự thật
08/02/2026,tranvanbinh804@gmail.com,Tran Van Binh,2251164804,14/07/2006,Nam,1205000804,0559384350,tranvanbinh804@sv.tlu.edu.vn,Công nghệ thông tin,Kỹ thuật phần mềm,64KTPM1,năm 4,2.97,Nam Định,269,,https://drive.google.com/file/d/1l_pK-IOy0TfNEmhmBT-wrkaZvaIm0tjE/view?usp=drivesdk,Tôi cam kết các thông tin trên là đúng sự thật
08/02/2026,nguyenvanan805@gmail.com,Nguyen Van An,2251164805,27/05/2006,Nam,1205000805,0502698155,nguyenvanan805@sv.tlu.edu.vn,Cơ khí,Cơ khí chế tạo,65CK1,năm 1,3.52,Nghệ An,123,,https://drive.google.com/file/d/1PbEBZxrpOy71yxojjdOegRPiqZkF9RlL/view?usp=drivesdk,Tôi cam kết các thông tin trên là đúng sự thật
08/02/2026,ngothilan806@gmail.com,Ngo Thi Lan,2251164806,06/07/2003,Nữ,1205000806,0042437294,ngothilan806@sv.tlu.edu.vn,Ngôn ngữ học,Ngôn ngữ Trung,66NNT1,năm 1,3.72,Thanh Hóa,422,,https://drive.google.com/file/d/1F1cLWPcHICYVsgkx69SFWjiNBY0ilA3I/view?usp=drivesdk,Tôi cam kết các thông tin trên là đúng sự thật
08/02/2026,tranvanbinh807@gmail.com,Tran Van Binh,2251164807,17/04/2006,Nam,1205000807,0071774256,tranvanbinh807@sv.tlu.edu.vn,Cơ khí,Cơ khí chế tạo,65CK1,năm 4,3.69,Hà Nội,23,,https://drive.google.com/file/d/1ByTT3Wwgfw03q-mYMKMm7mZagveS2MLW/view?usp=drivesdk,Tôi cam kết các thông tin trên là đúng sự thật
08/02/2026,ngothilan808@gmail.com,Ngo Thi Lan,2251164808,19/12/2003,Nữ,1205000808,0581322679,ngothilan808@sv.tlu.edu.vn,Kinh tế,Kinh tế xây dựng,65KTXD1,năm 4,2.86,Gia Lai,297,,https://drive.google.com/file/d/1EHjZqw1cYEkDTHmwFJ3wT1PXqsfMiZ1P/view?usp=drivesdk,Tôi cam kết các thông tin trên là đúng sự thật
08/02/2026,dangvankhanh809@gmail.com,Dang Van Khanh,2251164809,05/06/2003,Nam,1205000809,0043494484,dangvankhanh809@sv.tlu.edu.vn,Ngôn ngữ học,Ngôn ngữ Trung,66NNT1,năm 2,02.09,Thanh Hóa,207,,https://drive.google.com/file/d/1zc-X4wrNLPWOKpaDjox7AYAeiZze-6xX/view?usp=drivesdk,Tôi cam kết các thông tin trên là đúng sự thật
08/02/2026,buithihanh810@gmail.com,Bui Thi Hanh,2251164810,04/06/2003,Nữ,1205000810,0179061856,buithihanh810@sv.tlu.edu.vn,Quản trị kinh doanh,Quản trị doanh nghiệp,65QTDN1,năm 1,3.71,Nam Định,230,,https://drive.google.com/file/d/1TJkAzqkKT9k3qtURfAG-KCAtlOXEJP7f/view?usp=drivesdk,Tôi cam kết các thông tin trên là đúng sự thật
08/02/2026,tranvanbinh811@gmail.com,Tran Van Binh,2251164811,12/06/2006,Nam,1205000811,0151215389,tranvanbinh811@sv.tlu.edu.vn,Kinh tế,Kinh tế xây dựng,65KTXD1,năm 1,2.84,Thanh Hóa,95,,https://drive.google.com/file/d/1WxaRXaonCNBGTLIOqfygZmWmKX-kPYJo/view?usp=drivesdk,Tôi cam kết các thông tin trên là đúng sự thật
08/02/2026,buithihanh812@gmail.com,Bui Thi Hanh,2251164812,28/03/2006,Nữ,1205000812,0620054350,buithihanh812@sv.tlu.edu.vn,Môi trường,Kỹ thuật môi trường,65MT1,năm 1,3.45,Hưng Yên,247,,https://drive.google.com/file/d/1Vw9yWUU63TYliwGP4w2m2VnG0KlCvQac/view?usp=drivesdk,Tôi cam kết các thông tin trên là đúng sự thật
08/02/2026,hoangvanlong813@gmail.com,Hoang Van Long,2251164813,10/01/2003,Nam,1205000813,0612023587,hoangvanlong813@sv.tlu.edu.vn,Kinh tế,Tài chính ngân hàng,65TCNH1,năm 4,3.96,Thanh Hóa,246,,https://drive.google.com/file/d/151UC5HMzIrLhNhtZQwNrp0FfJO_fd5ca/view?usp=drivesdk,Tôi cam kết các thông tin trên là đúng sự thật
08/02/2026,hoangvanlong814@gmail.com,Hoang Van Long,2251164814,07/12/2004,Nam,1205000814,0296688573,hoangvanlong814@sv.tlu.edu.vn,Quản trị kinh doanh,Quản trị doanh nghiệp,65QTDN1,năm 1,3.66,Nam Định,548,,https://drive.google.com/file/d/10-Jre-O83ppaGBKHGHgcGz1OtwkpwY2q/view?usp=drivesdk,Tôi cam kết các thông tin trên là đúng sự thật
08/02/2026,tranvanbinh815@gmail.com,Tran Van Binh,2251164815,11/09/2003,Nam,1205000815,0101841967,tranvanbinh815@sv.tlu.edu.vn,Kinh tế,Tài chính ngân hàng,65TCNH1,năm 1,3.90,Hưng Yên,421,,https://drive.google.com/file/d/1n4Ae0gtYXbmCxM_hnNnaaO0DtodlbgJn/view?usp=drivesdk,Tôi cam kết các thông tin trên là đúng sự thật
08/02/2026,tranvanbinh816@gmail.com,Tran Van Binh,2251164816,18/01/2005,Nam,1205000816,0958201661,tranvanbinh816@sv.tlu.edu.vn,Kinh tế,Kế toán,65KT1,năm 3,3.19,Hưng Yên,60,,https://drive.google.com/file/d/1_Oo4n2wS4nFEB-sWoBteIU34PgG4o4t6/view?usp=drivesdk,Tôi cam kết các thông tin trên là đúng sự thật
08/02/2026,buithihanh817@gmail.com,Bui Thi Hanh,2251164817,18/09/2004,Nữ,1205000817,0401608856,buithihanh817@sv.tlu.edu.vn,Điện – Điện tử,Kỹ thuật điện,65D1,năm 2,3.89,Hưng Yên,220,,https://drive.google.com/file/d/1K9gcrxYf34Qb6gjfslVcz7fK1JYBwUys/view?usp=drivesdk,Tôi cam kết các thông tin trên là đúng sự thật
08/02/2026,buithihanh818@gmail.com,Bui Thi Hanh,2251164818,22/05/2006,Nữ,1205000818,0487462453,buithihanh818@sv.tlu.edu.vn,Ngôn ngữ học,Ngôn ngữ Anh,66NNA1,năm 1,2.93,Nghệ An,349,,https://drive.google.com/file/d/134Xcem8jIRt9XPHJAltAn4tzEv9Ffb6p/view?usp=drivesdk,Tôi cam kết các thông tin trên là đúng sự thật
08/02/2026,tranvanbinh819@gmail.com,Tran Van Binh,2251164819,13/04/2006,Nam,1205000819,0938278476,tranvanbinh819@sv.tlu.edu.vn,Quản trị kinh doanh,Quản trị doanh nghiệp,65QTDN1,năm 3,2.87,Nam Định,267,,https://drive.google.com/file/d/1h4b3nACXw__XdgrYbA7dDmyX40xWk3zt/view?usp=drivesdk,Tôi cam kết các thông tin trên là đúng sự thật
08/02/2026,vuthiphuong820@gmail.com,Vu Thi Phuong,2251164820,16/09/2003,Nữ,1205000820,0173893105,vuthiphuong820@sv.tlu.edu.vn,Công nghệ thông tin,Mạng máy tính,64MMT1,năm 1,3.16,Lào Cai,234,,https://drive.google.com/file/d/1ZYXqjT80g-0eHUu07PDjI9iI9PW4YPls/view?usp=drivesdk,Tôi cam kết các thông tin trên là đúng sự thật
08/02/2026,nguyenvanan821@gmail.com,Nguyen Van An,2251164821,07/04/2006,Nam,1205000821,0656203600,nguyenvanan821@sv.tlu.edu.vn,Công nghệ thông tin,Kỹ thuật phần mềm,64KTPM1,năm 1,03.04,Nam Định,220,,https://drive.google.com/file/d/1AsFRV43xCi_dU-4FOuau7J7fRZ2Yd8Kw/view?usp=drivesdk,Tôi cam kết các thông tin trên là đúng sự thật
08/02/2026,dangvankhanh822@gmail.com,Dang Van Khanh,2251164822,19/10/2003,Nam,1205000822,0781135443,dangvankhanh822@sv.tlu.edu.vn,Ngôn ngữ học,Ngôn ngữ Trung,66NNT1,năm 2,3.53,Hà Nội,196,,https://drive.google.com/file/d/1t8usXd7GgwdC1zBL3wDzB4_oS_3o1aAG/view?usp=drivesdk,Tôi cam kết các thông tin trên là đúng sự thật
08/02/2026,dangvankhanh823@gmail.com,Dang Van Khanh,2251164823,27/06/2006,Nam,1205000823,0130778553,dangvankhanh823@sv.tlu.edu.vn,Xây dựng,Kỹ thuật xây dựng,65XDD1,năm 1,3.85,Thanh Hóa,591,,https://drive.google.com/file/d/121yO6PQF75iTk_baG855-KOYzA0n701m/view?usp=drivesdk,Tôi cam kết các thông tin trên là đúng sự thật
08/02/2026,hoangvanlong824@gmail.com,Hoang Van Long,2251164824,07/01/2004,Nam,1205000824,0296963638,hoangvanlong824@sv.tlu.edu.vn,Môi trường,Kỹ thuật môi trường,65MT1,năm 1,3.96,Nam Định,515,,https://drive.google.com/file/d/1ttawA1-wCBqzx81WXzzG5Fy4e3I7t1Va/view?usp=drivesdk,Tôi cam kết các thông tin trên là đúng sự thật
08/02/2026,lethidieu825@gmail.com,Le Thi Dieu,2251164825,08/06/2003,Nữ,1205000825,0811060503,lethidieu825@sv.tlu.edu.vn,Môi trường,Kỹ thuật môi trường,65MT1,năm 1,3.56,Lào Cai,297,,https://drive.google.com/file/d/1mgcnxaE3PndrrKzlxTh2_-GsnvNgAspP/view?usp=drivesdk,Tôi cam kết các thông tin trên là đúng sự thật
08/02/2026,dangvankhanh826@gmail.com,Dang Van Khanh,2251164826,21/05/2003,Nam,1205000826,0056038158,dangvankhanh826@sv.tlu.edu.vn,Xây dựng,Kỹ thuật xây dựng,65XDD1,năm 2,2.98,Nghệ An,40,,https://drive.google.com/file/d/16tEmN5my_Cxo7EuN4T4wJB5qeFdMvlfc/view?usp=drivesdk,Tôi cam kết các thông tin trên là đúng sự thật
08/02/2026,nguyenvanan827@gmail.com,Nguyen Van An,2251164827,12/02/2003,Nam,1205000827,0791811640,nguyenvanan827@sv.tlu.edu.vn,Điện – Điện tử,Kỹ thuật điện,65D1,năm 1,3.48,Lào Cai,583,,https://drive.google.com/file/d/18l3m_jj5Z6tpfzTyiDZUM2mwevR3HqBC/view?usp=drivesdk,Tôi cam kết các thông tin trên là đúng sự thật
08/02/2026,dangvankhanh828@gmail.com,Dang Van Khanh,2251164828,05/11/2004,Nam,1205000828,0650113338,dangvankhanh828@sv.tlu.edu.vn,Công nghệ thông tin,Kỹ thuật phần mềm,64KTPM1,năm 1,2.57,Nam Định,363,,https://drive.google.com/file/d/14axTAqULZ6M1upKNiljDWxXpAX2Stmex/view?usp=drivesdk,Tôi cam kết các thông tin trên là đúng sự thật
08/02/2026,nguyenvanan829@gmail.com,Nguyen Van An,2251164829,11/11/2004,Nam,1205000829,0319086632,nguyenvanan829@sv.tlu.edu.vn,Quản trị kinh doanh,Quản trị doanh nghiệp,65QTDN1,năm 3,2.89,Lào Cai,206,,https://drive.google.com/file/d/1POOEaVqkMWlkAXSN4739-32T7Y2askma/view?usp=drivesdk,Tôi cam kết các thông tin trên là đúng sự thật
08/02/2026,lethidieu830@gmail.com,Le Thi Dieu,2251164830,26/10/2005,Nữ,1205000830,0985415334,lethidieu830@sv.tlu.edu.vn,Điện – Điện tử,Kỹ thuật điện,65D1,năm 4,3.60,Lào Cai,149,,https://drive.google.com/file/d/1JW7VFNZ6mbwzcPy7mxZdCoECBp4K5pUU/view?usp=drivesdk,Tôi cam kết các thông tin trên là đúng sự thật
08/02/2026,hoangvanlong831@gmail.com,Hoang Van Long,2251164831,10/03/2006,Nam,1205000831,0996663103,hoangvanlong831@sv.tlu.edu.vn,Kinh tế,Kế toán,65KT1,năm 2,3.90,Lào Cai,400,,https://drive.google.com/file/d/1EHdLbFdzoFXMOIfKT19wgZcJHwGMjICb/view?usp=drivesdk,Tôi cam kết các thông tin trên là đúng sự thật
08/02/2026,lethidieu832@gmail.com,Le Thi Dieu,2251164832,05/04/2003,Nữ,1205000832,0148532397,lethidieu832@sv.tlu.edu.vn,Công nghệ thông tin,Kỹ thuật phần mềm,64KTPM1,năm 2,2.20,Nam Định,106,,https://drive.google.com/file/d/1fnTn60Y8wWSqpAu5LGGsa1tDftwshYJQ/view?usp=drivesdk,Tôi cam kết các thông tin trên là đúng sự thật
08/02/2026,buithihanh833@gmail.com,Bui Thi Hanh,2251164833,24/01/2006,Nữ,1205000833,0731203273,buithihanh833@sv.tlu.edu.vn,Công nghệ thông tin,Mạng máy tính,64MMT1,năm 2,2.86,Hà Nội,67,,https://drive.google.com/file/d/1_4x291SgJs2PHsDabnidd41c5_yFfQUU/view?usp=drivesdk,Tôi cam kết các thông tin trên là đúng sự thật
08/02/2026,phamvancuong834@gmail.com,Pham Van Cuong,2251164834,28/07/2004,Nam,1205000834,0367881773,phamvancuong834@sv.tlu.edu.vn,Quản trị kinh doanh,Quản trị doanh nghiệp,65QTDN1,năm 1,3.17,Hưng Yên,259,,https://drive.google.com/file/d/1KMvpaE1dwxrLuCfKsgBDrJc2Mn722Ibn/view?usp=drivesdk,Tôi cam kết các thông tin trên là đúng sự thật
08/02/2026,dangvankhanh835@gmail.com,Dang Van Khanh,2251164835,18/10/2005,Nam,1205000835,0922066459,dangvankhanh835@sv.tlu.edu.vn,Công nghệ thông tin,Mạng máy tính,64MMT1,năm 1,3.53,Gia Lai,382,,https://drive.google.com/file/d/1r7EucvJteN3TwUQBFgl7PnqA1j8etvmN/view?usp=drivesdk,Tôi cam kết các thông tin trên là đúng sự thật
08/02/2026,dangvankhanh836@gmail.com,Dang Van Khanh,2251164836,19/04/2005,Nam,1205000836,0902720079,dangvankhanh836@sv.tlu.edu.vn,Điện – Điện tử,Kỹ thuật điện,65D1,năm 4,02.04,Nghệ An,77,,https://drive.google.com/file/d/1LWgFTHV6Z_qH0BlyXPVdlXon83631yxp/view?usp=drivesdk,Tôi cam kết các thông tin trên là đúng sự thật
08/02/2026,dangvankhanh837@gmail.com,Dang Van Khanh,2251164837,11/04/2006,Nam,1205000837,0468166867,dangvankhanh837@sv.tlu.edu.vn,Cơ khí,Cơ khí chế tạo,65CK1,năm 4,2.24,Hà Nội,492,,https://drive.google.com/file/d/1_QhSClgrKKDBc4SCSFlIZA62H9_4lQyi/view?usp=drivesdk,Tôi cam kết các thông tin trên là đúng sự thật
08/02/2026,lethidieu838@gmail.com,Le Thi Dieu,2251164838,13/10/2005,Nữ,1205000838,0869041594,lethidieu838@sv.tlu.edu.vn,Công nghệ thông tin,Mạng máy tính,64MMT1,năm 4,2.68,Thanh Hóa,135,,https://drive.google.com/file/d/18Zof3V1dYOMYV37WETUVgIed0NhScsmf/view?usp=drivesdk,Tôi cam kết các thông tin trên là đúng sự thật
08/02/2026,hoangvanlong839@gmail.com,Hoang Van Long,2251164839,03/08/2005,Nam,1205000839,0412516949,hoangvanlong839@sv.tlu.edu.vn,Kinh tế,Tài chính ngân hàng,65TCNH1,năm 1,3.76,Hà Nội,234,,https://drive.google.com/file/d/1rCxHS_-WwqQ0w6Rx3M1knE-Hh-S07863/view?usp=drivesdk,Tôi cam kết các thông tin trên là đúng sự thật
08/02/2026,hoangvanlong840@gmail.com,Hoang Van Long,2251164840,06/04/2005,Nam,1205000840,0241475043,hoangvanlong840@sv.tlu.edu.vn,Điện – Điện tử,Kỹ thuật điện,65D1,năm 1,2.61,Thanh Hóa,110,,https://drive.google.com/file/d/1V7u-6h6J2r5SX6j1R9K1thBkN5PM7tXI/view?usp=drivesdk,Tôi cam kết các thông tin trên là đúng sự thật
08/02/2026,buithihanh841@gmail.com,Bui Thi Hanh,2251164841,23/06/2004,Nữ,1205000841,0575609758,buithihanh841@sv.tlu.edu.vn,Công nghệ thông tin,Mạng máy tính,64MMT1,năm 1,2.79,Thanh Hóa,173,,https://drive.google.com/file/d/1-qOftgdES2BWtn5_WfNIq-EZtFz8ld_r/view?usp=drivesdk,Tôi cam kết các thông tin trên là đúng sự thật
08/02/2026,vuthiphuong842@gmail.com,Vu Thi Phuong,2251164842,12/05/2006,Nữ,1205000842,0287617654,vuthiphuong842@sv.tlu.edu.vn,Quản trị kinh doanh,Marketing,65MKT1,năm 3,2.91,Hưng Yên,255,,https://drive.google.com/file/d/1a5G87boZDTE0iB_ZovhVXSfqQFSPk6k1/view?usp=drivesdk,Tôi cam kết các thông tin trên là đúng sự thật
08/02/2026,dothimai843@gmail.com,Do Thi Mai,2251164843,13/04/2003,Nữ,1205000843,0500757057,dothimai843@sv.tlu.edu.vn,Quản trị kinh doanh,Marketing,65MKT1,năm 1,2.30,Hà Nội,553,,https://drive.google.com/file/d/1rG4_SqUu98_sdyM2fush04hYxzmU9SQD/view?usp=drivesdk,Tôi cam kết các thông tin trên là đúng sự thật
08/02/2026,buithihanh844@gmail.com,Bui Thi Hanh,2251164844,08/06/2003,Nữ,1205000844,0021425986,buithihanh844@sv.tlu.edu.vn,Công nghệ thông tin,Kỹ thuật phần mềm,64KTPM1,năm 1,3.61,Nghệ An,135,,https://drive.google.com/file/d/1cdX3ALhd7-QlDmZWI7VxpxnEBJCLHEOi/view?usp=drivesdk,Tôi cam kết các thông tin trên là đúng sự thật
08/02/2026,tranvanbinh845@gmail.com,Tran Van Binh,2251164845,22/03/2006,Nam,1205000845,0073555973,tranvanbinh845@sv.tlu.edu.vn,Ngôn ngữ học,Ngôn ngữ Anh,66NNA1,năm 1,2.97,Gia Lai,156,,https://drive.google.com/file/d/1wEkfPRpE2qKcRrXRFLf3mIoOfLzzQ2qR/view?usp=drivesdk,Tôi cam kết các thông tin trên là đúng sự thật
08/02/2026,hoangvanlong846@gmail.com,Hoang Van Long,2251164846,19/02/2003,Nam,1205000846,0275819690,hoangvanlong846@sv.tlu.edu.vn,Ngôn ngữ học,Ngôn ngữ Anh,66NNA1,năm 4,2.52,Hưng Yên,243,,https://drive.google.com/file/d/1YNs-qqe94iMSwlAvlsPJSpEJLJXDh_0D/view?usp=drivesdk,Tôi cam kết các thông tin trên là đúng sự thật
08/02/2026,dothimai847@gmail.com,Do Thi Mai,2251164847,07/04/2003,Nữ,1205000847,0379110858,dothimai847@sv.tlu.edu.vn,Công nghệ thông tin,Khoa học máy tính,64CNTT1,năm 1,3.17,Thanh Hóa,449,,https://drive.google.com/file/d/1XEiyG3cKPEdVFGTGVt65V1LZnErkXryx/view?usp=drivesdk,Tôi cam kết các thông tin trên là đúng sự thật
08/02/2026,tranvanbinh848@gmail.com,Tran Van Binh,2251164848,26/06/2003,Nam,1205000848,0515964905,tranvanbinh848@sv.tlu.edu.vn,Ngôn ngữ học,Ngôn ngữ Trung,66NNT1,năm 3,2.90,Hà Nội,331,,https://drive.google.com/file/d/1mcxA9gbC0xswwkh6_n0w6VKu3wjbAtfA/view?usp=drivesdk,Tôi cam kết các thông tin trên là đúng sự thật
08/02/2026,tranvanbinh849@gmail.com,Tran Van Binh,2251164849,02/06/2003,Nam,1205000849,0595817094,tranvanbinh849@sv.tlu.edu.vn,Cơ khí,Cơ khí chế tạo,65CK1,năm 2,3.17,Thanh Hóa,228,,https://drive.google.com/file/d/1eN80fFOANpPKYs_iXZ1kcjptC_tNxYeP/view?usp=drivesdk,Tôi cam kết các thông tin trên là đúng sự thật
08/02/2026,dothimai850@gmail.com,Do Thi Mai,2251164850,25/10/2003,Nữ,1205000850,0443276179,dothimai850@sv.tlu.edu.vn,Kinh tế,Kinh tế xây dựng,65KTXD1,năm 1,2.24,Gia Lai,422,,https://drive.google.com/file/d/17Y2MLlgAKKD--1cVYPvjf8wZwcSDa9-U/view?usp=drivesdk,Tôi cam kết các thông tin trên là đúng sự thật
08/02/2026,dothimai851@gmail.com,Do Thi Mai,2251164851,03/05/2003,Nữ,1205000851,0300195424,dothimai851@sv.tlu.edu.vn,Kinh tế,Kinh tế xây dựng,65KTXD1,năm 1,3.14,Thanh Hóa,335,,https://drive.google.com/file/d/19YUPSy38Q91BTeY2ibweG28gaj3IVTyL/view?usp=drivesdk,Tôi cam kết các thông tin trên là đúng sự thật
08/02/2026,hoangvanlong852@gmail.com,Hoang Van Long,2251164852,16/03/2006,Nam,1205000852,0310735011,hoangvanlong852@sv.tlu.edu.vn,Cơ khí,Cơ khí chế tạo,65CK1,năm 1,3.45,Thanh Hóa,142,,https://drive.google.com/file/d/1-Pm_PF2EbnBHN_CRXs-3jZQLa7A1fP3-/view?usp=drivesdk,Tôi cam kết các thông tin trên là đúng sự thật
08/02/2026,nguyenvanan853@gmail.com,Nguyen Van An,2251164853,27/11/2003,Nam,1205000853,0318222847,nguyenvanan853@sv.tlu.edu.vn,Kinh tế,Kế toán,65KT1,năm 1,3.93,Nghệ An,598,,https://drive.google.com/file/d/1jiFLELS3oQGd15JvgqTKHzNLW5ddMm0n/view?usp=drivesdk,Tôi cam kết các thông tin trên là đúng sự thật
08/02/2026,phamvancuong854@gmail.com,Pham Van Cuong,2251164854,16/02/2005,Nam,1205000854,0301477925,phamvancuong854@sv.tlu.edu.vn,Điện – Điện tử,Kỹ thuật điện,65D1,năm 1,3.98,Hưng Yên,428,,https://drive.google.com/file/d/1tyNPdPNg4ioAsMUiuy6rFNQd8gN5Rltm/view?usp=drivesdk,Tôi cam kết các thông tin trên là đúng sự thật
08/02/2026,lethidieu855@gmail.com,Le Thi Dieu,2251164855,20/03/2005,Nữ,1205000855,0483527842,lethidieu855@sv.tlu.edu.vn,Cơ khí,Cơ khí chế tạo,65CK1,năm 1,3.65,Thanh Hóa,463,,https://drive.google.com/file/d/1K0fM_2nG3Ag_UbGXxHNuDuU7yHpy2Bt6/view?usp=drivesdk,Tôi cam kết các thông tin trên là đúng sự thật
08/02/2026,lethidieu856@gmail.com,Le Thi Dieu,2251164856,12/11/2005,Nữ,1205000856,0005904398,lethidieu856@sv.tlu.edu.vn,Ngôn ngữ học,Ngôn ngữ Anh,66NNA1,năm 1,2.96,Lào Cai,441,,https://drive.google.com/file/d/1N1D9HHAOYWjqYOB0XiQlG7onXFohEczV/view?usp=drivesdk,Tôi cam kết các thông tin trên là đúng sự thật
08/02/2026,hoangvanlong857@gmail.com,Hoang Van Long,2251164857,19/07/2005,Nam,1205000857,0120573553,hoangvanlong857@sv.tlu.edu.vn,Công nghệ thông tin,Trí tuệ nhân tạo,64AI1,năm 1,2.73,Nam Định,317,,https://drive.google.com/file/d/1fcDJrVfHfdXwvIFLptlv7te_IvQB3iV7/view?usp=drivesdk,Tôi cam kết các thông tin trên là đúng sự thật
08/02/2026,tranvanbinh858@gmail.com,Tran Van Binh,2251164858,19/07/2005,Nam,1205000858,0142764532,tranvanbinh858@sv.tlu.edu.vn,Công nghệ thông tin,Hệ thống thông tin,64HTTT2,năm 4,3.19,Hưng Yên,63,,https://drive.google.com/file/d/1ofPQxY8xKT-aW3BCEvuUEHrTcWEAcEAH/view?usp=drivesdk,Tôi cam kết các thông tin trên là đúng sự thật
08/02/2026,dothimai859@gmail.com,Do Thi Mai,2251164859,07/06/2005,Nữ,1205000859,0851073670,dothimai859@sv.tlu.edu.vn,Công nghệ thông tin,Hệ thống thông tin,64HTTT2,năm 1,3.66,Nghệ An,216,,https://drive.google.com/file/d/1gxylG_BbvsDhwn11CwMwTJUbtr8omiVL/view?usp=drivesdk,Tôi cam kết các thông tin trên là đúng sự thật
08/02/2026,vuthiphuong860@gmail.com,Vu Thi Phuong,2251164860,04/06/2005,Nữ,1205000860,0215538327,vuthiphuong860@sv.tlu.edu.vn,Xây dựng,Kỹ thuật xây dựng,65XDD1,năm 4,3.84,Nghệ An,250,,https://drive.google.com/file/d/1p9t4Tl7zsUUvC1io6JAYJozi5_sSHChb/view?usp=drivesdk,Tôi cam kết các thông tin trên là đúng sự thật
08/02/2026,tranvanbinh861@gmail.com,Tran Van Binh,2251164861,31/08/2006,Nam,1205000861,0661619745,tranvanbinh861@sv.tlu.edu.vn,Công nghệ thông tin,Hệ thống thông tin,64HTTT2,năm 2,3.50,Thanh Hóa,375,,https://drive.google.com/file/d/1ozntAD31QlyHxNyth2CzooT6S7jvEmpk/view?usp=drivesdk,Tôi cam kết các thông tin trên là đúng sự thật
08/02/2026,dothimai862@gmail.com,Do Thi Mai,2251164862,16/11/2004,Nữ,1205000862,0222751213,dothimai862@sv.tlu.edu.vn,Kinh tế,Tài chính ngân hàng,65TCNH1,năm 1,3.23,Lào Cai,199,,https://drive.google.com/file/d/14lI_5pr_9tBE5e20HpFD97eJrzyXCnF-/view?usp=drivesdk,Tôi cam kết các thông tin trên là đúng sự thật
08/02/2026,buithihanh863@gmail.com,Bui Thi Hanh,2251164863,22/03/2005,Nữ,1205000863,0580880783,buithihanh863@sv.tlu.edu.vn,Công nghệ thông tin,Khoa học máy tính,64CNTT1,năm 1,3.48,Lào Cai,182,,https://drive.google.com/file/d/1V035wD--Bf5YtgZBgKDO8n_Ap993qEc-/view?usp=drivesdk,Tôi cam kết các thông tin trên là đúng sự thật
08/02/2026,dangvankhanh864@gmail.com,Dang Van Khanh,2251164864,12/08/2005,Nam,1205000864,0635547630,dangvankhanh864@sv.tlu.edu.vn,Xây dựng,Kỹ thuật xây dựng,65XDD1,năm 1,03.07,Hưng Yên,134,,https://drive.google.com/file/d/1M2uV9UlDEb5g6zO5LGTmI-nXVPE_no_g/view?usp=drivesdk,Tôi cam kết các thông tin trên là đúng sự thật
08/02/2026,vuthiphuong865@gmail.com,Vu Thi Phuong,2251164865,16/06/2005,Nữ,1205000865,0549215035,vuthiphuong865@sv.tlu.edu.vn,Ngôn ngữ học,Ngôn ngữ Anh,66NNA1,năm 3,3.61,Nam Định,244,,https://drive.google.com/file/d/17C3_MSsuDL9_J-AbRI-ZATxDkOSXzfW5/view?usp=drivesdk,Tôi cam kết các thông tin trên là đúng sự thật
08/02/2026,phamvancuong866@gmail.com,Pham Van Cuong,2251164866,03/10/2004,Nam,1205000866,0210563499,phamvancuong866@sv.tlu.edu.vn,Xây dựng,Kỹ thuật xây dựng,65XDD1,năm 3,3.89,Nghệ An,39,,https://drive.google.com/file/d/1Ocj5RxvhZRRVi11nhcDca84qIjQ2niIJ/view?usp=drivesdk,Tôi cam kết các thông tin trên là đúng sự thật
08/02/2026,tranvanbinh867@gmail.com,Tran Van Binh,2251164867,02/10/2004,Nam,1205000867,0219201156,tranvanbinh867@sv.tlu.edu.vn,Kinh tế,Kinh tế xây dựng,65KTXD1,năm 1,3.68,Nghệ An,316,,https://drive.google.com/file/d/1eTDOd-uWb6RHzWJEGXbuCi0J8DBH_jM3/view?usp=drivesdk,Tôi cam kết các thông tin trên là đúng sự thật
08/02/2026,ngothilan868@gmail.com,Ngo Thi Lan,2251164868,05/12/2006,Nữ,1205000868,0822390987,ngothilan868@sv.tlu.edu.vn,Kinh tế,Kế toán,65KT1,năm 1,3.95,Gia Lai,438,,https://drive.google.com/file/d/12C4o1Z0mqEGb5doPEbZGG-bZHnbQqY6l/view?usp=drivesdk,Tôi cam kết các thông tin trên là đúng sự thật
08/02/2026,lethidieu869@gmail.com,Le Thi Dieu,2251164869,13/10/2003,Nữ,1205000869,0979471835,lethidieu869@sv.tlu.edu.vn,Điện – Điện tử,Kỹ thuật điện,65D1,năm 2,3.00,Thanh Hóa,195,,https://drive.google.com/file/d/1uBPsmN_m_ETseaDmd33dqjX7t9NoHb-G/view?usp=drivesdk,Tôi cam kết các thông tin trên là đúng sự thật
08/02/2026,vuthiphuong870@gmail.com,Vu Thi Phuong,2251164870,28/12/2003,Nữ,1205000870,0497369415,vuthiphuong870@sv.tlu.edu.vn,Xây dựng,Công trình thủy,65CTT1,năm 1,2.52,Gia Lai,313,,https://drive.google.com/file/d/1SzWqKmE6CNwX9tqenv4ZqiSMQSUTMP3e/view?usp=drivesdk,Tôi cam kết các thông tin trên là đúng sự thật
08/02/2026,lethidieu871@gmail.com,Le Thi Dieu,2251164871,13/12/2006,Nữ,1205000871,0499335092,lethidieu871@sv.tlu.edu.vn,Xây dựng,Công trình thủy,65CTT1,năm 3,3.34,Lào Cai,391,,https://drive.google.com/file/d/1qAVbTV_9B9D88OupwF_m8Rr8xXdcafpn/view?usp=drivesdk,Tôi cam kết các thông tin trên là đúng sự thật
08/02/2026,dothimai872@gmail.com,Do Thi Mai,2251164872,19/11/2005,Nữ,1205000872,0415175451,dothimai872@sv.tlu.edu.vn,Cơ khí,Cơ khí chế tạo,65CK1,năm 1,2.93,Hưng Yên,266,,https://drive.google.com/file/d/1iyA4aeK_3Ir5wm_u7s_1AOpuJ9HOjBxR/view?usp=drivesdk,Tôi cam kết các thông tin trên là đúng sự thật
08/02/2026,ngothilan873@gmail.com,Ngo Thi Lan,2251164873,08/09/2003,Nữ,1205000873,0126914849,ngothilan873@sv.tlu.edu.vn,Công nghệ thông tin,Khoa học máy tính,64CNTT1,năm 1,3.13,Hưng Yên,337,,https://drive.google.com/file/d/1v6HQGwuLhhL2RXnqPnrnW6_1SYRfLNnX/view?usp=drivesdk,Tôi cam kết các thông tin trên là đúng sự thật
08/02/2026,phamvancuong874@gmail.com,Pham Van Cuong,2251164874,31/05/2005,Nam,1205000874,0328734787,phamvancuong874@sv.tlu.edu.vn,Cơ khí,Cơ khí chế tạo,65CK1,năm 1,3.58,Lào Cai,508,,https://drive.google.com/file/d/1QbTY1Amc26YF5BHZqGcqbrr86-Vth-94/view?usp=drivesdk,Tôi cam kết các thông tin trên là đúng sự thật
08/02/2026,dangvankhanh875@gmail.com,Dang Van Khanh,2251164875,01/11/2006,Nam,1205000875,0775845007,dangvankhanh875@sv.tlu.edu.vn,Cơ khí,Cơ khí chế tạo,65CK1,năm 2,2.51,Gia Lai,173,,https://drive.google.com/file/d/1Srd45AkI3bvdkSrtdvl_KLg-w2bj-E34/view?usp=drivesdk,Tôi cam kết các thông tin trên là đúng sự thật
08/02/2026,dothimai876@gmail.com,Do Thi Mai,2251164876,29/09/2004,Nữ,1205000876,0915776691,dothimai876@sv.tlu.edu.vn,Xây dựng,Công trình thủy,65CTT1,năm 3,3.93,Thanh Hóa,174,,https://drive.google.com/file/d/1edHeatpwECPLuwhXpPFH8g2CkMhSh5IE/view?usp=drivesdk,Tôi cam kết các thông tin trên là đúng sự thật
08/02/2026,lethidieu877@gmail.com,Le Thi Dieu,2251164877,20/11/2005,Nữ,1205000877,0625570459,lethidieu877@sv.tlu.edu.vn,Công nghệ thông tin,Hệ thống thông tin,64HTTT2,năm 1,3.47,Hà Nội,535,,https://drive.google.com/file/d/1gmneEw0y2YZ0G23cjPl9cJ4Cafi5Nbur/view?usp=drivesdk,Tôi cam kết các thông tin trên là đúng sự thật
08/02/2026,vuthiphuong878@gmail.com,Vu Thi Phuong,2251164878,24/05/2006,Nữ,1205000878,0823460139,vuthiphuong878@sv.tlu.edu.vn,Cơ khí,Cơ khí chế tạo,65CK1,năm 4,3.35,Hưng Yên,237,,https://drive.google.com/file/d/17umtCZxzHwlvJ_1qTajmYcD7_JdB_M8D/view?usp=drivesdk,Tôi cam kết các thông tin trên là đúng sự thật
08/02/2026,dothimai879@gmail.com,Do Thi Mai,2251164879,19/10/2006,Nữ,1205000879,0373126330,dothimai879@sv.tlu.edu.vn,Kinh tế,Tài chính ngân hàng,65TCNH1,năm 2,3.79,Thanh Hóa,265,,https://drive.google.com/file/d/11-hnHo1YCL-YPx9op72kiopkjte6Mfp9/view?usp=drivesdk,Tôi cam kết các thông tin trên là đúng sự thật
08/02/2026,ngothilan880@gmail.com,Ngo Thi Lan,2251164880,21/05/2006,Nữ,1205000880,0722788620,ngothilan880@sv.tlu.edu.vn,Ngôn ngữ học,Ngôn ngữ Anh,66NNA1,năm 1,2.70,Hà Nội,484,,https://drive.google.com/file/d/1CBnwd6soB5VSCpOf42Cn5klFbNYCJD6A/view?usp=drivesdk,Tôi cam kết các thông tin trên là đúng sự thật
08/02/2026,phamvancuong881@gmail.com,Pham Van Cuong,2251164881,28/04/2005,Nam,1205000881,0983947534,phamvancuong881@sv.tlu.edu.vn,Công nghệ thông tin,Kỹ thuật phần mềm,64KTPM1,năm 3,3.88,Nghệ An,365,,https://drive.google.com/file/d/1nwO5kWYpl8Qx-17tRkJCQ8Xs3cRFFLMW/view?usp=drivesdk,Tôi cam kết các thông tin trên là đúng sự thật
08/02/2026,lethidieu882@gmail.com,Le Thi Dieu,2251164882,01/11/2004,Nữ,1205000882,0198224087,lethidieu882@sv.tlu.edu.vn,Công nghệ thông tin,Mạng máy tính,64MMT1,năm 1,3.26,Gia Lai,412,,https://drive.google.com/file/d/1tC6X8hy7zWhiDlmDpFV5tg6frV5hG0_6/view?usp=drivesdk,Tôi cam kết các thông tin trên là đúng sự thật
08/02/2026,ngothilan883@gmail.com,Ngo Thi Lan,2251164883,22/04/2003,Nữ,1205000883,0864597035,ngothilan883@sv.tlu.edu.vn,Xây dựng,Kỹ thuật xây dựng,65XDD1,năm 2,3.59,Nam Định,152,,https://drive.google.com/file/d/1hQ9B4lZrSh-H-ONaXysEbT2Lz5lTy1NP/view?usp=drivesdk,Tôi cam kết các thông tin trên là đúng sự thật
08/02/2026,lethidieu884@gmail.com,Le Thi Dieu,2251164884,23/07/2003,Nữ,1205000884,0935417608,lethidieu884@sv.tlu.edu.vn,Cơ khí,Cơ khí chế tạo,65CK1,năm 1,3.98,Hà Nội,360,,https://drive.google.com/file/d/1MEx0kE_Cnnk5f4zO6ot4fVWvQNx5BoXI/view?usp=drivesdk,Tôi cam kết các thông tin trên là đúng sự thật
08/02/2026,lethidieu885@gmail.com,Le Thi Dieu,2251164885,07/08/2006,Nữ,1205000885,0223224501,lethidieu885@sv.tlu.edu.vn,Công nghệ thông tin,Kỹ thuật phần mềm,64KTPM1,năm 2,3.81,Hà Nội,390,,https://drive.google.com/file/d/1YlFGTCtXZhtMe-FdUAe4jbRjujH2Y8vV/view?usp=drivesdk,Tôi cam kết các thông tin trên là đúng sự thật
08/02/2026,dothimai886@gmail.com,Do Thi Mai,2251164886,29/01/2005,Nữ,1205000886,0927904329,dothimai886@sv.tlu.edu.vn,Quản trị kinh doanh,Quản trị doanh nghiệp,65QTDN1,năm 1,3.38,Nghệ An,134,,https://drive.google.com/file/d/1KAo-2fUHjzbfurg40ut5v2hLFB_rAOHn/view?usp=drivesdk,Tôi cam kết các thông tin trên là đúng sự thật
08/02/2026,nguyenvanan887@gmail.com,Nguyen Van An,2251164887,22/05/2005,Nam,1205000887,0400416270,nguyenvanan887@sv.tlu.edu.vn,Cơ khí,Cơ khí chế tạo,65CK1,năm 2,3.55,Hưng Yên,161,,https://drive.google.com/file/d/1GinK4jfBj4RQvBC7CPX0Z0CAkhp8k01j/view?usp=drivesdk,Tôi cam kết các thông tin trên là đúng sự thật
08/02/2026,buithihanh888@gmail.com,Bui Thi Hanh,2251164888,05/10/2004,Nữ,1205000888,0763305847,buithihanh888@sv.tlu.edu.vn,Công nghệ thông tin,Hệ thống thông tin,64HTTT2,năm 2,2.89,Thanh Hóa,149,,https://drive.google.com/file/d/1bY3ZRSX268HZWSUgtjYyFdxXDA2413Mb/view?usp=drivesdk,Tôi cam kết các thông tin trên là đúng sự thật
08/02/2026,tranvanbinh889@gmail.com,Tran Van Binh,2251164889,05/07/2004,Nam,1205000889,0304741587,tranvanbinh889@sv.tlu.edu.vn,Quản trị kinh doanh,Quản trị doanh nghiệp,65QTDN1,năm 1,3.23,Nam Định,358,,https://drive.google.com/file/d/1j_BPY7m6x9PwwMTvLthU8iuypO3A-UEY/view?usp=drivesdk,Tôi cam kết các thông tin trên là đúng sự thật
08/02/2026,lethidieu890@gmail.com,Le Thi Dieu,2251164890,03/05/2005,Nữ,1205000890,0269719557,lethidieu890@sv.tlu.edu.vn,Quản trị kinh doanh,Quản trị doanh nghiệp,65QTDN1,năm 2,3.77,Gia Lai,298,,https://drive.google.com/file/d/1HEx6fbme8C5ZPVW9AflNJz4zgFdYB9bR/view?usp=drivesdk,Tôi cam kết các thông tin trên là đúng sự thật
08/02/2026,vuthiphuong891@gmail.com,Vu Thi Phuong,2251164891,02/11/2005,Nữ,1205000891,0241671519,vuthiphuong891@sv.tlu.edu.vn,Công nghệ thông tin,Mạng máy tính,64MMT1,năm 1,3.46,Lào Cai,210,,https://drive.google.com/file/d/1OG3qiWW7yLDH45iMEx6qjO2z-alMfF43/view?usp=drivesdk,Tôi cam kết các thông tin trên là đúng sự thật
08/02/2026,phamvancuong892@gmail.com,Pham Van Cuong,2251164892,10/05/2005,Nam,1205000892,0953290060,phamvancuong892@sv.tlu.edu.vn,Kinh tế,Kinh tế xây dựng,65KTXD1,năm 1,3.97,Gia Lai,253,,https://drive.google.com/file/d/16JmKt9yv7Br1UxHaKuU3cfV93oHtCYw4/view?usp=drivesdk,Tôi cam kết các thông tin trên là đúng sự thật
08/02/2026,buithihanh893@gmail.com,Bui Thi Hanh,2251164893,24/02/2005,Nữ,1205000893,0703979430,buithihanh893@sv.tlu.edu.vn,Công nghệ thông tin,Khoa học máy tính,64CNTT1,năm 3,3.40,Lào Cai,137,,https://drive.google.com/file/d/1BW5QL9kP49qaaNLCPJ4y3UmoQ74medaO/view?usp=drivesdk,Tôi cam kết các thông tin trên là đúng sự thật
08/02/2026,vuthiphuong894@gmail.com,Vu Thi Phuong,2251164894,21/04/2003,Nữ,1205000894,0727492515,vuthiphuong894@sv.tlu.edu.vn,Công nghệ thông tin,Trí tuệ nhân tạo,64AI1,năm 1,2.70,Nam Định,291,,https://drive.google.com/file/d/1H_m22iFhmyJYFjcmdhaEkACqudBQ9Rd4/view?usp=drivesdk,Tôi cam kết các thông tin trên là đúng sự thật
08/02/2026,dangvankhanh895@gmail.com,Dang Van Khanh,2251164895,31/12/2004,Nam,1205000895,0133400587,dangvankhanh895@sv.tlu.edu.vn,Xây dựng,Công trình thủy,65CTT1,năm 1,3.84,Hà Nội,502,,https://drive.google.com/file/d/16hBRpUlEgB52hbaLEa6t1HoJ1R9xOjmb/view?usp=drivesdk,Tôi cam kết các thông tin trên là đúng sự thật
08/02/2026,dothimai896@gmail.com,Do Thi Mai,2251164896,24/10/2006,Nữ,1205000896,0886997073,dothimai896@sv.tlu.edu.vn,Môi trường,Kỹ thuật môi trường,65MT1,năm 2,3.69,Lào Cai,152,,https://drive.google.com/file/d/1F70FUeY1b8Aa-NQBFyqzQfWk1t7_ixoI/view?usp=drivesdk,Tôi cam kết các thông tin trên là đúng sự thật
08/02/2026,phamvancuong897@gmail.com,Pham Van Cuong,2251164897,30/04/2004,Nam,1205000897,0417344165,phamvancuong897@sv.tlu.edu.vn,Môi trường,Kỹ thuật môi trường,65MT1,năm 2,2.90,Hà Nội,135,,https://drive.google.com/file/d/1wHlAi4-w7ge2lwi7TSBRxbqNofb4LKOV/view?usp=drivesdk,Tôi cam kết các thông tin trên là đúng sự thật
08/02/2026,phamvancuong898@gmail.com,Pham Van Cuong,2251164898,04/04/2005,Nam,1205000898,0596053517,phamvancuong898@sv.tlu.edu.vn,Kinh tế,Kinh tế xây dựng,65KTXD1,năm 3,3.11,Lào Cai,321,,https://drive.google.com/file/d/1CP7n89PuKtWTvkrYaGZVflGnLS5FmbIa/view?usp=drivesdk,Tôi cam kết các thông tin trên là đúng sự thật
08/02/2026,hoangvanlong899@gmail.com,Hoang Van Long,2251164899,11/11/2003,Nam,1205000899,0406357329,hoangvanlong899@sv.tlu.edu.vn,Ngôn ngữ học,Ngôn ngữ Anh,66NNA1,năm 1,3.40,Hưng Yên,495,,https://drive.google.com/file/d/1ns5J7H2Ev6nt2TgJQ7SccyWtIMdoXTXE/view?usp=drivesdk,Tôi cam kết các thông tin trên là đúng sự thật
08/02/2026,phamvancuong900@gmail.com,Pham Van Cuong,2251164900,20/06/2006,Nam,1205000900,0091066336,phamvancuong900@sv.tlu.edu.vn,Môi trường,Kỹ thuật môi trường,65MT1,năm 1,3.41,Nghệ An,350,,https://drive.google.com/file/d/1Hp4uaPpmVGgSjev7ouoS3138MtPQpv9k/view?usp=drivesdk,Tôi cam kết các thông tin trên là đúng sự thật
08/02/2026,buithihanh901@gmail.com,Bui Thi Hanh,2251164901,04/06/2006,Nữ,1205000901,0288634236,buithihanh901@sv.tlu.edu.vn,Kinh tế,Kế toán,65KT1,năm 2,3.84,Lào Cai,351,,https://drive.google.com/file/d/1649tWQXeBiEsAq76NNIn0fceyGnhapTO/view?usp=drivesdk,Tôi cam kết các thông tin trên là đúng sự thật
08/02/2026,nguyenvanan902@gmail.com,Nguyen Van An,2251164902,03/02/2004,Nam,1205000902,0946872142,nguyenvanan902@sv.tlu.edu.vn,Ngôn ngữ học,Ngôn ngữ Trung,66NNT1,năm 1,3.82,Thanh Hóa,150,,https://drive.google.com/file/d/1sKbuCft4DlMZCLAQVKJ99jVC3ROiHyQH/view?usp=drivesdk,Tôi cam kết các thông tin trên là đúng sự thật
08/02/2026,hoangvanlong903@gmail.com,Hoang Van Long,2251164903,31/10/2005,Nam,1205000903,0899345919,hoangvanlong903@sv.tlu.edu.vn,Công nghệ thông tin,Kỹ thuật phần mềm,64KTPM1,năm 1,2.70,Hà Nội,180,,https://drive.google.com/file/d/1NTEqNvFGH22ZiirrZtxo204Si_kRZdtX/view?usp=drivesdk,Tôi cam kết các thông tin trên là đúng sự thật
08/02/2026,lethidieu904@gmail.com,Le Thi Dieu,2251164904,11/10/2005,Nữ,1205000904,0872527712,lethidieu904@sv.tlu.edu.vn,Kinh tế,Kế toán,65KT1,năm 1,3.27,Gia Lai,395,,https://drive.google.com/file/d/1ykfBtQb8vb3tQA1NYBzIebA_EtV4LmZa/view?usp=drivesdk,Tôi cam kết các thông tin trên là đúng sự thật
08/02/2026,hoangvanlong905@gmail.com,Hoang Van Long,2251164905,09/07/2006,Nam,1205000905,0369656445,hoangvanlong905@sv.tlu.edu.vn,Công nghệ thông tin,Hệ thống thông tin,64HTTT2,năm 3,3.96,Gia Lai,132,,https://drive.google.com/file/d/1LkicQ1yT7bP0fUrOSnuT6axfjPa98W6M/view?usp=drivesdk,Tôi cam kết các thông tin trên là đúng sự thật
08/02/2026,ngothilan906@gmail.com,Ngo Thi Lan,2251164906,19/05/2003,Nữ,1205000906,0095597496,ngothilan906@sv.tlu.edu.vn,Kinh tế,Tài chính ngân hàng,65TCNH1,năm 1,2.65,Gia Lai,300,,https://drive.google.com/file/d/1oHPPavm4rcx4lW8djfbSExnp7dnXbvPk/view?usp=drivesdk,Tôi cam kết các thông tin trên là đúng sự thật
08/02/2026,nguyenvanan907@gmail.com,Nguyen Van An,2251164907,14/08/2003,Nam,1205000907,0761863238,nguyenvanan907@sv.tlu.edu.vn,Công nghệ thông tin,Kỹ thuật phần mềm,64KTPM1,năm 1,3.42,Nghệ An,422,,https://drive.google.com/file/d/1nHV4LoABu67tlkuYnRgROcAkosEHlEyM/view?usp=drivesdk,Tôi cam kết các thông tin trên là đúng sự thật
08/02/2026,ngothilan908@gmail.com,Ngo Thi Lan,2251164908,22/04/2003,Nữ,1205000908,0020741175,ngothilan908@sv.tlu.edu.vn,Công nghệ thông tin,Khoa học máy tính,64CNTT1,năm 3,03.04,Hưng Yên,27,,https://drive.google.com/file/d/1BZLro3_YdtycKkCzshQj6yze7yUxCJsU/view?usp=drivesdk,Tôi cam kết các thông tin trên là đúng sự thật
08/02/2026,vuthiphuong909@gmail.com,Vu Thi Phuong,2251164909,14/02/2005,Nữ,1205000909,0380982924,vuthiphuong909@sv.tlu.edu.vn,Điện – Điện tử,Kỹ thuật điện,65D1,năm 4,3.00,Lào Cai,364,,https://drive.google.com/file/d/19IdZ_Rv2BGNzmyTREfhS8tNHrB1qkVoL/view?usp=drivesdk,Tôi cam kết các thông tin trên là đúng sự thật
08/02/2026,lethidieu910@gmail.com,Le Thi Dieu,2251164910,11/01/2004,Nữ,1205000910,0395535021,lethidieu910@sv.tlu.edu.vn,Công nghệ thông tin,Kỹ thuật phần mềm,64KTPM1,năm 1,3.35,Gia Lai,455,,https://drive.google.com/file/d/1pB-KHj9ynBxbuYT6MnF6sa9wxr_CjGXu/view?usp=drivesdk,Tôi cam kết các thông tin trên là đúng sự thật
08/02/2026,vuthiphuong911@gmail.com,Vu Thi Phuong,2251164911,25/06/2004,Nữ,1205000911,0971580869,vuthiphuong911@sv.tlu.edu.vn,Công nghệ thông tin,Khoa học máy tính,64CNTT1,năm 1,3.85,Gia Lai,124,,https://drive.google.com/file/d/1hOESDfyjECiwPXPNGBDDvp9xqzrLVKam/view?usp=drivesdk,Tôi cam kết các thông tin trên là đúng sự thật
08/02/2026,dothimai912@gmail.com,Do Thi Mai,2251164912,17/11/2004,Nữ,1205000912,0151357552,dothimai912@sv.tlu.edu.vn,Môi trường,Kỹ thuật môi trường,65MT1,năm 3,3.86,Nam Định,337,,https://drive.google.com/file/d/1Nc_-pR10lsRfZmrurn2frGpYUXz0UAmu/view?usp=drivesdk,Tôi cam kết các thông tin trên là đúng sự thật
08/02/2026,tranvanbinh913@gmail.com,Tran Van Binh,2251164913,02/03/2006,Nam,1205000913,0731678839,tranvanbinh913@sv.tlu.edu.vn,Xây dựng,Kỹ thuật xây dựng,65XDD1,năm 1,3.86,Thanh Hóa,372,,https://drive.google.com/file/d/1rZWMfaxI2Tt61fIrH9z8fMSsz1yMWPq6/view?usp=drivesdk,Tôi cam kết các thông tin trên là đúng sự thật
08/02/2026,lethidieu914@gmail.com,Le Thi Dieu,2251164914,22/05/2003,Nữ,1205000914,0916058875,lethidieu914@sv.tlu.edu.vn,Công nghệ thông tin,Kỹ thuật phần mềm,64KTPM1,năm 1,3.69,Gia Lai,423,,https://drive.google.com/file/d/18WG5dl4wuywp7FYEC4FeQZ1zu1crYvfo/view?usp=drivesdk,Tôi cam kết các thông tin trên là đúng sự thật
08/02/2026,vuthiphuong915@gmail.com,Vu Thi Phuong,2251164915,08/04/2005,Nữ,1205000915,0012811512,vuthiphuong915@sv.tlu.edu.vn,Điện – Điện tử,Kỹ thuật điện,65D1,năm 3,2.10,Hưng Yên,278,,https://drive.google.com/file/d/1wO9pfHaHLnhz3kysrbFu5G2t9oSziZAS/view?usp=drivesdk,Tôi cam kết các thông tin trên là đúng sự thật
08/02/2026,phamvancuong916@gmail.com,Pham Van Cuong,2251164916,03/06/2003,Nam,1205000916,0217204649,phamvancuong916@sv.tlu.edu.vn,Xây dựng,Công trình thủy,65CTT1,năm 1,2.72,Thanh Hóa,459,,https://drive.google.com/file/d/1OhLnyrZuWzcro0rcRV5B6D5ZxTKmCeHL/view?usp=drivesdk,Tôi cam kết các thông tin trên là đúng sự thật
08/02/2026,lethidieu917@gmail.com,Le Thi Dieu,2251164917,23/05/2004,Nữ,1205000917,0196542152,lethidieu917@sv.tlu.edu.vn,Xây dựng,Kỹ thuật xây dựng,65XDD1,năm 3,3.45,Nghệ An,365,,https://drive.google.com/file/d/1zTq2YkxfknTngdv42t-SCdTDdV8qmB9W/view?usp=drivesdk,Tôi cam kết các thông tin trên là đúng sự thật
08/02/2026,vuthiphuong918@gmail.com,Vu Thi Phuong,2251164918,02/05/2004,Nữ,1205000918,0869218191,vuthiphuong918@sv.tlu.edu.vn,Xây dựng,Công trình thủy,65CTT1,năm 1,2.77,Nam Định,241,,https://drive.google.com/file/d/17g5a_6cZaVVHIaTKiqZLdTdCcG9l5YYm/view?usp=drivesdk,Tôi cam kết các thông tin trên là đúng sự thật
08/02/2026,phamvancuong919@gmail.com,Pham Van Cuong,2251164919,06/12/2006,Nam,1205000919,0839114062,phamvancuong919@sv.tlu.edu.vn,Công nghệ thông tin,Khoa học máy tính,64CNTT1,năm 1,3.84,Lào Cai,436,,https://drive.google.com/file/d/1e8ubUF3TzFgosdA30doWNrfv_0capWTj/view?usp=drivesdk,Tôi cam kết các thông tin trên là đúng sự thật
08/02/2026,ngothilan920@gmail.com,Ngo Thi Lan,2251164920,30/01/2005,Nữ,1205000920,0901860515,ngothilan920@sv.tlu.edu.vn,Xây dựng,Kỹ thuật xây dựng,65XDD1,năm 1,2.99,Hà Nội,351,,https://drive.google.com/file/d/1pVvdj_0B-p9HkKxKR7E3Ma4nj4FILiAw/view?usp=drivesdk,Tôi cam kết các thông tin trên là đúng sự thật
08/02/2026,dangvankhanh921@gmail.com,Dang Van Khanh,2251164921,29/07/2004,Nam,1205000921,0488524863,dangvankhanh921@sv.tlu.edu.vn,Công nghệ thông tin,Trí tuệ nhân tạo,64AI1,năm 4,2.87,Gia Lai,54,,https://drive.google.com/file/d/1M5CpdbcUPMBI8eE0nKsgMxzSh32r7K2q/view?usp=drivesdk,Tôi cam kết các thông tin trên là đúng sự thật
08/02/2026,dangvankhanh922@gmail.com,Dang Van Khanh,2251164922,05/11/2003,Nam,1205000922,0208766705,dangvankhanh922@sv.tlu.edu.vn,Công nghệ thông tin,Trí tuệ nhân tạo,64AI1,năm 1,2.83,Nam Định,341,,https://drive.google.com/file/d/1nEtRgzwpfwXlTlHa3sdoxXXimlP1bjHy/view?usp=drivesdk,Tôi cam kết các thông tin trên là đúng sự thật
08/02/2026,buithihanh923@gmail.com,Bui Thi Hanh,2251164923,29/09/2003,Nữ,1205000923,0120910098,buithihanh923@sv.tlu.edu.vn,Xây dựng,Công trình thủy,65CTT1,năm 3,3.19,Nghệ An,342,,https://drive.google.com/file/d/13v9VhYWMNSJZ4ujIiTtFBh_MA6PwIdvx/view?usp=drivesdk,Tôi cam kết các thông tin trên là đúng sự thật
08/02/2026,vuthiphuong924@gmail.com,Vu Thi Phuong,2251164924,08/05/2005,Nữ,1205000924,0726529021,vuthiphuong924@sv.tlu.edu.vn,Kinh tế,Kế toán,65KT1,năm 2,2.35,Thanh Hóa,532,,https://drive.google.com/file/d/1r2gp-MVuiMOWma7v559OVwlpAu1R8cFf/view?usp=drivesdk,Tôi cam kết các thông tin trên là đúng sự thật
08/02/2026,dothimai925@gmail.com,Do Thi Mai,2251164925,03/06/2004,Nữ,1205000925,0718147034,dothimai925@sv.tlu.edu.vn,Công nghệ thông tin,Trí tuệ nhân tạo,64AI1,năm 1,3.19,Gia Lai,298,,https://drive.google.com/file/d/1ezrR7pUGRMFAYUYwz8kGh0RjcW4knwit/view?usp=drivesdk,Tôi cam kết các thông tin trên là đúng sự thật
08/02/2026,dothimai926@gmail.com,Do Thi Mai,2251164926,21/03/2003,Nữ,1205000926,0394741053,dothimai926@sv.tlu.edu.vn,Cơ khí,Cơ khí chế tạo,65CK1,năm 3,3.90,Nam Định,335,,https://drive.google.com/file/d/14nJx9YIT1u3K6ELFs4qU1bUh4M1mMaQ5/view?usp=drivesdk,Tôi cam kết các thông tin trên là đúng sự thật
08/02/2026,vuthiphuong927@gmail.com,Vu Thi Phuong,2251164927,04/04/2006,Nữ,1205000927,0579904060,vuthiphuong927@sv.tlu.edu.vn,Kinh tế,Tài chính ngân hàng,65TCNH1,năm 3,2.86,Nam Định,317,,https://drive.google.com/file/d/1-ety7oOtRtOF-gwfsyeuXQ8-PQZydDDO/view?usp=drivesdk,Tôi cam kết các thông tin trên là đúng sự thật
08/02/2026,dothimai928@gmail.com,Do Thi Mai,2251164928,20/08/2006,Nữ,1205000928,0973550949,dothimai928@sv.tlu.edu.vn,Điện – Điện tử,Kỹ thuật điện,65D1,năm 2,3.57,Nghệ An,139,,https://drive.google.com/file/d/1qwqYiG5rnsvGBhD1LqDtgvdocs-_hyIu/view?usp=drivesdk,Tôi cam kết các thông tin trên là đúng sự thật
08/02/2026,lethidieu929@gmail.com,Le Thi Dieu,2251164929,04/05/2003,Nữ,1205000929,0527554687,lethidieu929@sv.tlu.edu.vn,Môi trường,Kỹ thuật môi trường,65MT1,năm 1,3.88,Lào Cai,509,,https://drive.google.com/file/d/1JTkKgheddA_aVEBeN3FBo86mg9WGcpwO/view?usp=drivesdk,Tôi cam kết các thông tin trên là đúng sự thật
08/02/2026,vuthiphuong930@gmail.com,Vu Thi Phuong,2251164930,19/04/2003,Nữ,1205000930,0212028629,vuthiphuong930@sv.tlu.edu.vn,Xây dựng,Công trình thủy,65CTT1,năm 1,3.54,Gia Lai,586,,https://drive.google.com/file/d/18Q2l31QjoKX9Z-RdEp4W64Kxd2dh59-j/view?usp=drivesdk,Tôi cam kết các thông tin trên là đúng sự thật
08/02/2026,lethidieu931@gmail.com,Le Thi Dieu,2251164931,28/08/2004,Nữ,1205000931,0445664566,lethidieu931@sv.tlu.edu.vn,Công nghệ thông tin,Mạng máy tính,64MMT1,năm 2,3.33,Hưng Yên,218,,https://drive.google.com/file/d/16FagkAXS1mC5D8bSObmxmzpr-c4-s-Fn/view?usp=drivesdk,Tôi cam kết các thông tin trên là đúng sự thật
08/02/2026,buithihanh932@gmail.com,Bui Thi Hanh,2251164932,20/12/2003,Nữ,1205000932,0950734836,buithihanh932@sv.tlu.edu.vn,Công nghệ thông tin,Khoa học máy tính,64CNTT1,năm 1,03.08,Hà Nội,341,,https://drive.google.com/file/d/1OnSf5V_rRPl7d_znxyyXxOSDeqSce8bw/view?usp=drivesdk,Tôi cam kết các thông tin trên là đúng sự thật
08/02/2026,phamvancuong933@gmail.com,Pham Van Cuong,2251164933,25/09/2003,Nam,1205000933,0747856167,phamvancuong933@sv.tlu.edu.vn,Xây dựng,Công trình thủy,65CTT1,năm 2,03.03,Nghệ An,319,,https://drive.google.com/file/d/1yO85HqqVSVJsiYiVDJQ_qyM6JEs3sCSN/view?usp=drivesdk,Tôi cam kết các thông tin trên là đúng sự thật
08/02/2026,phamvancuong934@gmail.com,Pham Van Cuong,2251164934,19/05/2004,Nam,1205000934,0382202279,phamvancuong934@sv.tlu.edu.vn,Kinh tế,Tài chính ngân hàng,65TCNH1,năm 4,3.16,Gia Lai,114,,https://drive.google.com/file/d/1EwwOON2d9bXCzsA7tM1VkOkymWMRqIkI/view?usp=drivesdk,Tôi cam kết các thông tin trên là đúng sự thật
08/02/2026,phamvancuong935@gmail.com,Pham Van Cuong,2251164935,17/11/2004,Nam,1205000935,0900079060,phamvancuong935@sv.tlu.edu.vn,Kinh tế,Kinh tế xây dựng,65KTXD1,năm 2,3.66,Nghệ An,14,,https://drive.google.com/file/d/1GUOVPrV-iFdAckStNVVUVlcZGdUm-zz1/view?usp=drivesdk,Tôi cam kết các thông tin trên là đúng sự thật
08/02/2026,hoangvanlong936@gmail.com,Hoang Van Long,2251164936,08/01/2006,Nam,1205000936,0557054227,hoangvanlong936@sv.tlu.edu.vn,Môi trường,Kỹ thuật môi trường,65MT1,năm 4,02.04,Lào Cai,97,,https://drive.google.com/file/d/12sOkvbTKEMYL508Xi8IJmpeV4Ft2jqba/view?usp=drivesdk,Tôi cam kết các thông tin trên là đúng sự thật
08/02/2026,dothimai937@gmail.com,Do Thi Mai,2251164937,06/10/2004,Nữ,1205000937,0540141063,dothimai937@sv.tlu.edu.vn,Kinh tế,Kế toán,65KT1,năm 1,2.82,Hưng Yên,419,,https://drive.google.com/file/d/1XLrebf4mFRK9NS9rPXASCGnK1q2CHacH/view?usp=drivesdk,Tôi cam kết các thông tin trên là đúng sự thật
08/02/2026,tranvanbinh938@gmail.com,Tran Van Binh,2251164938,19/09/2004,Nam,1205000938,0668318592,tranvanbinh938@sv.tlu.edu.vn,Công nghệ thông tin,Khoa học máy tính,64CNTT1,năm 2,2.88,Nghệ An,500,,https://drive.google.com/file/d/181GyetB5ekshG3pCtwu6rXqT-1U8ZP1-/view?usp=drivesdk,Tôi cam kết các thông tin trên là đúng sự thật
08/02/2026,lethidieu939@gmail.com,Le Thi Dieu,2251164939,07/05/2006,Nữ,1205000939,0552271398,lethidieu939@sv.tlu.edu.vn,Công nghệ thông tin,Mạng máy tính,64MMT1,năm 1,2.56,Hà Nội,437,,https://drive.google.com/file/d/1rhEEXWxeffgHg7Bq2WTzam9XT9En1nHy/view?usp=drivesdk,Tôi cam kết các thông tin trên là đúng sự thật
08/02/2026,phamvancuong940@gmail.com,Pham Van Cuong,2251164940,12/06/2004,Nam,1205000940,0928388406,phamvancuong940@sv.tlu.edu.vn,Công nghệ thông tin,Khoa học máy tính,64CNTT1,năm 3,3.48,Hưng Yên,339,,https://drive.google.com/file/d/10txr_ycwjEhBIY6fjRT242IMrDNh4Tv_/view?usp=drivesdk,Tôi cam kết các thông tin trên là đúng sự thật
08/02/2026,nguyenvanan941@gmail.com,Nguyen Van An,2251164941,27/06/2005,Nam,1205000941,0926600131,nguyenvanan941@sv.tlu.edu.vn,Kinh tế,Tài chính ngân hàng,65TCNH1,năm 1,2.66,Hà Nội,504,,https://drive.google.com/file/d/1jogSLIcqJvdI_IQhQIF0GUiDTj2KsM3r/view?usp=drivesdk,Tôi cam kết các thông tin trên là đúng sự thật
08/02/2026,buithihanh942@gmail.com,Bui Thi Hanh,2251164942,05/04/2004,Nữ,1205000942,0175389708,buithihanh942@sv.tlu.edu.vn,Quản trị kinh doanh,Marketing,65MKT1,năm 3,3.96,Gia Lai,248,,https://drive.google.com/file/d/1vo0A_wB_OVXNnzXzycWnCt3RWNpru5Nq/view?usp=drivesdk,Tôi cam kết các thông tin trên là đúng sự thật
08/02/2026,buithihanh943@gmail.com,Bui Thi Hanh,2251164943,09/06/2004,Nữ,1205000943,0789191915,buithihanh943@sv.tlu.edu.vn,Môi trường,Kỹ thuật môi trường,65MT1,năm 2,3.22,Lào Cai,302,,https://drive.google.com/file/d/19Ers9MIEUPE-vKTnm740VYFDtBInOTCr/view?usp=drivesdk,Tôi cam kết các thông tin trên là đúng sự thật
08/02/2026,phamvancuong944@gmail.com,Pham Van Cuong,2251164944,22/09/2006,Nam,1205000944,0057500277,phamvancuong944@sv.tlu.edu.vn,Quản trị kinh doanh,Quản trị doanh nghiệp,65QTDN1,năm 2,2.93,Gia Lai,123,,https://drive.google.com/file/d/16uGwQGVRSvVwvNwmGS12vQDJyarMaDdp/view?usp=drivesdk,Tôi cam kết các thông tin trên là đúng sự thật
08/02/2026,hoangvanlong945@gmail.com,Hoang Van Long,2251164945,21/08/2004,Nam,1205000945,0072350524,hoangvanlong945@sv.tlu.edu.vn,Công nghệ thông tin,Hệ thống thông tin,64HTTT2,năm 1,2.85,Nam Định,349,,https://drive.google.com/file/d/1jgb5nrZq7FxpHa5p4_zeipa53CQJj9TO/view?usp=drivesdk,Tôi cam kết các thông tin trên là đúng sự thật
08/02/2026,tranvanbinh946@gmail.com,Tran Van Binh,2251164946,28/09/2005,Nam,1205000946,0386330712,tranvanbinh946@sv.tlu.edu.vn,Công nghệ thông tin,Mạng máy tính,64MMT1,năm 1,2.50,Nghệ An,374,,https://drive.google.com/file/d/1-BCSLU2mR_A9pYBpgsFJz5Jiuu4N_9MV/view?usp=drivesdk,Tôi cam kết các thông tin trên là đúng sự thật
08/02/2026,buithihanh947@gmail.com,Bui Thi Hanh,2251164947,09/08/2003,Nữ,1205000947,0507151866,buithihanh947@sv.tlu.edu.vn,Quản trị kinh doanh,Marketing,65MKT1,năm 1,3.36,Gia Lai,242,,https://drive.google.com/file/d/1gab2VBpa3QvBxAZ3n5inJTWqyl1ZTKrN/view?usp=drivesdk,Tôi cam kết các thông tin trên là đúng sự thật
08/02/2026,hoangvanlong948@gmail.com,Hoang Van Long,2251164948,09/11/2003,Nam,1205000948,0331285066,hoangvanlong948@sv.tlu.edu.vn,Cơ khí,Cơ khí chế tạo,65CK1,năm 1,3.23,Hà Nội,260,,https://drive.google.com/file/d/1bvX34A-o3tMYQGn6zLp6heNcEtKRBUDz/view?usp=drivesdk,Tôi cam kết các thông tin trên là đúng sự thật
08/02/2026,dothimai949@gmail.com,Do Thi Mai,2251164949,18/03/2004,Nữ,1205000949,0203580346,dothimai949@sv.tlu.edu.vn,Ngôn ngữ học,Ngôn ngữ Anh,66NNA1,năm 2,03.06,Nam Định,283,,https://drive.google.com/file/d/17HCfszglSOh-jHRWk4i8CDtjX7xA6bFE/view?usp=drivesdk,Tôi cam kết các thông tin trên là đúng sự thật
08/02/2026,buithihanh950@gmail.com,Bui Thi Hanh,2251164950,31/07/2006,Nữ,1205000950,0789484129,buithihanh950@sv.tlu.edu.vn,Công nghệ thông tin,Khoa học máy tính,64CNTT1,năm 1,3.35,Nghệ An,469,,https://drive.google.com/file/d/1ThJJ8RP-159B5z45JFTwAdar8K-xMmv1/view?usp=drivesdk,Tôi cam kết các thông tin trên là đúng sự thật
08/02/2026,dothimai951@gmail.com,Do Thi Mai,2251164951,14/01/2003,Nữ,1205000951,0856744256,dothimai951@sv.tlu.edu.vn,Kinh tế,Kinh tế xây dựng,65KTXD1,năm 1,3.46,Gia Lai,177,,https://drive.google.com/file/d/1_rSuWQ6aiuQS2M_42Da15U2rHKbBXnPa/view?usp=drivesdk,Tôi cam kết các thông tin trên là đúng sự thật
08/02/2026,lethidieu952@gmail.com,Le Thi Dieu,2251164952,21/08/2003,Nữ,1205000952,0498591775,lethidieu952@sv.tlu.edu.vn,Kinh tế,Kế toán,65KT1,năm 1,3.24,Lào Cai,119,,https://drive.google.com/file/d/1ECNNlWUqpmyna5kwof7B6ay7918tnTQh/view?usp=drivesdk,Tôi cam kết các thông tin trên là đúng sự thật
08/02/2026,vuthiphuong953@gmail.com,Vu Thi Phuong,2251164953,09/12/2005,Nữ,1205000953,0063772366,vuthiphuong953@sv.tlu.edu.vn,Kinh tế,Kế toán,65KT1,năm 2,3.44,Gia Lai,396,,https://drive.google.com/file/d/1wW9KfwAW5UMQBYG1fWFosCK8q97ryAku/view?usp=drivesdk,Tôi cam kết các thông tin trên là đúng sự thật
08/02/2026,phamvancuong954@gmail.com,Pham Van Cuong,2251164954,15/04/2005,Nam,1205000954,0465014093,phamvancuong954@sv.tlu.edu.vn,Xây dựng,Công trình thủy,65CTT1,năm 3,3.82,Gia Lai,114,,https://drive.google.com/file/d/1u2B74IpnbdqFWawoFY3oTexuj0E6nbbW/view?usp=drivesdk,Tôi cam kết các thông tin trên là đúng sự thật
08/02/2026,nguyenvanan955@gmail.com,Nguyen Van An,2251164955,02/08/2005,Nam,1205000955,0351269039,nguyenvanan955@sv.tlu.edu.vn,Ngôn ngữ học,Ngôn ngữ Trung,66NNT1,năm 1,3.83,Lào Cai,512,,https://drive.google.com/file/d/141FqaqEgwtThByZnDQxVYMPekgRdE_m6/view?usp=drivesdk,Tôi cam kết các thông tin trên là đúng sự thật
08/02/2026,hoangvanlong956@gmail.com,Hoang Van Long,2251164956,17/10/2004,Nam,1205000956,0052980837,hoangvanlong956@sv.tlu.edu.vn,Môi trường,Kỹ thuật môi trường,65MT1,năm 1,3.86,Nam Định,500,,https://drive.google.com/file/d/1Wx2fr-VsX_SOa5WY2P2Y0MXjWfdmeSjp/view?usp=drivesdk,Tôi cam kết các thông tin trên là đúng sự thật
08/02/2026,nguyenvanan957@gmail.com,Nguyen Van An,2251164957,23/01/2004,Nam,1205000957,0426248055,nguyenvanan957@sv.tlu.edu.vn,Công nghệ thông tin,Hệ thống thông tin,64HTTT2,năm 1,3.77,Nghệ An,287,,https://drive.google.com/file/d/1dUOuDJG8H2U4Dn7GEAbJ4UBLFxArWsK4/view?usp=drivesdk,Tôi cam kết các thông tin trên là đúng sự thật
08/02/2026,nguyenvanan958@gmail.com,Nguyen Van An,2251164958,11/05/2004,Nam,1205000958,0432254325,nguyenvanan958@sv.tlu.edu.vn,Quản trị kinh doanh,Quản trị doanh nghiệp,65QTDN1,năm 1,2.60,Hà Nội,529,,https://drive.google.com/file/d/1WccKow4lbdZhV2ONxyo-RbaBIk94-p0e/view?usp=drivesdk,Tôi cam kết các thông tin trên là đúng sự thật
08/02/2026,hoangvanlong959@gmail.com,Hoang Van Long,2251164959,27/04/2006,Nam,1205000959,0724947941,hoangvanlong959@sv.tlu.edu.vn,Kinh tế,Kinh tế xây dựng,65KTXD1,năm 1,3.21,Lào Cai,400,,https://drive.google.com/file/d/1CTmWQwTGvSEVe9_X1CG8UHyRD9S7LHaY/view?usp=drivesdk,Tôi cam kết các thông tin trên là đúng sự thật
08/02/2026,buithihanh960@gmail.com,Bui Thi Hanh,2251164960,25/09/2003,Nữ,1205000960,0139064398,buithihanh960@sv.tlu.edu.vn,Kinh tế,Kế toán,65KT1,năm 2,3.52,Thanh Hóa,232,,https://drive.google.com/file/d/1Jc78pF7UqeQsmzcpAeJRJ9a1_6pUzlYN/view?usp=drivesdk,Tôi cam kết các thông tin trên là đúng sự thật
08/02/2026,buithihanh961@gmail.com,Bui Thi Hanh,2251164961,22/09/2005,Nữ,1205000961,0576316078,buithihanh961@sv.tlu.edu.vn,Ngôn ngữ học,Ngôn ngữ Trung,66NNT1,năm 1,3.20,Gia Lai,308,,https://drive.google.com/file/d/1vBGWrumnM-hGyo8K5dlUamY81bm3aYU5/view?usp=drivesdk,Tôi cam kết các thông tin trên là đúng sự thật
08/02/2026,ngothilan962@gmail.com,Ngo Thi Lan,2251164962,13/04/2003,Nữ,1205000962,0961097038,ngothilan962@sv.tlu.edu.vn,Công nghệ thông tin,Hệ thống thông tin,64HTTT2,năm 1,2.75,Nghệ An,494,,https://drive.google.com/file/d/1fxHcO7Kl6LwQo3GECANikFNR3K2C_kl9/view?usp=drivesdk,Tôi cam kết các thông tin trên là đúng sự thật
08/02/2026,ngothilan963@gmail.com,Ngo Thi Lan,2251164963,17/08/2006,Nữ,1205000963,0625465706,ngothilan963@sv.tlu.edu.vn,Cơ khí,Cơ khí chế tạo,65CK1,năm 3,3.68,Hưng Yên,8,,https://drive.google.com/file/d/1UCrFZ5m5ppSkqdu02gWKsSWiKUOBRh1f/view?usp=drivesdk,Tôi cam kết các thông tin trên là đúng sự thật
08/02/2026,lethidieu964@gmail.com,Le Thi Dieu,2251164964,26/09/2005,Nữ,1205000964,0994024144,lethidieu964@sv.tlu.edu.vn,Công nghệ thông tin,Kỹ thuật phần mềm,64KTPM1,năm 1,3.76,Nghệ An,219,,https://drive.google.com/file/d/1oyLaUpi4pHlSLzepBm-Mm5wDa_F_US73/view?usp=drivesdk,Tôi cam kết các thông tin trên là đúng sự thật
08/02/2026,nguyenvanan965@gmail.com,Nguyen Van An,2251164965,23/11/2004,Nam,1205000965,0584887864,nguyenvanan965@sv.tlu.edu.vn,Ngôn ngữ học,Ngôn ngữ Anh,66NNA1,năm 2,3.78,Thanh Hóa,182,,https://drive.google.com/file/d/1lqPw1gtgkYlfy8TgM0FAh3xDgNwQVIbG/view?usp=drivesdk,Tôi cam kết các thông tin trên là đúng sự thật
08/02/2026,hoangvanlong966@gmail.com,Hoang Van Long,2251164966,23/07/2003,Nam,1205000966,0720348685,hoangvanlong966@sv.tlu.edu.vn,Xây dựng,Công trình thủy,65CTT1,năm 1,2.67,Thanh Hóa,392,,https://drive.google.com/file/d/1l0kULQPk3Qre8MzLoZUDCxQuX_dVjbaH/view?usp=drivesdk,Tôi cam kết các thông tin trên là đúng sự thật
08/02/2026,lethidieu967@gmail.com,Le Thi Dieu,2251164967,08/12/2006,Nữ,1205000967,0158912872,lethidieu967@sv.tlu.edu.vn,Cơ khí,Cơ khí chế tạo,65CK1,năm 1,3.29,Nam Định,328,,https://drive.google.com/file/d/1ibB8cmjr8b_wxNY0-soO4iPzZKLTEvDq/view?usp=drivesdk,Tôi cam kết các thông tin trên là đúng sự thật
08/02/2026,buithihanh968@gmail.com,Bui Thi Hanh,2251164968,10/06/2003,Nữ,1205000968,0072625673,buithihanh968@sv.tlu.edu.vn,Điện – Điện tử,Kỹ thuật điện,65D1,năm 1,03.04,Nam Định,218,,https://drive.google.com/file/d/1LrcRHsDHdAffYyl5cFRgAJon3S06pppf/view?usp=drivesdk,Tôi cam kết các thông tin trên là đúng sự thật
08/02/2026,dothimai969@gmail.com,Do Thi Mai,2251164969,09/11/2004,Nữ,1205000969,0574513904,dothimai969@sv.tlu.edu.vn,Cơ khí,Cơ khí chế tạo,65CK1,năm 1,2.85,Gia Lai,410,,https://drive.google.com/file/d/1G5Xbr_NF8U5Z28xt0RvKFgjUTtmkL0K9/view?usp=drivesdk,Tôi cam kết các thông tin trên là đúng sự thật
08/02/2026,nguyenvanan970@gmail.com,Nguyen Van An,2251164970,10/04/2004,Nam,1205000970,0201692023,nguyenvanan970@sv.tlu.edu.vn,Công nghệ thông tin,Hệ thống thông tin,64HTTT2,năm 2,3.96,Gia Lai,192,,https://drive.google.com/file/d/1bVzPj4_5XjcgZM3Xa9vkTuC1qRVg9H_l/view?usp=drivesdk,Tôi cam kết các thông tin trên là đúng sự thật
08/02/2026,nguyenvanan971@gmail.com,Nguyen Van An,2251164971,20/01/2006,Nam,1205000971,0545968540,nguyenvanan971@sv.tlu.edu.vn,Ngôn ngữ học,Ngôn ngữ Anh,66NNA1,năm 1,2.74,Thanh Hóa,479,,https://drive.google.com/file/d/1cgZx9mBBKedxqfPl-35nOMV4QtXdIUjZ/view?usp=drivesdk,Tôi cam kết các thông tin trên là đúng sự thật
08/02/2026,ngothilan972@gmail.com,Ngo Thi Lan,2251164972,09/03/2003,Nữ,1205000972,0226876927,ngothilan972@sv.tlu.edu.vn,Công nghệ thông tin,Mạng máy tính,64MMT1,năm 3,02.09,Hà Nội,398,,https://drive.google.com/file/d/16tFKlK9mcBn7KGLK4Sj8kcjzNU1pC83H/view?usp=drivesdk,Tôi cam kết các thông tin trên là đúng sự thật
08/02/2026,nguyenvanan973@gmail.com,Nguyen Van An,2251164973,26/08/2004,Nam,1205000973,0611868563,nguyenvanan973@sv.tlu.edu.vn,Môi trường,Kỹ thuật môi trường,65MT1,năm 4,3.92,Thanh Hóa,13,,https://drive.google.com/file/d/1zwgcBk-CAZkddA-vZocA6Zmcnf5bABKC/view?usp=drivesdk,Tôi cam kết các thông tin trên là đúng sự thật
08/02/2026,dangvankhanh974@gmail.com,Dang Van Khanh,2251164974,21/06/2005,Nam,1205000974,0605857705,dangvankhanh974@sv.tlu.edu.vn,Kinh tế,Kinh tế xây dựng,65KTXD1,năm 1,03.08,Thanh Hóa,525,,https://drive.google.com/file/d/1j1mFaUGwNsW2N3qxQi3vfXWMYw800DJw/view?usp=drivesdk,Tôi cam kết các thông tin trên là đúng sự thật
08/02/2026,buithihanh975@gmail.com,Bui Thi Hanh,2251164975,08/01/2004,Nữ,1205000975,0777001861,buithihanh975@sv.tlu.edu.vn,Xây dựng,Công trình thủy,65CTT1,năm 4,3.74,Thanh Hóa,214,,https://drive.google.com/file/d/1DSF2BqXXAqPl5tPahfk4ZCuU2Q7Ndct-/view?usp=drivesdk,Tôi cam kết các thông tin trên là đúng sự thật
08/02/2026,hoangvanlong976@gmail.com,Hoang Van Long,2251164976,18/11/2005,Nam,1205000976,0069896399,hoangvanlong976@sv.tlu.edu.vn,Quản trị kinh doanh,Marketing,65MKT1,năm 1,3.21,Thanh Hóa,121,,https://drive.google.com/file/d/17rE2grEnVmFB93I1EUMCHdGaJGFo8Igz/view?usp=drivesdk,Tôi cam kết các thông tin trên là đúng sự thật
08/02/2026,phamvancuong977@gmail.com,Pham Van Cuong,2251164977,11/03/2005,Nam,1205000977,0291286555,phamvancuong977@sv.tlu.edu.vn,Cơ khí,Cơ khí chế tạo,65CK1,năm 1,3.44,Nghệ An,197,,https://drive.google.com/file/d/1PKZT_VA_RwhFTQZBrt3fk8XzsE1g_ERR/view?usp=drivesdk,Tôi cam kết các thông tin trên là đúng sự thật
08/02/2026,vuthiphuong978@gmail.com,Vu Thi Phuong,2251164978,07/02/2003,Nữ,1205000978,0749874982,vuthiphuong978@sv.tlu.edu.vn,Quản trị kinh doanh,Marketing,65MKT1,năm 1,3.86,Thanh Hóa,569,,https://drive.google.com/file/d/1Z_5J9ZRXSuVj0ZYNF7Z6wrD5N_Q3g20V/view?usp=drivesdk,Tôi cam kết các thông tin trên là đúng sự thật
08/02/2026,hoangvanlong979@gmail.com,Hoang Van Long,2251164979,12/01/2003,Nam,1205000979,0714445949,hoangvanlong979@sv.tlu.edu.vn,Công nghệ thông tin,Hệ thống thông tin,64HTTT2,năm 1,2.62,Nghệ An,497,,https://drive.google.com/file/d/1s3I6x2NYzRD1WEcYj-onBAYl3BPL1Vv-/view?usp=drivesdk,Tôi cam kết các thông tin trên là đúng sự thật
08/02/2026,dothimai980@gmail.com,Do Thi Mai,2251164980,12/03/2006,Nữ,1205000980,0862189558,dothimai980@sv.tlu.edu.vn,Công nghệ thông tin,Trí tuệ nhân tạo,64AI1,năm 1,3.19,Nam Định,141,,https://drive.google.com/file/d/1AtCRER6ZkFm0UdpAU-NKdYCU_XJauOHi/view?usp=drivesdk,Tôi cam kết các thông tin trên là đúng sự thật
08/02/2026,ngothilan981@gmail.com,Ngo Thi Lan,2251164981,31/08/2005,Nữ,1205000981,0612220593,ngothilan981@sv.tlu.edu.vn,Quản trị kinh doanh,Marketing,65MKT1,năm 1,2.88,Gia Lai,307,,https://drive.google.com/file/d/1WQPXYbdI-c9RsBYTZ8tPxNc_7d_yWoqU/view?usp=drivesdk,Tôi cam kết các thông tin trên là đúng sự thật
08/02/2026,lethidieu982@gmail.com,Le Thi Dieu,2251164982,22/01/2003,Nữ,1205000982,0893986570,lethidieu982@sv.tlu.edu.vn,Ngôn ngữ học,Ngôn ngữ Trung,66NNT1,năm 1,3.20,Thanh Hóa,372,,https://drive.google.com/file/d/18aVj1t0DBZZzgqkyZe5nwgMfz6CvsdWP/view?usp=drivesdk,Tôi cam kết các thông tin trên là đúng sự thật
08/02/2026,hoangvanlong983@gmail.com,Hoang Van Long,2251164983,24/10/2005,Nam,1205000983,0394371517,hoangvanlong983@sv.tlu.edu.vn,Xây dựng,Kỹ thuật xây dựng,65XDD1,năm 1,3.77,Hà Nội,192,,https://drive.google.com/file/d/1yZO5OYmIc_z1HYWjQZZ0fOkVU8CwFJaW/view?usp=drivesdk,Tôi cam kết các thông tin trên là đúng sự thật
08/02/2026,nguyenvanan984@gmail.com,Nguyen Van An,2251164984,02/10/2006,Nam,1205000984,0698879517,nguyenvanan984@sv.tlu.edu.vn,Điện – Điện tử,Kỹ thuật điện,65D1,năm 2,3.24,Gia Lai,253,,https://drive.google.com/file/d/1Jnn4mvrW96p3PLN5d9xIihG4XCfKOZlZ/view?usp=drivesdk,Tôi cam kết các thông tin trên là đúng sự thật
08/02/2026,phamvancuong985@gmail.com,Pham Van Cuong,2251164985,09/02/2005,Nam,1205000985,0182131051,phamvancuong985@sv.tlu.edu.vn,Công nghệ thông tin,Khoa học máy tính,64CNTT1,năm 1,3.60,Lào Cai,558,,https://drive.google.com/file/d/1552lD8K5Sxm99_PRmNNtHIUATHQ-wi5V/view?usp=drivesdk,Tôi cam kết các thông tin trên là đúng sự thật
08/02/2026,dangvankhanh986@gmail.com,Dang Van Khanh,2251164986,28/04/2005,Nam,1205000986,0566629428,dangvankhanh986@sv.tlu.edu.vn,Quản trị kinh doanh,Marketing,65MKT1,năm 4,3.36,Nghệ An,27,,https://drive.google.com/file/d/1dFg_1wbYgvD3QV93aD_EXpfuuAy9eIOb/view?usp=drivesdk,Tôi cam kết các thông tin trên là đúng sự thật
08/02/2026,lethidieu987@gmail.com,Le Thi Dieu,2251164987,08/09/2003,Nữ,1205000987,0727861898,lethidieu987@sv.tlu.edu.vn,Công nghệ thông tin,Trí tuệ nhân tạo,64AI1,năm 3,3.48,Thanh Hóa,65,,https://drive.google.com/file/d/1B2j56ifGsKb1KHMEPsGPcXU8H9aNCkx3/view?usp=drivesdk,Tôi cam kết các thông tin trên là đúng sự thật
08/02/2026,hoangvanlong988@gmail.com,Hoang Van Long,2251164988,30/04/2005,Nam,1205000988,0936023675,hoangvanlong988@sv.tlu.edu.vn,Môi trường,Kỹ thuật môi trường,65MT1,năm 4,2.12,Nghệ An,192,,https://drive.google.com/file/d/1i-3I-z3dYjchYJKE1gRnTheaeE1DMD-k/view?usp=drivesdk,Tôi cam kết các thông tin trên là đúng sự thật
08/02/2026,buithihanh989@gmail.com,Bui Thi Hanh,2251164989,18/09/2004,Nữ,1205000989,0690551860,buithihanh989@sv.tlu.edu.vn,Ngôn ngữ học,Ngôn ngữ Trung,66NNT1,năm 3,3.29,Hưng Yên,386,,https://drive.google.com/file/d/1fQ8Bm9gBkSUxauuZDEzJSsSAygxi9epT/view?usp=drivesdk,Tôi cam kết các thông tin trên là đúng sự thật
08/02/2026,ngothilan990@gmail.com,Ngo Thi Lan,2251164990,28/12/2004,Nữ,1205000990,0082193671,ngothilan990@sv.tlu.edu.vn,Điện – Điện tử,Kỹ thuật điện,65D1,năm 1,3.97,Thanh Hóa,379,,https://drive.google.com/file/d/1EFmcpekrKauEUb1WDjpNu2bPVLXP0MQc/view?usp=drivesdk,Tôi cam kết các thông tin trên là đúng sự thật
08/02/2026,vuthiphuong991@gmail.com,Vu Thi Phuong,2251164991,09/11/2003,Nữ,1205000991,0093554711,vuthiphuong991@sv.tlu.edu.vn,Công nghệ thông tin,Khoa học máy tính,64CNTT1,năm 4,3.23,Nghệ An,302,,https://drive.google.com/file/d/17_8nXhofPmfrkFfn0Ih3S33Y62wc41fo/view?usp=drivesdk,Tôi cam kết các thông tin trên là đúng sự thật
08/02/2026,dothimai992@gmail.com,Do Thi Mai,2251164992,31/12/2003,Nữ,1205000992,0328421448,dothimai992@sv.tlu.edu.vn,Xây dựng,Công trình thủy,65CTT1,năm 1,3.42,Nam Định,249,,https://drive.google.com/file/d/1Wg-FF3yXFnJHoMIYtBjFtpWVkSxMQE89/view?usp=drivesdk,Tôi cam kết các thông tin trên là đúng sự thật
08/02/2026,phamvancuong993@gmail.com,Pham Van Cuong,2251164993,18/01/2006,Nam,1205000993,0969463798,phamvancuong993@sv.tlu.edu.vn,Công nghệ thông tin,Khoa học máy tính,64CNTT1,năm 3,3.84,Nghệ An,358,,https://drive.google.com/file/d/1AmktszlhvhcscxhWHGovgDS20PP0uTLB/view?usp=drivesdk,Tôi cam kết các thông tin trên là đúng sự thật
08/02/2026,buithihanh994@gmail.com,Bui Thi Hanh,2251164994,21/07/2003,Nữ,1205000994,0417902910,buithihanh994@sv.tlu.edu.vn,Kinh tế,Tài chính ngân hàng,65TCNH1,năm 1,2.93,Hưng Yên,339,,https://drive.google.com/file/d/1_Fo9ZOX9nxmlOy3Ymt9hWm3VRRg7bz-y/view?usp=drivesdk,Tôi cam kết các thông tin trên là đúng sự thật
08/02/2026,dothimai995@gmail.com,Do Thi Mai,2251164995,10/04/2003,Nữ,1205000995,0386541631,dothimai995@sv.tlu.edu.vn,Công nghệ thông tin,Hệ thống thông tin,64HTTT2,năm 1,3.34,Hà Nội,242,,https://drive.google.com/file/d/1ZM4dz9B0cYlnHUB2PM3g6LMdNy-W8VTC/view?usp=drivesdk,Tôi cam kết các thông tin trên là đúng sự thật
08/02/2026,buithihanh996@gmail.com,Bui Thi Hanh,2251164996,19/12/2004,Nữ,1205000996,0944394962,buithihanh996@sv.tlu.edu.vn,Cơ khí,Cơ khí chế tạo,65CK1,năm 1,2.90,Nghệ An,399,,https://drive.google.com/file/d/1_Mo74a2xgpeHERcIMxBidREeRHj4qJN0/view?usp=drivesdk,Tôi cam kết các thông tin trên là đúng sự thật
08/02/2026,nguyenvanan997@gmail.com,Nguyen Van An,2251164997,13/05/2004,Nam,1205000997,0127174907,nguyenvanan997@sv.tlu.edu.vn,Công nghệ thông tin,Hệ thống thông tin,64HTTT2,năm 3,3.44,Hưng Yên,46,,https://drive.google.com/file/d/1WvGuzxl6k6m6wD_dmGHnUmBEm-0nhNwZ/view?usp=drivesdk,Tôi cam kết các thông tin trên là đúng sự thật
08/02/2026,nguyenvanan998@gmail.com,Nguyen Van An,2251164998,21/01/2004,Nam,1205000998,0193080872,nguyenvanan998@sv.tlu.edu.vn,Ngôn ngữ học,Ngôn ngữ Trung,66NNT1,năm 4,3.66,Lào Cai,64,,https://drive.google.com/file/d/1D-ubIqI1brszWCF_qGJfniC8qhYIrXmV/view?usp=drivesdk,Tôi cam kết các thông tin trên là đúng sự thật
08/02/2026,phamvancuong999@gmail.com,Pham Van Cuong,2251164999,10/10/2005,Nam,1205000999,0902090709,phamvancuong999@sv.tlu.edu.vn,Ngôn ngữ học,Ngôn ngữ Anh,66NNA1,năm 3,2.11,Thanh Hóa,246,,https://drive.google.com/file/d/1jUDMDzVHwJG5JxYTXte31T1x4v7eiHS1/view?usp=drivesdk,Tôi cam kết các thông tin trên là đúng sự thật
08/02/2026,dothimai1000@gmail.com,Do Thi Mai,2251165000,16/09/2003,Nữ,1205001000,0477617167,dothimai1000@sv.tlu.edu.vn,Xây dựng,Kỹ thuật xây dựng,65XDD1,năm 3,2.73,Nam Định,555,,https://drive.google.com/file/d/1TmDwOIU1fBX0-AtNA8IIM0qHZsqE6-LV/view?usp=drivesdk,Tôi cam kết các thông tin trên là đúng sự thật
08/02/2026,son1@gmail.com,Xuan Son 1,2251165001,17/09/2003,Nam,1105001001,0477617168,son1@sv.tlu.edu.vn,Xây dựng,Kỹ thuật xây dựng,65XDD1,năm 3,2.73,Nam Định,555,Hộ nghèo cận nghèo,https://drive.google.com/file/d/1HCCDQICdgRtisY6QYyftskbGtCF3xifg/view?usp=drive_link,Tôi cam kết các thông tin trên là đúng sự thật
08/02/2026,son2@gmail.com,Xuan Son 2,2251165002,17/09/2003,Nam,1105001002,0477617168,son2@sv.tlu.edu.vn,Xây dựng,Kỹ thuật xây dựng,65XDD1,năm 3,2.73,Nam Định,555,Con thương binh liệt sỹ,https://drive.google.com/file/d/1MSTTCMaG5brNCXDVho0XJIzF5Ri9RKzX/view?usp=drive_link,Tôi cam kết các thông tin trên là đúng sự thật
08/02/2026,son3@gmail.com,Xuan Son 1,2251165003,17/09/2003,Nữ,1105001003,0477617168,son3@sv.tlu.edu.vn,Xây dựng,Kỹ thuật xây dựng,65XDD1,năm 3,2.73,Nam Định,555,Du học sinh,https://drive.google.com/file/d/1bn31LPk9LKW32yZLbmnB69DcehOTEkKl/view?usp=drive_link,Tôi cam kết các thông tin trên là đúng sự thật
08/02/2026,son4@gmail.com,Xuan Son 2,2251165004,17/09/2003,Nam,1105001004,0477617168,son4@sv.tlu.edu.vn,Xây dựng,Kỹ thuật xây dựng,65XDD1,năm 3,2.73,Nam Định,555,Khuyết tật,https://drive.google.com/file/d/1IYUalZhvjoeI_Gd4nb15tVGQipKTkaRU/view?usp=drive_link,Tôi cam kết các thông tin trên là đúng sự thật